index,filename,preprocess_ms,host_to_device_ms,inference_ms,postprocess_ms,output_to_cpu_ms,processing_total_ms,deadline_missed,num_detections
1,0001003.png,0.9917079951264895,0.2667840017238632,14.628713994170539,0.3685749979922548,0.06686800043098629,16.368648000934627,0,5
2,0001020.png,1.0911989957094193,0.23035499907564372,13.60990600369405,0.3832020011032,0.06480099546024576,15.432369000336621,0,1
3,0001023.png,1.1085660007665865,0.224938994506374,13.549231000069994,0.34230700111947954,0.06540899630635977,15.338631004851777,0,7
4,0001031.png,1.1013410039595328,0.2462880001985468,13.690608000615612,0.4522820017882623,0.07245600136229768,15.613748000760097,0,4
5,0001043.png,1.1020579986507073,0.3185539972037077,14.099141000770032,0.3517580043990165,0.06454899994423613,15.97605699498672,0,4
6,0001047.png,1.074116000381764,0.23664400214329362,13.661682001838926,0.34716600202955306,0.062296996475197375,15.434411994647235,0,6
7,0001052.png,0.8649380033602938,0.22153199824970216,13.536828999349382,0.33518700365675613,0.06476999988080934,15.07194899750175,0,11
8,0001053.png,0.826734998554457,0.22173999605001882,14.29969599848846,0.36541699955705553,0.06680299702566117,15.822280998690985,0,5
9,0001054.png,0.8918410021578893,0.2314970042789355,13.277368001581635,0.3242739985580556,0.058254998293705285,14.833961002295837,0,1
10,0001060.png,0.807363998319488,0.20411900186445564,13.250696996692568,0.35725400084629655,0.06377799581969157,14.720183004101273,0,2
11,0001068.png,0.8654600023874082,0.22955100575927645,13.236897000751924,0.3758930033654906,0.06440599827328697,14.819144998909906,0,5
12,0001071.png,0.8580229987273924,0.23847199918236583,13.97231400187593,0.3703719994518906,0.06279700028244406,15.5414360051509,0,3
13,0001072.png,0.8698410019860603,0.26544999855104834,13.680140997166745,0.3640380018623546,0.06354500510497019,15.284241002518684,0,3
14,0001073.png,0.9220279971486889,0.2681460027815774,13.860229999409057,0.35316900175530463,0.06363099964801222,15.511037003307138,0,9
15,0001074.png,0.7994240004336461,0.2312400029040873,14.241074000892695,0.4089639987796545,0.06880499859107658,15.793462000146974,0,1
16,0001083.png,0.8801160001894459,0.25567199918441474,14.061485999263823,0.3702019967022352,0.06722800026182085,15.678812000260223,0,4
17,0001085.png,0.9058089999598451,0.24140800087479874,14.233927002351265,0.4644430009648204,0.09177700121654198,15.984933001163881,0,3
18,0001086.png,0.9383120050188154,0.3210869981558062,14.287846999650355,0.35624900192487985,0.06392200157279149,16.020647002733313,0,12
19,0001088.png,0.854867001180537,0.22842300677439198,13.463466995744966,0.3600160052883439,0.06797999958507717,15.035720003652386,0,1
20,0002015.png,0.8872510006767698,0.22561200603377074,13.252775999717414,0.3630919964052737,0.06618699990212917,14.844801000435837,0,3
21,0002037.png,0.9802339991438203,0.2516310050850734,13.854518998414278,0.3855420000036247,0.08412000170210376,15.608686000632588,0,2
22,0002040.png,0.9881649966700934,0.23683699691900983,13.696383997739758,0.3580169941415079,0.06436300463974476,15.396718001284171,0,2
23,0002043.png,1.0264410011586733,0.27140699967276305,14.162778003083076,0.3698539949255064,0.06617100007133558,15.948250002111308,0,1
24,0002045.png,0.9824899971135892,0.23473599867429584,13.44077199610183,0.345603002642747,0.0622060033492744,15.117342001758516,0,8
25,0002046.png,0.9490680022281595,0.22034599533071741,13.204543000028934,0.35906700213672593,0.06547900557052344,14.848967002762947,0,3
26,0002049.png,0.9846130051300861,0.23586000315845013,14.148728005238809,0.3599199990276247,0.0662989987176843,15.845874004298821,0,9
27,0002061.png,0.871876000019256,0.2358839992666617,13.363846999709494,0.35788600507657975,0.06325700087472796,14.944412003387697,0,19
28,0002065.png,0.898377998964861,0.23860600049374625,13.926054998592008,0.4474159941310063,0.07753300451440737,15.631005000614095,0,6
29,0002075.png,0.9474120015511289,0.28358200506772846,16.913018997001927,0.39611499960301444,0.06686399865429848,18.663304996152874,0,4
30,00030001.png,0.926781001908239,0.2746379977907054,16.802016994915903,0.4399980025482364,0.08059800165938213,18.582031996629667,0,15
31,00030004.png,1.0393630000180565,0.31033300183480605,16.215973999351263,0.43607200495898724,0.08029599848669022,18.143339002563152,0,1
32,00030006.png,1.074074003554415,0.31917700107442215,16.38485400326317,0.4195419969619252,0.07641199772479013,18.333915002585854,0,4
33,00030015.png,1.295540998398792,0.41627099562902004,14.82663799833972,0.39546699554193765,0.06743099947925657,17.08681500167586,0,5
34,00030016.png,0.9363719946122728,0.27065900212619454,13.695898000150919,0.41391300328541547,0.06975100404815748,15.437408001162112,0,7
35,00030017.png,0.9605279992683791,0.25493499560980126,13.838797000062186,0.3854349997709505,0.06880599539726973,15.563351000309922,0,1
36,0006002.png,1.0182149999309331,0.25539899797877297,13.628759996208828,0.3803100044024177,0.06490400119218975,15.392611996503547,0,7
37,0006013.png,0.9972529951483011,0.23507599689764902,13.761791997239925,0.7412289996864274,0.11372099834261462,15.896208002232015,0,19
38,0008009.png,0.796271997387521,0.31827099883230403,19.941079001000617,0.3531179972924292,0.057962999562732875,21.504178999748547,0,6
39,0008034.png,0.8581509973737411,0.23151300410972908,13.562836997152772,0.37903700285824016,0.06395400123437867,15.139449998969212,0,3
40,0009007.png,0.9886020052363165,0.2309299961780198,13.947514999017585,0.35767100052908063,0.06566700176335871,15.646416999516077,0,3
41,0009020.png,0.9548710004310124,0.23666899505769834,13.695939000172075,0.35464000393403694,0.06015800317982212,15.354446004494093,0,5
42,0009028.png,0.977265000983607,0.2397110001766123,13.99814700562274,0.3624820019467734,0.06363200373016298,15.69548599945847,0,3
43,0009029.png,1.01520300086122,0.22509600239573047,12.916097002744209,0.3640930008259602,0.06533799751196057,14.636342995800078,0,1
44,0009030.png,0.9256659977836534,0.21973099501337856,13.154189997294452,0.3474609984550625,0.0613349984632805,14.748374000191689,0,7
45,0009032.png,0.8652799951960333,0.23539399990113452,13.677565002581105,0.38761599716963246,0.06361999840009958,15.274671000952367,0,11
46,0009036.png,0.8377400008612312,0.2613120013847947,13.621911995869596,0.35521999961929396,0.06263799878070131,15.185657997790258,0,22
47,0009045.png,1.046204000886064,0.22011099645169452,13.001177998376079,0.35269300133222714,0.0653669994790107,14.737607998540625,0,4
48,0009053.png,1.069347999873571,0.2215610002167523,13.309404996107332,0.368989996786695,0.06512900290545076,15.085432001797017,0,16
49,0011005.png,0.9561309998389333,0.2507820026949048,13.237099003163166,0.3641099974629469,0.06357600068440661,14.92419200076256,0,11
50,0011006.png,0.861847001942806,0.23298700398299843,14.673601996037178,0.39827699947636575,0.10306699550710618,16.313069994794205,0,6
51,0011014.png,1.0120689985342324,0.29459200595738366,17.246458999579772,0.45968500489834696,0.08488999446853995,19.153991997882258,0,8
52,0011016.png,1.0813139961101115,0.29100399842718616,19.13364799838746,0.6012070007272996,0.07903599907876924,21.25220299785724,0,10
53,0011022.png,1.1256930010858923,0.2726239981711842,14.464022002357524,0.38710499939043075,0.07293900125660002,16.376146995753516,0,9
54,0011025.png,0.9943389959516935,0.256607003393583,14.814259993727319,0.3971640035160817,0.06884600588819012,16.58646400028374,0,10
55,0011026.png,0.9359440009575337,0.22692399943480268,13.37469500140287,0.49468199722468853,0.0741159965400584,15.178196998022031,0,8
56,0011031.png,0.9234249955625273,0.2586310001788661,13.633916998514906,0.36856200313195586,0.25593300233595073,15.483422997931484,0,2
57,0011034.png,1.0916030005319044,0.3359359980095178,13.356289004150312,0.3305300051579252,0.12008499470539391,15.399218995298725,0,16
58,0011036.png,1.2301239985390566,0.31361100263893604,13.332155001990031,0.3254730036132969,0.05897099617868662,15.319882004405372,0,19
59,0012002.png,1.2149289977969602,0.3639290007413365,13.711528001294937,0.3381629940122366,0.0615820026723668,15.76834900333779,0,2
60,0012003.png,1.1189389988430776,0.30065600003581494,13.733092993788887,0.5094760053907521,0.08184400212485343,15.803905000211671,0,4
61,0012005.png,1.1295539952698164,0.27801800024462864,13.539002000470646,0.3497500001685694,0.06243700045160949,15.409512998303398,0,4
62,0012006.png,0.9018619966809638,0.22976599575486034,13.096167996991426,0.3335779983899556,0.08416299533564597,14.695281999593135,0,16
63,0012008.png,0.9980280010495335,0.27421100094215944,13.415055997029413,0.3424539972911589,0.05714800499845296,15.136364003410563,0,10
64,0012011.png,0.9230330033460632,0.2413889960735105,13.56618200225057,0.35138199746143073,0.059986996348015964,15.185591000772547,0,5
65,0013002.png,0.9138640016317368,0.23593399964738637,12.861094997788314,0.3276069983257912,0.06539899914059788,14.453541996772401,0,1
66,0013003.png,0.6875039980513975,0.21551599638769403,12.971996002306696,0.37955199513817206,0.06240000220714137,14.354330000060145,0,4
67,0013008.png,0.8159799981513061,0.2213159968960099,13.995342000271194,0.3942719995393418,0.06649400165770203,15.535632999672089,0,4
68,0013012.png,0.8527230020263232,0.218131004658062,13.597798999398947,0.3591540007619187,0.06366699381032959,15.131430998735595,0,5
69,0013021.png,0.9070329979294911,0.24072199448710307,13.405072000750806,0.36655199801316485,0.0743489945307374,15.04155599832302,0,4
70,0014011.png,1.008106002700515,0.2340889986953698,13.395681002293713,0.3462549939285964,0.05928499740548432,15.083931000845041,0,2
71,0014017.png,0.9282809987780638,0.2244850038550794,13.130367995472625,0.3487839931040071,0.06286199641181156,14.739511003426742,0,3
72,0014020.png,0.8946679954533465,0.21898099657846615,13.38588900398463,0.3788319954765029,0.07104999531293288,14.989101997343823,0,4
73,0014023.png,0.9495809936197475,0.26941999385599047,13.95397799933562,0.3620169954956509,0.06218600174179301,15.651711997634266,0,3
74,0014029.png,0.9006209947983734,0.27043699810747057,13.462515002174769,0.5233940028119832,0.07053700392134488,15.269097006239463,0,5
75,0015004.png,1.003433993901126,0.2524820010876283,13.616928998089861,0.38671200309181586,0.06323900015559047,15.372151996416505,0,8
76,0015006.png,0.8235819987021387,0.26217199774691835,13.224066999100614,0.36042700230609626,0.06151999696157873,14.779088000068441,0,30
77,0015013.png,0.9606790044927038,0.26256300043314695,13.111815998854581,0.37816999974893406,0.06233600288396701,14.818932999332901,0,8
78,0016002.png,0.8100130071397871,0.23250700178323314,14.137555997876916,0.37434000114444643,0.06585999653907493,15.657661999284755,0,6
79,0016006.png,0.93117499636719,0.23380399943562225,14.787743995839264,0.36795400228584185,0.06440899596782401,16.43607599544339,0,4
80,0016007.png,0.8890850003808737,0.23194800451165065,13.632472000608686,0.3531339971232228,0.05880700337002054,15.215909996186383,0,8
81,0016009.png,0.8565329990233295,0.222183000005316,13.73994300229242,0.3814930023509078,0.07155899947974831,15.31277200410841,0,8
82,0016014.png,0.9558489982737228,0.2714669972192496,15.100910000910517,0.38377800228772685,0.07196799560915679,16.833915004099254,0,6
83,0016015.png,0.8027279982343316,0.25526100216666237,13.812377001158893,0.35172699426766485,0.06446400220738724,15.329852998547722,0,4
84,0016017.png,0.8482530029141344,0.22417199943447486,13.397033995715901,0.3318650051369332,0.061607999668922275,14.91454399365466,0,4
85,0020006.png,0.9501390013610944,0.2131489964085631,13.373460002185311,0.3438400017330423,0.06322299304883927,14.980752996052615,0,9
86,0022008.png,0.9859900019364432,0.23302400222746655,13.297479999891948,0.3962640039389953,0.06338600360322744,15.024453998194076,0,15
87,0022010.png,0.9234190001734532,0.2570139986346476,13.431318002403714,0.3619470007834025,0.061843995354138315,15.078320997417904,0,8
88,0022030.png,1.001172000542283,0.23935100034577772,13.384874997427687,0.3301530014141463,0.060637001297436655,15.060195000842214,0,5
89,0022039.png,0.8841740054776892,0.22320100106298923,13.448022997181397,0.36524100141832605,0.06671000301139429,15.03365899407072,0,7
90,0023007.png,0.955873001657892,0.2452489934512414,13.158373003534507,0.36765600088983774,0.07166399882407859,14.841650001471862,0,6
91,0023014.png,1.056072003848385,0.21969999943394214,13.033180999627803,0.3690470039146021,0.07272200309671462,14.79628800007049,0,3
92,0024022.png,0.9870810026768595,0.2831659949151799,13.657997005793732,0.378063996322453,0.07062499935273081,15.42146599967964,0,6
93,0024038.png,0.9181060013361275,0.2575819962657988,13.55247699393658,0.3629610000643879,0.06678999488940462,15.204340001218952,0,35
94,0024047.png,0.9610900015104562,0.26022100064437836,13.504356000339612,0.3957699955208227,0.07176899816840887,15.24532799521694,0,17
95,0024054.png,0.9811889976845123,0.2704740036278963,13.676536000275519,0.3486519999569282,0.06343300628941506,15.39328700164333,0,7
96,0024061.png,1.1013440016540699,0.2596159974928014,13.372488996537868,0.40706699655856937,0.07618399831699207,15.267735005181748,0,11
97,0025003.png,1.0745190011220984,0.37678599619539455,13.837389000400435,0.375887997506652,0.06974099960643798,15.78446700295899,0,11
98,0025006.png,1.1406260018702596,0.2718209943850525,13.67098699847702,0.3597489994717762,0.06568400567630306,15.55421400553314,0,6
99,0025013.png,0.961785000981763,0.2598610008135438,13.431097999273334,0.3777660022024065,0.06695200136164203,15.147783000429627,0,4
100,0025016.png,0.9128700039582327,0.28064400248695165,13.64529799320735,0.37561899807769805,0.09112199768424034,15.350095003668685,0,10
101,0025017.png,0.9600850025890395,0.3208170019206591,14.089899996179156,0.3606309983297251,0.06469800428021699,15.842895001696888,0,9
102,0025024.png,0.9880740035441704,0.2799040012178011,13.435151995508932,0.34968899853993207,0.06410599598893896,15.167155004746746,0,9
103,0025034.png,0.8876060019247234,0.24729000142542645,13.061630001175217,0.3457489947322756,0.06308499723672867,14.646037001512013,0,9
104,0026005.png,1.0964399989461526,0.27824100106954575,14.128099996014498,0.3932530016754754,0.07069199637044221,16.01474299968686,0,12
105,0026012.png,1.0744140017777681,0.2706519953790121,14.491103000182193,0.34778800181811675,0.06571699486812577,16.30377500259783,0,14
106,0026013.png,1.104501003283076,0.27590300305746496,14.350494006066583,0.37351799983298406,0.06492900138255209,16.2254809984006,0,14
107,0100017.png,0.9551410039421171,0.2538379994803108,13.783834998321254,0.3685460033011623,0.06919599400134757,15.47339099488454,0,11
108,0100021.png,0.99758300348185,0.2705189981497824,13.867216999642551,0.37945000076433644,0.06139399920357391,15.617233999364544,0,7
109,0100022.png,0.9667310005170293,0.25132799783023074,13.142406998667866,0.35304599441587925,0.05788199632661417,14.813080000749324,0,15
110,0100030.png,0.9407079996890388,0.25233100313926116,13.458872002956923,0.35639500129036605,0.0624169988441281,15.117081005882937,0,4
111,0100041.png,0.9127049997914582,0.254020000284072,13.242446002550423,0.36443899443838745,0.0667610001983121,14.892825995048042,0,4
112,0100056.png,0.9391540006618015,0.24867399770300835,12.753515002259519,0.334513999405317,0.06153400317998603,14.376202001585625,0,2
113,0100057.png,0.9249409995391034,0.2492319981683977,14.391431999683846,0.44871999853057787,0.0755440050852485,16.137972997967154,0,2
114,0100059.png,1.0068439951282926,0.2703970021684654,16.20412999909604,0.3834410017589107,0.07318500138353556,17.99123900127597,0,6
115,0100067.png,0.8527550016879104,0.26181100110989064,13.787445001071319,0.36137500137556344,0.06200799543876201,15.370695997262374,0,4
116,0100073.png,0.915003998670727,0.26227299531456083,13.750489000813104,0.37309800245566294,0.06476799899246544,15.415449001011439,0,4
117,0100074.png,0.8830149963614531,0.2863909976440482,13.332866001292132,0.35602600109996274,0.06273799954215065,14.962693996494636,0,4
118,0100075.png,0.9088799997698516,0.2717850002227351,15.399429998069536,0.49994599976344034,0.095290997705888,17.225541996594984,0,4
119,0100083.png,1.1365600003045984,0.4035140009364113,16.85920599993551,0.38307499926304445,0.06720800593029708,18.936701999336947,0,4
120,0101008.png,1.0806520003825426,0.27390300238039345,13.697251997655258,0.35011400177609175,0.06253999890759587,15.506990996073,0,7
121,0101018.png,1.0742329977802,0.26963200070895255,13.587307003035676,0.36048000038135797,0.06224400567589328,15.406391001306474,0,6
122,0101020.png,1.0533090026001446,0.2660490063135512,13.412938002147712,0.37448600050993264,0.06603899964829907,15.226267001708038,0,7
123,0101022.png,1.060618000337854,0.27619100001174957,13.474338004016317,0.35271100205136463,0.06037799903424457,15.287993002857547,0,3
124,0101032.png,0.9248219939763658,0.2567189949331805,13.221196000813507,0.3632890002336353,0.06481500167865306,14.888849000271875,0,1
125,0101056.png,1.1500900000100955,0.27179199969395995,13.592458999482915,0.37407100171549246,0.0641530059510842,15.503567999985535,0,6
126,0101058.png,1.0143709951080382,0.25066500529646873,16.234837006777525,0.41021699871635064,0.07854800060158595,18.03393200680148,0,2
127,0101071.png,0.9911890010698698,0.31030899845063686,14.419206003367435,0.396353003452532,0.06877799751237035,16.231526002229657,0,2
128,0101072.png,1.114416001655627,0.4268019984010607,15.621149002981838,0.3880240037688054,0.06497299909824505,17.699559997709002,0,5
129,0102006.png,1.2951490061823279,0.4384970015962608,14.90788799856091,0.40992499998537824,0.07070200081216171,17.205374002514873,0,2
130,0102007.png,1.0992649986292236,0.2826709969667718,14.096350998443086,0.43239099613856524,0.07176199869718403,16.040389993577264,0,2
131,0102010.png,1.158500999736134,0.36217399610904977,13.808709998556878,0.3616720059653744,0.0601559950155206,15.802560999873094,0,2
132,0102016.png,0.9305710045737214,0.2363480016356334,13.782462003291585,0.3983140049967915,0.06384400330716744,15.453214997251052,0,1
133,0102020.png,0.9313679984188639,0.266376999206841,15.099139003723394,0.6376739984261803,0.10481000208528712,17.081406003853772,0,2
134,0102025.png,0.9775119979167357,0.3381400019861758,19.023410997760948,0.3688430006150156,0.06317799852695316,20.820689998799935,0,4
135,0102032.png,1.0508189952815883,0.2602219974505715,13.35694999579573,0.34028500522254035,0.06276500062085688,15.11562099767616,0,1
136,0102033.png,1.063668001734186,0.24611200205981731,13.668568004504777,0.3750260002561845,0.08399599755648524,15.486051997868344,0,4
137,0102040.png,1.0791439999593422,0.27446600142866373,14.587281999411061,0.389572000131011,0.0669250002829358,16.44537700485671,0,1
138,0102041.png,1.0791839958983473,0.23376299941446632,13.934640999650583,0.3718349980772473,0.061758997617289424,15.724030003184453,0,2
139,0102050.png,0.9241400039172731,0.2629209993756376,13.4228280003299,0.3406819960218854,0.06273600592976436,15.05756400001701,0,2
140,0103013.png,0.9458339991397224,0.257119994785171,13.083980004012119,0.3627199985203333,0.058250996517017484,14.757281998754479,0,2
141,0103016.png,0.9497730061411858,0.24598300660727546,13.550609000958502,0.3516849974403158,0.061047998315189034,15.205410003545694,0,1
142,0103018.png,0.9185689996229485,0.25489200197625905,14.244478996261023,0.3741349937627092,0.08656299905851483,15.92857299692696,0,1
143,0103026.png,1.1444380070315674,0.2943030049209483,14.01749799697427,0.35199600097257644,0.0641250007902272,15.92185600020457,0,2
144,0103028.png,1.0409089954919182,0.250770004640799,13.436631998047233,0.35039799695368856,0.06355000368785113,15.188514000328723,0,1
145,0103036.png,0.9542990010231733,0.25080700288526714,13.595623000583146,0.4258519984432496,0.07779600127832964,15.355528004874941,0,3
146,0103042.png,1.1299580000923015,0.37909200182184577,13.483820999681484,0.3602880024118349,0.07480900239897892,15.47939900046913,0,2
147,0104011.png,1.0135050033568405,0.2725869999267161,13.284433996886946,0.3344669967191294,0.06003599992254749,15.008638001745567,0,4
148,0104012.png,1.001526994514279,0.24278400087496266,12.981831998331472,0.35854500310961157,0.06288000440690666,14.69205399916973,0,4
149,0104013.png,0.9612879948690534,0.2623609980219044,13.797178995446302,0.366319996828679,0.0665299958200194,15.503217997320462,0,2
150,0104016.png,0.8926310038077645,0.2810180012602359,14.500846998998895,0.3826870015473105,0.06886700430186465,16.179530997760594,0,4
151,0104020.png,0.9779749962035567,0.2865599963115528,13.718736001465004,0.387238003895618,0.07014299626462162,15.48787699721288,0,6
152,0104040.png,0.9422229995834641,0.24268700508400798,13.522358000045642,0.3564450016710907,0.06109300011303276,15.16590200481005,0,1
153,0104042.png,1.1540759951458313,0.34111599961761385,13.254174002213404,0.3486460045678541,0.06122799823060632,15.217064996249974,0,2
154,0104043.png,1.0299310015398078,0.2546899995650165,13.159258000086993,0.3394089944777079,0.06194199522724375,14.893432999087963,0,1
155,0105001.png,0.9719770023366436,0.26773599529406056,13.097164999635424,0.37094200524734333,0.062171995523385704,14.810685999691486,0,3
156,0105002.png,0.9624869999242947,0.248151998675894,14.053610000701156,0.36817900399910286,0.06479599687736481,15.738766996946651,0,9
157,0105007.png,0.9923830002662726,0.2807260025292635,13.493441998434719,0.3615550012909807,0.0624169988441281,15.236948995152488,0,5
158,0105010.png,1.0048089970950969,0.2667939988896251,13.866861001588404,0.3963109993492253,0.09985499491449445,15.684713005612139,0,5
159,0105014.png,1.0248640028294176,0.31843300530454144,14.303228999779094,0.3900360024999827,0.07110200385795906,16.160253995622043,0,5
160,0105017.png,1.154837998910807,0.2723680008784868,13.790513999992982,0.3616760004661046,0.06363500142470002,15.699848001531791,0,1
161,0105026.png,0.9421699942322448,0.2719109979807399,13.422249001450837,0.3284900012658909,0.0603400039835833,15.066655003465712,0,4
162,0105029.png,0.9461720037506893,0.2627780049806461,13.271900999825448,0.3594390000216663,0.06476199632743374,14.94602100137854,0,3
163,0105034.png,1.0039460030384362,0.2572390003479086,13.315452000824735,0.34316800156375393,0.06461599696194753,15.024070999061223,0,4
164,0105040.png,0.9455759936827235,0.25828399520833045,13.341876001504716,0.256690000242088,0.02761199721135199,14.878645997669082,0,0
165,0106006.png,1.0004140058299527,0.25182099489029497,13.131074003467802,0.37532299757003784,0.06530399696202949,14.875253997161053,0,1
166,0106007.png,0.9421510039828718,0.25820699374889955,13.622551996377297,0.3857179981423542,0.07239299884531647,15.323001993237995,0,5
167,0106008.png,1.1811739968834445,0.3686860000016168,14.508844004012644,0.43922699842369184,0.07515600009355694,16.635330001008697,0,8
168,0106012.png,1.1535480007296428,0.30329600122058764,13.567114001489244,0.39016200025798753,0.08380800136364996,15.557324004475959,0,3
169,0106014.png,1.0371860043960623,0.26937299844576046,13.966929000162054,0.36140799784334376,0.06739899981766939,15.753414998471271,0,1
170,0106016.png,1.0835459979716688,0.25753599766176194,13.405060999502894,0.34571300056995824,0.06253399624256417,15.208573997369967,0,2
171,0106021.png,1.0429519970784895,0.28051900153514,13.0241759979981,0.3487430003588088,0.06269800360314548,14.802514997427352,0,2
172,0107008.png,0.8988589979708195,0.26789199910126626,12.829992003389634,0.38239199784584343,0.06401299469871446,14.490460998786148,0,3
173,0107025.png,0.9790850017452613,0.26962399715557694,14.425414003198966,0.4674699957831763,0.09096800204133615,16.283495002426207,0,2
174,0107030.png,1.0320010042050853,0.27879200206371024,18.79548699798761,0.4480110001168214,0.07810399984009564,20.68892800161848,0,1
175,0108001.png,0.93818899767939,0.2668770030140877,26.33367700036615,0.6828799960203469,0.10782000026665628,28.38299700670177,0,2
176,0108008.png,0.8605080001871102,0.3297680013929494,18.74189499358181,0.3674359977594577,0.06701600068481639,20.412411002325825,0,1
177,0108014.png,0.9531160030746832,0.2625639972393401,26.33994999632705,0.6548259989358485,0.11102299322374165,28.37472800456453,0,2
178,0108015.png,1.0143510007765144,0.4221929993946105,29.303643997991458,0.6697719945805147,0.11307199747534469,31.57699200528441,0,2
179,0108021.png,0.8540950002497993,0.33828799496404827,25.485194993962068,0.398071002564393,0.07037800241960213,27.188528001715895,0,2
180,0108023.png,0.8206639977288432,0.27613800193648785,13.61347900092369,0.377934004063718,0.09039099677465856,15.223767004499678,0,1
181,0108026.png,0.967893996858038,0.29721399914706126,13.597740995464846,0.37687100120820105,0.06680699880234897,15.34976300172275,0,2
182,0108028.png,1.028325998049695,0.2902209962485358,13.665202997799497,0.3780900005949661,0.0663780010654591,15.47806299640797,0,1
183,0108033.png,0.8942550048232079,0.27715499891201034,13.578713995229919,0.4162420009379275,0.06804599979659542,15.27812200220069,0,2
184,0108035.png,0.8523870055796579,0.2575820035417564,13.829032999638002,0.5988630000501871,0.07458800246240571,15.65387099981308,0,1
185,0108041.png,0.9572739945724607,0.264043002971448,14.155839002341963,0.37653499748557806,0.07151099998736754,15.874074997554999,0,1
186,0200006.png,0.747066005715169,0.2646349967108108,14.41427000099793,0.443181001173798,0.09260899969376624,16.01142199797323,0,4
187,0200008.png,0.8678950034664012,0.2787550038192421,15.469586003746372,0.36137899587629363,0.0675169940222986,17.087226995499805,0,1
188,0200010.png,0.8202009994420223,0.25075099983951077,13.394449000770692,0.3207560002920218,0.07871200068620965,14.917877000698354,0,5
189,0200012.png,0.7305570034077391,0.23873600002843887,12.761285994201899,0.33784400147851557,0.061175000155344605,14.165117005177308,0,2
190,0200016.png,0.7451720011886209,0.24396899971179664,12.81849999941187,0.3482669999357313,0.06571300036739558,14.264962999732234,0,2
191,0200025.png,0.7042890065349638,0.2357519988436252,13.047814994934015,0.3292600013082847,0.06389099871739745,14.427294001507107,0,1
192,0200028.png,0.77773100201739,0.24026100436458364,12.837613001465797,0.32081999961519614,0.06656899495283142,14.286682999227196,0,8
193,0200031.png,0.8881499961717054,0.5377100023906678,13.874778000172228,0.44934600009582937,0.07568799628643319,15.882766005233862,0,1
194,0200032.png,0.8168220010702498,0.2662530023371801,13.428831000055652,0.346676999470219,0.06276700150920078,14.968247000069823,0,1
195,0200036.png,0.9641699944040738,0.2843180045601912,14.709217997733504,0.39591099630342796,0.06801199924666435,16.477558005135506,0,1
196,0201005.png,0.9241880034096539,0.2602500026114285,15.871864998189267,0.4690460045821965,0.12600799527717754,17.713236004055943,0,1
197,0201007.png,0.9416390021215193,0.2600309962872416,13.435534994641785,0.35935900086769834,0.06784599827369675,15.113125002244487,0,1
198,0201019.png,0.817552994703874,0.28425899654394016,14.412897995498497,0.41919900104403496,0.08008300210349262,16.068606004409958,0,1
199,0202003.png,0.9074920017155819,0.2940220001619309,15.061853999213781,0.461527997686062,0.09643699740990996,16.87614800175652,0,1
200,0202005.png,0.8938219980336726,0.31328300246968865,13.95196000521537,0.3848729975288734,0.06979200406931341,15.66444899799535,0,2
201,0202014.png,0.8721720005269162,0.27600800240179524,13.859765997040085,0.3482980027911253,0.06223699892871082,15.459652000572532,0,1
202,0203001.png,0.8841700037010014,0.2451109976391308,13.898741999582853,0.4070810027769767,0.07126800483092666,15.55194099637447,0,3
203,0203007.png,0.8539819973520935,0.319033999403473,13.978553004562855,0.35478600329952314,0.06360199768096209,15.62324500264367,0,2
204,0203008.png,0.818690998130478,0.26113600324606523,12.917125000967644,0.3427539995755069,0.05943200085312128,14.441004001128022,0,1
205,0203009.png,0.768119003623724,0.2334789969609119,12.610234996827785,0.35836099414154887,0.059368998336140066,14.073302001634147,0,2
206,0203010.png,0.7576240022899583,0.26289100060239434,12.96349499898497,0.3797310055233538,0.06697699427604675,14.47506600379711,0,2
207,0203012.png,0.9181500063277781,0.2736270034802146,13.062292004178744,0.3604619996622205,0.06192900036694482,14.72496099449927,0,3
208,0203015.png,0.8898880041670054,0.2802099988912232,14.195996001944877,0.4177759983576834,0.07093199383234605,15.901088998361956,0,9
209,0203016.png,0.7954679967951961,0.27090400544693694,13.92416099406546,0.36479299888014793,0.06539499736391008,15.468998004507739,0,3
210,0203020.png,0.7056659960653633,0.2572210069047287,13.269894996483345,0.47379099851241335,0.07711299986112863,14.822248005657457,0,1
211,0203021.png,0.8381379957427271,0.28381700394675136,13.590141999884509,0.335279997671023,0.05759600026067346,15.154252003412694,0,2
212,0204002.png,0.8356629987247288,0.2840859960997477,13.621729005535599,0.3720880049513653,0.06465200567618012,15.22391100297682,0,1
213,0204018.png,0.8460079989163205,0.2920059996540658,12.950773001648486,0.3568359970813617,0.061489001382142305,14.559073999407701,0,2
214,0204020.png,0.7527179986936972,0.29489400185411796,13.671752996742725,0.3883150056935847,0.0652210001135245,15.239965003274847,0,2
215,0204023.png,0.7343299948843196,0.2608599970699288,13.749623001785949,0.364601997716818,0.06229800055734813,15.21444899844937,0,5
216,0205001.png,0.8282899943878874,0.24717199994483963,17.010522999044042,0.4516990011325106,0.0752099949750118,18.66101000632625,0,3
217,0205002.png,0.7447690004482865,0.29275399720063433,17.02862000092864,0.3622899967012927,0.06478700379375368,18.53749000292737,0,2
218,0205011.png,0.8401739978580736,0.2713030044105835,14.852474996587262,0.37356000393629074,0.06394799856934696,16.451518997200765,0,3
219,0400002.png,0.9340239994344302,0.2403109974693507,13.616088996059261,0.363070001185406,0.06478000432252884,15.266499001882039,0,3
220,0400024.png,0.9591409980203025,0.2457469963701442,13.680911004485097,0.34667999716475606,0.062419996538665146,15.343836996180471,0,2
221,0400025.png,0.9233240052708425,0.23779900220688432,13.651611996465363,0.37710800097556785,0.06490600208053365,15.30743700277526,0,2
222,0400027.png,0.9384880031575449,0.271787001111079,13.624935992993414,0.3707430005306378,0.06429200584534556,15.319644000555854,0,6
223,0400028.png,0.915652999537997,0.22783300664741546,13.28603000001749,0.3381119968253188,0.06388100155163556,14.875642998958938,0,4
224,0400036.png,0.9162330024992116,0.2783390009426512,13.614602001325693,0.3699469962157309,0.06769899482605979,15.293547003238928,0,1
225,0401014.png,0.8538670008420013,0.3506659995764494,13.269131995912176,0.39238099998328835,0.06800799746997654,14.982804997998755,0,12
226,0401015.png,0.7708210032433271,0.2632969990372658,13.377591996686533,0.4541119997156784,0.07284800085471943,14.978001003328245,0,1
227,0401029.png,0.8727849999559112,0.24809699971228838,13.335591000213753,0.343321000400465,0.06337800004985183,14.906335993146058,0,3
228,0401031.png,0.9562269988236949,0.3413500016904436,13.973075001558755,0.5290990011417307,0.07506700058002025,15.934142997139134,0,2
229,0401035.png,1.0136940036318265,0.2852529942174442,13.587494002422318,0.6116320000728592,0.0682339959894307,15.612271999998484,0,1
230,0401039.png,1.0113729949807748,0.2726160018937662,13.252192999061663,0.5267010055831634,0.0905780034372583,15.196495005511679,0,2
231,0401040.png,0.9024960017995909,0.2664679996087216,25.476449998677708,0.6701520032947883,0.10726199980126694,27.461721998406574,0,3
232,0401045.png,0.9287310022045858,0.31938399479258806,14.422398999158759,0.3534089992172085,0.062320999859366566,16.131644995766692,0,1
233,0401075.png,0.9289709996664897,0.24829400354065,13.077371004328597,0.3513100018608384,0.06303199916146696,14.717348996782675,0,12
234,0402005.png,0.8271159967989661,0.2598889986984432,13.254158999188803,0.3493050026008859,0.06112499977461994,14.79208000091603,0,1
235,0402006.png,0.8505080040777102,0.2533130027586594,16.235078001045622,0.3953080013161525,0.06909299554536119,17.851010998128913,0,3
236,0402014.png,0.802554000983946,0.34637199860299006,13.657876996148843,0.3543619968695566,0.06746099825249985,15.272343000106048,0,15
237,0402017.png,0.8922799970605411,0.24968099751276895,13.687192003999371,0.34181299997726455,0.06378500256687403,15.27536899811821,0,4
238,0402018.png,0.9290159941883758,0.2407649953966029,13.65437799540814,0.3536060030455701,0.06525999924633652,15.290907002054155,0,3
239,0402019.png,0.909203001356218,0.2586519985925406,13.861815001291689,0.3602049982873723,0.06704599945805967,15.498150001803879,0,2
240,0402022.png,0.9511450043646619,0.24318699433933944,14.896339002007153,0.33934300154214725,0.0609660055488348,16.543322999496013,0,5
241,0402023.png,1.179722006781958,0.2999400021508336,13.770901998213958,0.35930400190409273,0.0673220056341961,15.73650100181112,0,1
242,0402028.png,1.2071259989170358,0.42003199632745236,13.426388002699241,0.3527689987095073,0.061370003095362335,15.527755000221077,0,5
243,0402032.png,1.1454359992058016,0.3219249992980622,13.20104900514707,0.3439760039327666,0.060291000409051776,15.131027001189068,0,5
244,0403009.png,0.8765090024098754,0.27005599986296147,13.721173003432341,0.3868339990731329,0.06323799607343972,15.356216994405258,0,3
245,0403012.png,0.8368880007765256,0.26314299611840397,13.811969001835678,0.38482300442410633,0.06363500142470002,15.402203003759496,0,5
246,0403017.png,0.7864880026318133,0.2566379989730194,13.49137700162828,0.3335350047564134,0.06220799696166068,14.972745004342869,0,1
247,0403020.png,0.8282050039269961,0.24282399681396782,13.828012000885792,0.36014700162922964,0.06227199628483504,15.362227997684386,0,3
248,0403023.png,0.787224002124276,0.2836739949998446,13.354032002098393,0.3609389968914911,0.06298199878074229,14.908825003658421,0,2
249,0403030.png,0.7864950021030381,0.2608039940241724,13.475570005539339,0.3665530020953156,0.06136799493106082,14.989670999057125,0,1
250,0403032.png,0.8076180019997992,0.28762800502590835,15.924217994324863,0.3516040014801547,0.05946199962636456,17.476084998634178,0,3
251,0403035.png,0.942036000196822,0.23928200243972242,13.667357998201624,0.3444320027483627,0.06340400432236493,15.310101996874437,0,1
252,0403036.png,0.9258529971702956,0.2641160026541911,14.48196899582399,0.44559699745150283,0.07976200140547007,16.2471609946806,0,1
253,0403037.png,1.040107999870088,0.526151001395192,14.052078004169744,0.35153199860360473,0.06369800394168124,16.103477006254252,0,2
254,0403045.png,1.1432590035838075,0.2930230039055459,13.493726000888273,0.37810699723195285,0.061877995904069394,15.428236001753248,0,8
255,0403046.png,0.9697819987195544,0.31472999398829415,13.622568003484048,0.3656389962998219,0.06580700573977083,15.393814996059518,0,1
256,0403051.png,0.8225669953390025,0.37723399873357266,13.460688998748083,0.36994800029788166,0.06571999983862042,15.143345000979025,0,6
257,0404005.png,0.8324399968842044,0.2797109991661273,14.120052001089789,0.27486999897519127,0.028732996725011617,15.576764999423176,0,0
258,0404014.png,0.9228519993484952,0.33120599982794374,13.449663005303591,0.38055400364100933,0.06702099926769733,15.204593000817113,0,1
259,0404018.png,0.9003809973364696,0.2811880040098913,13.209949996962678,0.3449300056672655,0.06364000000758097,14.841108000837266,0,2
260,0404025.png,0.9929590014507994,0.2459960014675744,13.440570000966545,0.3824460000032559,0.06417500117095187,15.172899002209306,0,5
261,0404026.png,0.930406000406947,0.2461139956722036,13.089574000332505,0.3430579963605851,0.06192299770191312,14.723079999384936,0,2
262,0404029.png,0.8585339965065941,0.255362996540498,13.342391997866798,0.3736889993888326,0.06501999450847507,14.943475995096378,0,1
263,0404032.png,0.8479509997414425,0.2439880045130849,14.314855994598474,0.3584419973776676,0.08850700396578759,15.895750002528075,0,3
264,0404034.png,0.9089330051210709,0.24120000307448208,32.468917001097,0.7841069964342751,0.13611999747809023,34.58218199375551,1,2
265,0404043.png,0.929042995267082,0.3296100039733574,33.389607997378334,0.7532419986091554,0.12171099660918117,35.57135900337016,1,2
266,0404044.png,0.9501940003247,0.3365180018590763,20.90551199944457,0.39181800093501806,0.06221500370884314,22.693329003232066,0,2
267,0404049.png,0.7883309954195283,0.24209299590438604,13.901040998462122,0.3386410025996156,0.060407997807487845,15.36871500138659,0,2
268,06000003.png,0.8118250043480657,0.2505610027583316,14.121446998615284,0.3689229997689836,0.06520700117107481,15.657782001653686,0,2
269,06000014.png,0.9276790005969815,0.23483500262955204,13.624646999232937,0.3670519945444539,0.0638249985058792,15.267726994352415,0,4
270,06000019.png,0.9061929958988912,0.2699699980439618,14.368214993737638,0.3751719996216707,0.06541499897139147,16.03806600178359,0,6
271,06000022.png,1.1070330001530237,0.2568079944467172,13.956401999166701,0.3710629971465096,0.06801599374739453,15.812024001206737,0,3
272,06000023.png,0.9568680034135468,0.26516400248510763,13.828392002324108,0.35825500526698306,0.06195799505803734,15.520567001658492,0,2
273,06000029.png,0.8153899980243295,0.2619090009829961,26.681301998905838,0.6737739968230017,0.09740699897520244,28.57893900363706,0,2
274,06000044.png,0.7969479993334971,0.309768998704385,28.83549600664992,0.6541319962707348,0.11550199997145683,30.754682993574534,0,9
275,06000053.png,0.8571459984523244,0.3282859979663044,24.456298000586685,0.41271999361924827,0.06695500633213669,26.17164900584612,0,16
276,06000063.png,1.037697002175264,0.25013699632836506,13.729543003137223,0.36207999801263213,0.06187599501572549,15.491703001316637,0,3
277,06000077.png,0.9311659960076213,0.2534529994591139,13.249399999040179,0.354006995621603,0.06250700243981555,14.900916998158209,0,2
278,06000093.png,0.9520740059087984,0.24768699950072914,16.724667999369558,0.6464469988713972,0.10270500206388533,18.721617001574486,0,5
279,06000094.png,0.8538890033378266,0.3262919999542646,29.339394000999164,0.7363469994743355,0.1026070021907799,31.406250003783498,0,3
280,06010001.png,0.8828499994706362,0.3227050037821755,25.299305998487398,0.3712539983098395,0.06487100472440943,26.98755000164965,0,3
281,06010015.png,0.8624449983472005,0.26583099679555744,14.276442998379935,0.44928699935553595,0.0740530012990348,15.976354006852489,0,4
282,06010017.png,0.8795429966994561,0.2788679994409904,17.256744002224877,0.3720259992405772,0.06464200123446062,18.90507100324612,0,3
283,06010018.png,0.8691269977134652,0.24613099958514795,14.209496999683324,0.4027780014439486,0.08662699838168919,15.85425999655854,0,23
284,06010022.png,0.8401950035477057,0.26408499979879707,14.425820998440031,0.37117800093255937,0.07373599510174245,16.019003000110388,0,1
285,06010026.png,0.8397780038649216,0.24224100343417376,15.289878996554762,0.3734700003406033,0.0675309929647483,16.859975999977905,0,2
286,06010028.png,0.876188998518046,0.2885229987441562,13.48324200080242,0.3915609995601699,0.06502700125565752,15.14921700436389,0,5
287,06010030.png,0.7888690015533939,0.26949200400849804,14.03785800357582,0.37817999691469595,0.06587399548152462,15.579221995722037,0,2
288,06010032.png,1.0209479951299727,0.26457900094101205,13.77780699840514,0.3659939975477755,0.06407000182662159,15.544936002697796,0,3
289,06010035.png,0.9140679976553656,0.26219600113108754,13.452072002110071,0.3223080057068728,0.05551700451178476,15.052447000925895,0,5
290,06010039.png,0.8512989952578209,0.23291200341191143,13.391088003118057,0.32666599872754887,0.05609700019704178,14.895694999722764,0,6
291,0800006.png,0.9192309953505173,0.23198499548016116,13.283856998896226,0.3621750001912005,0.0591509960941039,14.899019995937124,0,1
292,0800007.png,0.8786249964032322,0.24480600404785946,13.829096998961177,0.36257699684938416,0.06534400017699227,15.428343001985922,0,7
293,0800008.png,0.9075479974853806,0.2715899972827174,13.414638000540435,0.3573949943529442,0.06653499440290034,15.069451997987926,0,2
294,0800011.png,0.8915520011214539,0.26196499675279483,13.970239000627771,0.3895939953508787,0.06541100447066128,15.626374995918013,0,4
295,0800012.png,0.9439490022487007,0.2725000013015233,14.451272996666376,0.44210800115251914,0.083660997916013,16.239477998169605,0,3
296,0800018.png,0.9428159974049777,0.3803120052907616,15.615017000527587,0.541716995940078,0.08462400001008064,17.638015997363254,0,3
297,0800019.png,1.0258850015816279,0.2622819956741296,13.71467299759388,0.339359998179134,0.05686400254489854,15.449983002326917,0,5
298,0800026.png,0.9609900007490069,0.2667090011527762,13.972396001918241,0.3783939973800443,0.06689900328638032,15.694937996158842,0,5
299,0800029.png,0.9288469955208711,0.26118100504390895,13.801576998957898,0.3826550018857233,0.0668419961584732,15.483185998164117,0,1
300,0800034.png,0.8601930021541193,0.2675439973245375,13.64439199824119,0.34755900560412556,0.05967800098005682,15.232682999339886,0,2
301,0800037.png,1.0225529986200854,0.2736829992500134,13.711073996091727,0.344244996085763,0.059759004216175526,15.450122002221178,0,1
302,0800041.png,0.9387239988427609,0.2506439996068366,13.269244002003688,0.36359200021252036,0.07022100180620328,14.942611000151373,0,1
303,1000006.png,0.862082997628022,0.24326000129804015,13.775624000118114,0.386591003916692,0.06495599518530071,15.374258997326251,0,1
304,1000012.png,0.8417949939030223,0.28241299878573045,13.357392999751028,0.3518719968269579,0.06250400474527851,14.938125998014584,0,5
305,1000019.png,0.829322001663968,0.24855400261003524,13.13785700040171,0.3248080029152334,0.06027999916113913,14.638518994615879,0,4
306,1000025.png,0.8401629966101609,0.23192600201582536,13.441900999168865,0.34528399555711076,0.0642829982098192,14.965611000661738,0,9
307,1000044.png,0.8455140050500631,0.2504129952285439,13.675940004759468,0.3418180058361031,0.062229999457485974,15.216150997730438,0,3
308,1000055.png,0.911875999008771,0.26084500132128596,13.4787810020498,0.336231998517178,0.08302199421450496,15.117217997612897,0,2
309,1119001.png,0.883086999238003,0.24159200256690383,13.791393997962587,0.4156659997534007,0.07379699673037976,15.446789999259636,0,1
310,1119004.png,0.9301129975938238,0.3248330031055957,14.10570100415498,0.3470529991318472,0.06859900167910382,15.821774999494664,0,3
311,1119014.png,0.8447520012850873,0.2689769971766509,13.284176005981863,0.3754920035135001,0.06337100057862699,14.878886002406944,0,2
312,1119017.png,0.8208350045606494,0.24958400172181427,13.573971002188046,0.3829790002782829,0.05903999408474192,15.12463000108255,0,1
313,1119018.png,0.8853220060700551,0.25271999766118824,13.843945002008695,0.3751179974642582,0.06629800191149116,15.475524996872991,0,2
314,1119024.png,0.8674769997014664,0.2561619985499419,13.51052900281502,0.3756079968297854,0.06918900180608034,15.124749996175524,0,2
315,1119026.png,0.9557869998388924,0.29700299637624994,16.036941000493243,0.3855219983961433,0.0667670028633438,17.794172999856528,0,1
316,1119031.png,0.874921002832707,0.27357500221114606,13.388141996983904,0.354441006493289,0.06997799937380478,15.004795001004823,0,6
317,1119032.png,0.8570179998059757,0.4396290023578331,13.137658999767154,0.3473479955573566,0.06511399988085032,14.88619699375704,0,1
318,1119043.png,0.8798619965091348,0.25478300085524097,12.635389997740276,0.31121699430514127,0.059635000070557,14.189934998285025,0,3
319,1119045.png,0.7763329995214008,0.24121800379361957,12.480823002988473,0.33548899955349043,0.06119600584497675,13.942477002274245,0,5
320,1120011.png,0.8858810033416376,0.2496189990779385,13.571103001595475,0.36741499934578314,0.06809100159443915,15.188930003205314,0,1
321,1120018.png,0.9019880017149262,0.23656099801883101,13.909126006183214,0.43710599857149646,0.06617199687752873,15.591171999403741,0,4
322,1120022.png,0.8993529991130345,0.2575489997980185,13.661844001035206,0.35628399928100407,0.06378700345521793,15.290217997971922,0,6
323,1120037.png,0.8751220011617988,0.2468109960318543,14.05088400497334,0.3924789998563938,0.0794099978520535,15.68608199886512,0,5
324,1120039.png,0.9367989987367764,0.29405299574136734,15.53382100246381,0.3690730009111576,0.0695589988026768,17.251739001949318,0,12
325,1120041.png,0.9226539987139404,0.24954899708973244,14.10116699844366,0.36821999674430117,0.06768799357814714,15.75988900003722,0,1
326,1120058.png,0.9202290020766668,0.2541819994803518,13.739402005739976,0.38450599822681397,0.06787400343455374,15.41670900041936,0,9
327,1120060.png,0.886098001501523,0.24562600447097793,13.75566799833905,0.4042770015075803,0.0672269961796701,15.408215003844816,0,6
328,1121006.png,0.9080939998966642,0.25631199969211593,13.500674998795148,0.3713690020958893,0.06449400098063052,15.143644995987415,0,7
329,1121013.png,0.9511530006420799,0.25938800536096096,13.68335399456555,0.3767279995372519,0.06612300057895482,15.388728999823797,0,3
330,1128020.png,0.8756569950492121,0.2495299995644018,13.860393999493681,0.37595900357700884,0.06921200110809878,15.481347996683326,0,3
331,1128029.png,0.8675320059410296,0.2708209940465167,14.36323999951128,0.45547699846792966,0.0902600004337728,16.090421995613724,0,3
332,1128049.png,0.956597003096249,0.3226550034014508,13.719299000513274,0.37867199716856703,0.06334300269372761,15.496419000555761,0,2
333,1128051.png,0.8897799998521805,0.2621099993120879,13.676879003469367,0.36098399868933484,0.06665200635325164,15.30503200046951,0,3
334,1128054.png,0.9528040027362294,0.25452100089751184,14.24788899748819,0.3512170005706139,0.06443600432248786,15.920665005978663,0,8
335,1130007.png,0.9994339998229407,0.2671769980224781,13.900320998800453,0.36712300061481073,0.0655269977869466,15.655682000215165,0,1
336,1130014.png,0.7925850004539825,0.2512680002837442,13.457821994961705,0.41292399691883475,0.06415000098058954,15.028909998363815,0,5
337,1130021.png,0.8716550000826828,0.25786000333027914,13.737096996919718,0.39284100057557225,0.0617240002611652,15.361325997218955,0,3
338,1130023.png,0.9008929991978221,0.26785099908011034,13.894039999286178,0.37150800199015066,0.06939100421732292,15.557694998278748,0,16
339,1130024.png,0.8895119972294196,0.2741210046224296,14.131894997262862,0.3588289982872084,0.07314800313906744,15.779037996253464,0,13
340,1130026.png,0.9041640005307272,0.25711100170155987,13.68643699970562,0.36668599932454526,0.06968400703044608,15.340119003667496,0,11
341,1130048.png,0.8783450030023232,0.2589759969851002,13.458403998811264,0.4727019986603409,0.07362200267380103,15.185407995886635,0,4
342,1130053.png,0.9914420006680302,0.28444299823604524,13.993526001286227,0.36123799509368837,0.06680400110781193,15.745593002066016,0,6
343,1130054.png,0.9940350064425729,0.24549900263082236,14.620959998865146,0.3929670056095347,0.06712799950037152,16.370328004995827,0,1
344,1180002.png,0.9108619997277856,0.25708000612212345,13.737387998844497,0.37664199771825224,0.06700900121359155,15.392539004096761,0,8
345,1180022.png,0.7986709970282391,0.24227999529102817,13.398258997767698,0.35348100209375843,0.0632110022706911,14.898961999278981,0,7
346,1180027.png,0.8379989958484657,0.26223099848721176,13.639996999700088,0.37554000300588086,0.06708299770252779,15.2231749962084,0,2
347,1180033.png,0.8855179985403083,0.24517499696230516,15.333433999330737,0.43237499630777165,0.07597800140501931,17.014065000694245,0,2
348,1180035.png,0.8733770009712316,0.25698699755594134,15.081548001035117,0.3492889954941347,0.06199999916134402,16.661024004861247,0,5
349,1180042.png,0.8600910005043261,0.23786699603078887,15.237004998198245,0.3461969972704537,0.06276899512158707,16.78960600111168,0,1
350,1180045.png,0.8256079963757657,0.24150100216502324,15.52815300237853,0.3944420022889972,0.07678499969188124,17.109109001467004,0,3
351,1180047.png,0.9617550022085197,0.3012409943039529,17.310700000962242,0.8709329995326698,0.14093500067247078,19.644842999696266,0,3
352,1243003.png,0.9937170034390874,0.3867409977829084,31.180215999484062,0.40477100264979526,0.07344199548242614,33.0885169969406,0,1
353,1243006.png,1.058144996932242,0.4294160025892779,15.72344099986367,0.44673799857264385,0.08089299808489159,17.82151299994439,0,7
354,1243014.png,1.0493160007172264,0.33321999944746494,15.395331000036094,0.409439999202732,0.07260599522851408,17.317271005595103,0,3
355,1246017.png,0.9281829989049584,0.3113879938609898,15.219300999888219,0.4113400063943118,0.07092799933161587,16.999848994601052,0,1
356,1246024.png,0.9304630002588965,0.26961199910147116,23.929242001031525,0.6836820030002855,0.10494999878574163,25.96434100269107,0,1
357,1246048.png,0.8958609978435561,0.32441099756397307,16.098878004413564,0.36109399661654606,0.06473500252468511,17.787425997084938,0,2
358,1249001.png,0.8942739950725809,0.23978799436008558,13.863250002032146,0.3935269996873103,0.0704909980413504,15.502493995882105,0,2
359,1249008.png,0.9597829994163476,0.2953889998025261,14.47773199470248,0.363603001460433,0.06456999835791066,16.207205000682734,0,2
360,1249017.png,0.9392089996254072,0.24536099954275414,14.527866995194927,0.4481290015974082,0.09471299563301727,16.308097998262383,0,6
361,1249027.png,0.9707149947644211,0.3346270023030229,13.39724799618125,0.3514080017339438,0.06357699749059975,15.169833997788373,0,6
362,1249037.png,0.9200889981002547,0.24504299653926864,13.571641000453383,0.39643900527153164,0.06603499787161127,15.248053001414519,0,2
363,1249039.png,0.9102299954975024,0.2546909963712096,14.021663002495188,0.3717340005096048,0.0756860026740469,15.676841998356394,0,3
364,1249041.png,0.9374350047437474,0.2995019967784174,14.368604999617673,0.39644599746679887,0.06804599979659542,16.127296003105585,0,3
365,1249044.png,0.9277170029236004,0.24629599647596478,13.775886996882036,0.3461740052443929,0.06221499643288553,15.406973994686268,0,1
366,1249047.png,0.9190109994960949,0.24662799842189997,13.262844004202634,0.35528600710676983,0.0579350016778335,14.89095499709947,0,5
367,1249049.png,0.9054059992195107,0.2613710021250881,13.06642599956831,0.3490169983706437,0.09508399671176448,14.725421002367511,0,4
368,1249057.png,0.9446109979762696,0.3275520066381432,13.235272002930287,0.3566110026440583,0.06464000034611672,14.97383800597163,0,2
369,1249058.png,0.9185199960484169,0.253944999712985,13.819692998367827,0.35408899566391483,0.06556700100190938,15.46261399926152,0,1
370,1252020.png,0.9437280023121275,0.22940700000617653,13.408986997092143,0.2883280030800961,0.02893800410674885,14.949664997402579,0,0
371,1252023.png,0.8969990012701601,0.2573990059318021,13.574679003795609,0.34523700014688075,0.06648999988101423,15.184085998043884,0,1
372,1252036.png,0.8269749960163608,0.2456339934724383,13.720097005716525,0.3527529988787137,0.06594700244022533,15.260676998877898,0,1
373,1254012.png,1.0080789943458512,0.2515119995223358,13.397064998571295,0.3436190017964691,0.06102400220697746,15.108596999198198,0,3
374,1254021.png,0.8658650040160865,0.2701350022107363,13.148318997991737,0.3307810038677417,0.0622709994786419,14.717582002049312,0,3
375,1255001.png,0.9215669997502118,0.2459700044710189,13.898338002036326,0.3978480017394759,0.07030099368421361,15.576969999528956,0,1
376,1255003.png,0.9285009946324863,0.26622800214681774,16.78250700206263,0.5294869988574646,0.06868600030429661,18.628345998877194,0,4
377,1255009.png,0.8736059971852228,0.24288499844260514,14.235553993785288,0.3551480040187016,0.06480899901362136,15.814218000741675,0,1
378,1255010.png,0.9025479957927018,0.24325599952135235,15.181415998085868,0.3494060001685284,0.06185100210132077,16.781307000201195,0,2
379,1256006.png,0.9400510025443509,0.23181200231192634,13.839521001500543,0.34891699760919437,0.05974100349703804,15.462035000382457,0,4
380,1256033.png,0.9455899999011308,0.26896399504039437,13.345831997867208,0.3997980020358227,0.07109700527507812,15.08312900114106,0,1
381,1256036.png,0.9809149996726774,0.28333700174698606,13.561122003011405,0.3382479990250431,0.05779499770142138,15.265298003214411,0,1
382,1256045.png,0.9816099991439842,0.24015999952098355,13.980969997646753,0.381792000553105,0.06442599988076836,15.698066999902949,0,3
383,1257015.png,0.9469939977861941,0.2425619968562387,13.481068999681156,0.36515600368147716,0.05965799937257543,15.138446004129946,0,2
384,1257022.png,0.9422030052519403,0.24607899831607938,14.397471997654065,0.3867900013574399,0.06740399840055034,16.088495001895353,0,2
385,1257028.png,0.8404780019191094,0.2594540055724792,13.47995000105584,0.37454099947353825,0.06279900117078796,15.071059002366383,0,1
386,1257033.png,0.9957939982996322,0.33843100391095504,13.739490001171362,0.3725700007635169,0.06649399438174441,15.561781998258084,0,4
387,1257036.png,0.9032660018419847,0.2656920041772537,14.166884000587743,0.37684699782403186,0.06451300578191876,15.827447001356632,0,3
388,1262006.png,0.8726990054128692,0.2619380029500462,16.732543997932225,0.3683280010591261,0.06214899622136727,18.35061800375115,0,3
389,1262023.png,0.9808320028241724,0.276410995866172,13.841206004144624,0.3572999994503334,0.06317299994407222,15.57277800020529,0,4
390,1262029.png,0.8946259986259975,0.2417290015728213,13.50261900370242,0.3651019942481071,0.06060899613657966,15.114606001588982,0,2
391,1265019.png,0.8635269987280481,0.2264319991809316,13.715768000110984,0.34849499934352934,0.06424299499485642,15.259988998877816,0,5
392,1265032.png,0.9249200011254288,0.2698899988899939,13.515648999600671,0.37043799966340885,0.0660579971736297,15.185816999292001,0,3
393,1265047.png,0.8822279996820726,0.23922599939396605,14.848889004497323,0.35649599885800853,0.06540400499943644,16.43157299986342,0,7
394,1265049.png,0.9445219984627329,0.24832099734339863,13.832201999321114,0.36066799657419324,0.06871399818919599,15.503376998822205,0,3
395,1265063.png,0.8553160005249083,0.22472899581771344,13.359318996663205,0.342984996677842,0.06060399755369872,14.87738099967828,0,3
396,1265073.png,0.9049060026882216,0.2626210043672472,14.639413995610084,0.36202999763190746,0.06090199894970283,16.271748005237896,0,1
397,1265075.png,0.9287719949497841,0.24226499954238534,13.444012998661492,0.35245199978817254,0.0618940030108206,15.084562000993174,0,1
398,1265085.png,0.8876160063664429,0.23538900131825358,14.23957699444145,0.3750510004465468,0.07473000005120412,15.851136005949229,0,1
399,1265086.png,0.982726996880956,0.3256130003137514,14.329641999211162,0.36319900391390547,0.06598999607376754,16.128073999425396,0,5
400,1265094.png,0.9280700032832101,0.3136349987471476,14.715345998411067,0.36943899613106623,0.07865299994591624,16.459272999782115,0,13
401,1265096.png,0.9704890035209246,0.423703997512348,25.407481000002008,0.4217959940433502,0.07991700113052502,27.37145200080704,0,2
402,1265097.png,0.9032250018208288,0.31972599390428513,15.29101799678756,0.38003000372555107,0.06444699829444289,17.007722999551333,0,4
403,1265099.png,0.9456420011701994,0.26153199723921716,13.900004996685311,0.37494600110221654,0.06630999996559694,15.605020998918917,0,1
404,1265104.png,0.8066450027399696,0.24039199342951179,13.667788000020664,0.39640100294491276,0.06509300146717578,15.21717799914768,0,1
405,1265109.png,0.9153150022029877,0.2514160005375743,13.176214997656643,0.35589000617619604,0.059559999499469995,14.797568001085892,0,3
406,1266007.png,0.8554710002499633,0.25510100385872647,13.610127993160859,0.36182899930281565,0.06732199835823849,15.195077998214401,0,5
407,1266016.png,0.9979280002880841,0.27692400180967525,13.356524999835528,0.34040099853882566,0.06448900239774957,15.081551006005611,0,3
408,1266024.png,0.9912769965012558,0.2772900043055415,13.362117002543528,0.3465449990471825,0.060691003454849124,15.088290994754061,0,1
409,1266032.png,0.8627060014987364,0.2643650004756637,13.59136900282465,0.36610000097425655,0.08860999514581636,15.216693005640991,0,4
410,1266033.png,0.892778996785637,0.24948599457275122,13.61003500642255,0.3478330036159605,0.06447099440265447,15.219473993056454,0,7
411,1266044.png,1.0340239969082177,0.26071100000990555,16.85960200120462,0.6843849987490103,0.10981800005538389,19.00086900423048,0,8
412,1266049.png,0.969032000284642,0.34385499748168513,24.8934699993697,0.3818039986072108,0.07031499990262091,26.709327001299243,0,2
413,1266056.png,0.8788050035946071,0.2563540037954226,13.806126000417862,0.35855900205206126,0.06446499901358038,15.415075002238154,0,1
414,1266060.png,0.8746780004003085,0.2558840060373768,14.27117400453426,0.3907229984179139,0.07270700007211417,15.91367699438706,0,3
415,1267001.png,1.118741995014716,0.3603169971029274,14.480944999377243,0.37811899528605863,0.06838000263087451,16.472324001369998,0,7
416,1267006.png,0.7960520015330985,0.2721349956118502,23.662013998546172,0.37761899875476956,0.06722100079059601,25.221490002877545,0,8
417,1267009.png,1.057267996657174,0.2481539995642379,13.384709003730677,0.339023994456511,0.06380500417435542,15.141903000767343,0,2
418,1267017.png,1.023986995278392,0.24973499967018142,12.855430002673529,0.9397189933224581,0.12018100096611306,15.23609700234374,0,2
419,1267037.png,0.8007590004126541,0.3427780029596761,29.376448001130484,0.5329440027708188,0.08387499838136137,31.183694998617284,0,2
420,1267063.png,1.093438004318159,0.3075909990002401,13.566690999141429,0.48645999777363613,0.07950600411277264,15.582261999952607,0,4
421,1267072.png,1.191096002003178,0.3311359978397377,13.69550199888181,0.38992100598989055,0.08082100248429924,15.744399999675807,0,8
422,1267090.png,0.892351999937091,0.3231959999538958,14.535841000906657,0.3725569986272603,0.06489599763881415,16.236568000749685,0,2
423,1267112.png,1.021418000163976,0.25880800239974633,13.554605000535958,0.35484699765220284,0.06498399307020009,15.304587002901826,0,6
424,1267114.png,1.068288998794742,0.25335400277981535,15.131903004657943,0.7071300060488284,0.10606800060486421,17.317797006398905,0,10
425,1267120.png,1.0223709978163242,0.3488470028969459,29.098548999172635,0.6643079977948219,0.10616199870128185,31.342802998551633,0,6
426,1267122.png,1.0703480002121069,0.33601599716348574,18.8246550023905,0.3597899994929321,0.0650670044706203,20.70622899918817,0,3
427,1270003.png,0.8170299988705665,0.2690010005608201,15.206540003418922,0.3719320011441596,0.06929999653948471,16.786631997092627,0,2
428,1270005.png,1.0830769970198162,0.2568180061643943,13.702842996281106,0.38986099389148876,0.06501800089608878,15.54950299760094,0,4
429,1270014.png,0.8434189949184656,0.2407529973424971,13.388068997301161,0.3953179984819144,0.06782300624763593,14.984940004069358,0,4
430,1270017.png,0.8106239984044805,0.23625500034540892,13.62384800449945,0.36052799987373874,0.07173499761847779,15.148165002756286,0,1
431,1270019.png,0.7893020010669716,0.24763800320215523,13.583669999206904,0.3440460059209727,0.06371199560817331,15.06921600230271,0,2
432,1270034.png,0.8129779962473549,0.24221299827331677,13.058718999673147,0.3633739979704842,0.06302999827312306,14.58625499799382,0,4
433,1270043.png,0.7943640011944808,0.2399930017418228,13.362177000090014,0.3568989995983429,0.0651580048725009,14.855431996693369,0,6
434,1270056.png,0.8463830017717555,0.29521399846998975,13.943019999715034,0.3528870001900941,0.0655410040053539,15.553227000054903,0,2
435,1270059.png,0.829371994768735,0.2374680043430999,14.005937002366409,0.3434390018810518,0.06396100070560351,15.52815300237853,0,5
436,1270062.png,0.8031380057218485,0.2517020038794726,13.743326999247074,0.3371580023667775,0.06326099537545815,15.24668799538631,0,8
437,1270063.png,0.7665869998163544,0.24787699658190832,13.820298998325597,0.39570400258526206,0.0794119987403974,15.35232499736594,0,4
438,1270072.png,0.841671004309319,0.2667740045581013,13.954528003523592,0.3492210016702302,0.06278299406403676,15.526310999121051,0,4
439,1270083.png,0.8773520021350123,0.3894339970429428,13.908635002735537,0.3373969957465306,0.06173399742692709,15.629290996002965,0,5
440,1270090.png,0.7936500041978434,0.24421200214419514,13.223832000221591,0.3560780023690313,0.06054600089555606,14.724024003953673,0,9
441,1270100.png,0.7725520044914447,0.27723200037144125,13.331046000530478,0.3576179951778613,0.06322300032479689,14.839808995020576,0,4
442,1274019.png,0.9294180053984746,0.25173299945890903,13.859682003385387,0.35264300095150247,0.06246400153031573,15.50687199778622,0,2
443,1274026.png,0.9258830032194965,0.24168399977497756,14.94163499592105,0.3543170023476705,0.06610000127693638,16.580372001044452,0,5
444,1274034.png,0.8873429978848435,0.24781099637039006,13.82278600067366,0.37635400076396763,0.06791099440306425,15.455761000339407,0,4
445,1274043.png,0.952030997723341,0.2671919937711209,14.181318998453207,0.39584399928571656,0.06804199801990762,15.906975000689272,0,1
446,1274044.png,1.0487100007594563,0.3150120028294623,13.797587998851668,0.3971559999627061,0.06544499774463475,15.677062998292968,0,3
447,1276002.png,0.7875520022935234,0.24429599579889327,13.423110998701304,0.350832000549417,0.0665359984850511,14.912528997228947,0,2
448,1276004.png,0.7991189995664172,0.23190000501926988,13.361842997255735,0.3635399989434518,0.08190600055968389,14.897061002557166,0,2
449,1276007.png,0.7541470040450804,0.24586899962741882,13.947585001005791,0.3685100018628873,0.0707180006429553,15.42585599963786,0,3
450,1276009.png,0.8266360018751584,0.3318939998280257,15.368054002465215,0.42509899503784254,0.07129500590963289,17.070780995709356,0,1
451,1276015.png,0.797107997641433,0.27584000054048374,17.10323699808214,0.34515000152168795,0.06406800093827769,18.63264299754519,0,5
452,1276020.png,0.8921780026867054,0.2529799967305735,13.748516001214739,0.35516099887900054,0.06720999954268336,15.363852995506022,0,2
453,1276025.png,0.7790899981046095,0.26423899544170126,15.03360199421877,0.3453960016486235,0.062391001847572625,16.523199003131595,0,5
454,1276027.png,0.81757600128185,0.23980099649634212,14.26617799734231,0.35911600571125746,0.06480099546024576,15.79582099657273,0,2
455,1276029.png,0.8711919945199043,0.23569299810333177,13.168859004508704,0.37726799928350374,0.06290699820965528,14.768640001420863,0,2
456,1276036.png,0.7904360027168877,0.25628200091887265,16.890197999600787,0.4385690044728108,0.07750099757686257,18.489501999283675,0,1
457,1276042.png,0.7206800000858493,0.2763290030998178,17.31042200117372,0.3943920019082725,0.06859700079075992,18.8130610040389,0,2
458,1281002.png,0.7553809991804883,0.26635799440555274,13.752879996900447,0.3603290024329908,0.0641410006210208,15.245898997818585,0,14
459,1281012.png,0.702543999068439,0.2623899999889545,13.993367007060442,0.39756399928592145,0.07054500019876286,15.479945999686606,0,2
460,1281015.png,0.8074129946180619,0.25925199588527903,13.700226998480503,0.3369659971212968,0.06406499596778303,15.210491001198534,0,1
461,1281016.png,0.8181430021068081,0.24162499903468415,13.22614600212546,0.4123719991184771,0.06604899681406096,14.81225199677283,0,2
462,1281020.png,0.6946360008441843,0.2577179984655231,13.502905996574555,0.4697999975178391,0.08122100553009659,15.044888998090755,0,2
463,1281023.png,0.7449690019711852,0.27935599791817367,17.74085399665637,0.45270300324773416,0.08005799463717267,19.350882001162972,0,1
464,1281028.png,0.8147529952111654,0.27246499666944146,16.100100001494866,0.3571069973986596,0.06335000216495246,17.65050499670906,0,2
465,1281029.png,0.8002629983820952,0.2396669951849617,14.916565000021365,0.4205699951853603,0.07164600538089871,16.48959199519595,0,1
466,1281032.png,0.7946779951453209,0.27712299925042316,18.187484005466104,0.4483199954847805,0.07593599730171263,19.82403099827934,0,4
467,1281038.png,0.8155180039466359,0.27265099924989045,14.991708005254623,0.35757399746216834,0.06506899808300659,16.54711399896769,0,3
468,1281041.png,0.7408469973597676,0.25405100313946605,13.439845002721995,0.40528999670641497,0.07006699888734147,14.95981899643084,0,1
469,1281051.png,0.719855997886043,0.26734700077213347,19.35610999498749,0.6726779974997044,0.11026900028809905,21.168223000131547,0,1
470,1283007.png,0.888732000021264,0.3295620044809766,29.586157004814595,0.6718149961670861,0.10847199882846326,31.634104998374823,0,2
471,1283008.png,0.8765009988564998,0.3354199943714775,19.39944799960358,0.36482200084719807,0.06044000474503264,21.081175000290386,0,3
472,1283020.png,0.7731849982519634,0.25786199694266543,16.012190004403237,0.43081900366814807,0.06976100121391937,17.583401000592858,0,1
473,1283028.png,0.9348449966637418,0.29074800113448873,23.431253001035657,0.42313799349358305,0.06720099918311462,25.19949599809479,0,1
474,1283029.png,0.9053949979715981,0.2737910035648383,14.195161995303351,0.37740800325991586,0.06749099702574313,15.867547997913789,0,1
475,1283035.png,0.9097149959416129,0.26356599846621975,22.040137999283615,0.69479200465139,0.112646994239185,24.065275996690616,0,2
476,1283042.png,0.9451389996684156,0.33600399910937995,16.437628997664433,0.40112200076691806,0.0684850019752048,18.234691000543535,0,1
477,1283045.png,0.9586919986759312,0.28121100331190974,16.36543399945367,0.37897599395364523,0.06757600203854963,18.1063220006763,0,4
478,1283046.png,0.9385779994772747,0.2646470020408742,17.468295998696703,0.6795820008846931,0.10971399751724675,19.51227900281083,0,2
479,1283051.png,0.9213110024575144,0.32956700306385756,29.547958001785446,0.4018010004074313,0.07021700002951548,31.320676003815606,0,2
480,1283052.png,0.9301919999415986,0.2765440003713593,14.151856004900765,0.3673050014185719,0.06666699482593685,15.843733002839144,0,4
481,1290007.png,0.9503309993306175,0.2531080026528798,13.66573000268545,0.35568400198826566,0.06561100599355996,15.343523999035824,0,4
482,1290009.png,0.9523999979137443,0.2486749945092015,13.809161995595787,0.36092999653192237,0.06792700150981545,15.488054996239953,0,2
483,1292003.png,0.9191790013574064,0.2816039996105246,14.556920003087725,0.35388099786359817,0.06574400322278962,16.223088001424912,0,3
484,1292004.png,0.8548820042051375,0.27712299925042316,13.560072999098338,0.39434400241589174,0.06680400110781193,15.1968569989549,0,2
485,1292011.png,0.9888130007311702,0.25941200146917254,22.78873699833639,0.7437589956680313,0.16233100177487358,24.98955999908503,0,3
486,1292019.png,1.1190639997948892,0.48735400196164846,33.743277002940886,0.7627759987371974,0.11419599468354136,36.29533500497928,1,10
487,1294008.png,0.9209139971062541,0.3180499988957308,18.81561699701706,0.3760210020118393,0.06611199933104217,20.53663800325012,0,2
488,1294013.png,0.915236996661406,0.2495239968993701,14.057815998967271,0.3613340013544075,0.06740199751220644,15.700870004366152,0,2
489,1294017.png,0.9577870005159639,0.2589009964140132,13.889223002479412,0.3638220005086623,0.06207099795574322,15.5824930043309,0,2
490,1294019.png,0.9212720033247024,0.2569130010670051,13.588100002380088,0.36392599577084184,0.0613309966865927,15.235614002449438,0,1
491,1295010.png,0.8959339975262992,0.26757999876281247,13.874368996766862,0.37650899321306497,0.06452100205933675,15.52662600443,0,3
492,1295011.png,0.8624900001450442,0.2801060036290437,13.500322995241731,0.37107800017111003,0.06401500286301598,15.129773004446179,0,5
493,1296006.png,0.7960770017234609,0.26488499861443415,13.717882000491954,0.368218999938108,0.0641410006210208,15.250762000505347,0,6
494,1296008.png,0.9015970063046552,0.2687090018298477,13.827448005031329,0.3412989972275682,0.061749000451527536,15.451185005076695,0,6
495,1296009.png,0.8906690054573119,0.2595330006442964,14.64969500375446,0.39653699786867946,0.06947299698367715,16.311670005961787,0,4
496,1296015.png,0.7992969985934906,0.23964900174178183,13.86098499642685,0.3483660038909875,0.06575099541805685,15.361545003543142,0,1
497,1296025.png,0.7864560029702261,0.2429770029266365,13.32234399887966,0.3475379999144934,0.09163199865724891,14.837570000963751,0,6
498,1296027.png,0.7968130012159236,0.24994699924718589,14.08392900339095,0.3495880009722896,0.06351100455503911,15.58203500462696,0,1
499,1296029.png,0.7960329967318103,0.23525700089521706,15.466739001567475,0.3586730017559603,0.06516100256703794,16.970415999821853,0,4
500,1296030.png,0.8068430033745244,0.2572880039224401,14.370088996656705,0.3551340050762519,0.06699100049445406,15.900905003945809,0,10
501,1297013.png,0.7381909963442013,0.2730589985731058,25.83667400176637,0.7076969995978288,0.11053300113417208,27.706838001904543,0,5
502,1297032.png,0.7937949994811788,0.3336450026836246,28.809766998165287,0.686766994476784,0.12121199688408524,30.794755002716556,0,1
503,1298006.png,0.9115209977608174,0.3370769991306588,20.06097900448367,0.3663809984573163,0.06347299495246261,21.790826998767443,0,6
504,1298007.png,0.8836640045046806,0.24630500411149114,13.900386002205778,0.3735960053745657,0.06079499871702865,15.507055999478325,0,6
505,1298016.png,0.8715930016478524,0.23942100233398378,13.413854001555592,0.3316309957881458,0.06034199759596959,14.958025996747892,0,2
506,1298029.png,0.8644870031275786,0.23770999541739002,13.516790000721812,0.38310500531224534,0.061680002545472234,15.10869799676584,0,2
507,1298031.png,0.8303479989990592,0.2756360045168549,14.111484000750352,0.3845140017801896,0.06724299601046368,15.709186998719815,0,5
508,1298035.png,0.8688220041221939,0.26837200130103156,13.912973001424689,0.35377700260141864,0.06340899562928826,15.509087999816984,0,3
509,1298050.png,0.8882990005076863,0.25162399833789095,14.313470004708506,0.39930800267029554,0.06520799797726795,15.968806997989304,0,1
510,1301002.png,0.8696050063008443,0.25825900229392573,13.212575999205,0.34546200186014175,0.059728998166974634,14.78630200290354,0,4
511,1301014.png,0.7863119972171262,0.2504189978935756,13.94050900125876,0.3641849980340339,0.06477399438153952,15.45175899809692,0,1
512,1301016.png,0.8394129981752485,0.25874600396491587,13.540608997573145,0.3637199988588691,0.05972700455458835,15.112096996745095,0,1
513,1302008.png,0.7852479975554161,0.2771009967545979,13.537150996853597,0.3667010023491457,0.08364600216737017,15.091289002157282,0,1
514,1302020.png,0.7842420018278062,0.26544000138528645,13.307907000125851,0.3795269949478097,0.06625500100199133,14.848108003207017,0,4
515,1302033.png,0.800196998170577,0.2867299990612082,14.057526997930836,0.3941340037272312,0.06499300070572644,15.643343998817727,0,1
516,1302038.png,0.8517070018569939,0.2600389998406172,13.42928299709456,0.3607660037232563,0.06185600068420172,15.006262001406867,0,4
517,1303009.png,0.9552550036460161,0.2899669998441823,14.38944500114303,0.3928079968318343,0.0682399986544624,16.146276000654325,0,4
518,1303010.png,0.9263149986509234,0.2866580034606159,14.555189998645801,0.40542900387663394,0.07179500244092196,16.29958499688655,0,2
519,1303012.png,1.0103629974764772,0.33561699819983914,15.728812002635095,0.36779000220121816,0.09112699626712129,17.595589000848122,0,4
520,1303013.png,0.8514729997841641,0.2584389949333854,17.150132996903267,0.44200500269653276,0.07459000335074961,18.81959099409869,0,8
521,1303019.png,1.0841379989869893,0.29733099654549733,17.018548998748884,0.49809000483946875,0.08060799882514402,19.03559699712787,0,3
522,1303021.png,0.9927130013238639,0.340772996423766,17.823285001213662,0.7440240005962551,0.15618299948982894,20.103533002838958,0,1
523,1303023.png,1.065923999703955,0.39883200224721804,17.568694995134138,0.37659300141967833,0.06575899897143245,19.524792005540803,0,2
524,1303029.png,0.9018550044856966,0.2653929986990988,18.768286994600203,0.4183990022283979,0.07045899837976322,20.473249998758547,0,1
525,1303035.png,0.9017900010803714,0.2766639954643324,13.628764005261473,0.3942620023735799,0.07576400093967095,15.321705999667756,0,1
526,1304005.png,0.8453219998045824,0.27443600265542045,13.537964005081449,0.38136099465191364,0.06237599882297218,15.145441000640858,0,1
527,1304009.png,0.9492969984421507,0.285173999145627,13.277777004987001,0.32334499701391906,0.057958997786045074,14.942057998268865,0,1
528,1304010.png,1.0284119998686947,0.3995079969172366,17.72318599978462,0.3526820000843145,0.06529499660246074,19.62648500193609,0,14
529,1304014.png,0.8778150004218332,0.25574499886715785,14.833592002105433,0.4887690010946244,0.07689899939578027,16.589482002018485,0,7
530,1304018.png,1.0217240051133558,0.27270399732515216,15.891082999587525,0.39501900027971715,0.06608099647564813,17.70042400312377,0,2
531,1304025.png,0.842369998281356,0.2685899962671101,14.51172400265932,0.3740600004675798,0.06410900095943362,16.10549400356831,0,3
532,1304028.png,0.777544999436941,0.2654089985298924,13.645359002111945,0.36107299820287153,0.0647490014671348,15.165575001446996,0,1
533,1305001.jpg,0.9174270016956143,0.2675439973245375,13.65595300012501,0.3848769993055612,0.0666839987388812,15.344324994657654,0,7
534,1305002.jpg,0.8781330034253187,0.3185259993188083,14.048046999960206,0.3840610006591305,0.06485600169980898,15.754209998704027,0,4
535,1305003.jpg,0.893158998223953,0.2738510011113249,13.729349004279356,0.35818200558423996,0.0680880038999021,15.375349998066667,0,5
536,1305005.jpg,0.9152529964921996,0.25476400332991034,13.994753004226368,0.3492010000627488,0.059245998272672296,15.611103997798637,0,6
537,1305009.jpg,0.9029479988384992,0.25664900022093207,14.602170005673543,0.3871869994327426,0.06967200170038268,16.267423998215236,0,6
538,1305012.jpg,0.9067610008060001,0.26948199956677854,13.41954500094289,0.33315500331809744,0.058347002777736634,15.040051002870314,0,14
539,1305014.jpg,0.9387880054418929,0.23459400108549744,13.532425000448711,0.37017699651187286,0.061964004999026656,15.178095003648195,0,6
540,1305016.jpg,0.9364520010421984,0.2950510024675168,13.609979003376793,0.3939480011467822,0.06805999873904511,15.346000996942166,0,5
541,1307005.png,0.9680310031399131,0.3340359980938956,13.755914995272178,0.3743680063053034,0.0819609995232895,15.563371001917403,0,3
542,1307007.png,0.9761050023371354,0.25130799622274935,13.319146004505455,0.3432439989410341,0.06015899998601526,14.999446000729222,0,2
543,1307012.png,0.8489760002703406,0.2616280034999363,13.150765000318643,0.3572040004655719,0.06087799556553364,14.718760001414921,0,2
544,1307018.png,0.9600859993952326,0.24848699831636623,14.037642999028321,0.3840349963866174,0.07203400309663266,15.751655999338254,0,3
545,1307047.png,0.9190019991365261,0.25700299738673493,13.661627999681514,0.37695599894504994,0.06152499554445967,15.318809004384093,0,1
546,1309001.png,0.86577999900328,0.2540620043873787,13.913367001805454,0.3599699994083494,0.06045399641152471,15.492479004024062,0,3
547,1309005.png,0.866703994688578,0.2550979988882318,13.966235994303133,0.40206000267062336,0.06939200102351606,15.602583000145387,0,2
548,1309022.png,0.8383499953197315,0.26385999808553606,14.333528000861406,0.39577099960297346,0.07764299516566098,15.971246000844985,0,2
549,1309025.png,0.8719019970158115,0.26472700119484216,14.133363001747057,0.38133699854370207,0.06897500134073198,15.76700800069375,0,1
550,1309033.png,0.9509949959465303,0.28883000049972907,13.953442001366057,0.3673839964903891,0.06511399988085032,15.677545001381077,0,5
551,1309037.png,0.8733409995329566,0.26270500529790297,16.139672996359877,0.44070999865652993,0.0781070048105903,17.846713999460917,0,4
552,1310005.png,0.9103110060095787,0.27947700436925516,17.178649999550544,0.36759700014954433,0.06352699710987508,18.85025299998233,0,13
553,1310014.png,0.876721998793073,0.26460700610186905,13.80382899515098,0.3554900031303987,0.06330099859042093,15.414599001815077,0,4
554,1310016.png,0.7845759973861277,0.25889199605444446,14.37601400539279,0.36785099655389786,0.06096300057834014,15.912708004179876,0,3
555,1310017.png,0.8301859998027794,0.24128199584083632,14.448535002884455,0.3542769991327077,0.06262399983825162,15.980950003722683,0,2
556,1310023.png,0.8341170032508671,0.25031700351973996,13.39060199825326,0.3793579962803051,0.05958400288363919,14.966716997150797,0,6
557,1310024.png,0.8146729960571975,0.2712049972615205,13.95918799971696,0.3643809977802448,0.058927995269186795,15.51270199706778,0,1
558,1311009.png,0.8519999973941594,0.26737699954537675,13.388146995566785,0.37598999915644526,0.06308300362434238,14.995487996202428,0,1
559,1312022.png,1.0133360046893358,0.25236300280084834,14.913309998519253,0.35141300031682476,0.08703300409251824,16.667583004164044,0,1
560,1312023.png,0.9773369965841994,0.23760899784974754,13.922450001700781,0.37761499697808176,0.06376999954227358,15.621321996150073,0,1
561,1312024.png,0.9638929986977018,0.21476999972946942,13.894542003981769,0.36314199678599834,0.06227399717317894,15.538154999376275,0,1
562,1312027.png,0.9604670049156994,0.2535070016165264,13.983077995362692,0.3701960013131611,0.06481099990196526,15.681477001635358,0,3
563,1312028.png,0.9724050032673404,0.2785280012176372,13.564503999077715,0.36384499981068075,0.06163299985928461,15.294260003429372,0,1
564,1312031.png,0.9950820021913387,0.22453099518315867,13.285812994581647,0.34088699612766504,0.06849000055808574,14.962658002332319,0,1
565,1313011.png,0.8932819982874207,0.23867900017648935,12.95488199684769,0.35276400012662634,0.06235999899217859,14.54642500175396,0,1
566,1313012.png,0.9076540009118617,0.24364900309592485,13.618534998386167,0.36098399868933484,0.06349400064209476,15.24220900319051,0,2
567,1313026.png,0.8248180020018481,0.23413800226990134,13.006567001866642,0.3482629981590435,0.07282200385816395,14.526977996865753,0,4
568,1313027.png,0.8229190061683767,0.2556350009399466,12.95770400611218,0.34128800325561315,0.05973600491415709,14.474828996753786,0,5
569,1313029.png,0.8518859976902604,0.2351160001126118,12.735085001622792,0.34277699887752533,0.0652980015729554,14.275531000748742,0,3
570,1313030.png,0.8552329964004457,0.3253149989177473,13.436679997539613,0.36087699845666066,0.0741260009817779,15.100821998203173,0,3
571,1313032.png,0.8295070001622662,0.24802400002954528,12.995091994525865,0.3421299988985993,0.05694100400432944,14.517499999783468,0,3
572,1313041.png,0.90569700114429,0.2560739958425984,13.306781998835504,0.34876000427175313,0.06316100188996643,14.925284005585127,0,1
573,1313043.png,0.928455003304407,0.24396299704676494,13.85271199978888,0.41628700273577124,0.07171100151026621,15.56183699722169,0,1
574,1313047.png,0.994509995507542,0.304418004816398,13.777201005723327,0.36062399885850027,0.06294400373008102,15.553751996776555,0,2
575,1314002.png,0.9143400020548142,0.26486299611860886,13.159640002413653,0.3589939951780252,0.059997000789735466,14.798187999986112,0,3
576,1314003.png,1.0299770001438446,0.27925799804506823,13.447848003124818,0.36652600101660937,0.06338599632726982,15.23172599991085,0,3
577,1314006.png,0.995676004095003,0.29230600193841383,13.644128004671074,0.36682599602499977,0.06151699926704168,15.402311997604556,0,4
578,1314008.png,0.9961840041796677,0.2596519989310764,13.503435002348851,0.37049499951535836,0.06899399886606261,15.253214005497284,0,1
579,1314014.png,0.8697949961060658,0.26737100415630266,13.692764994630124,0.38795600266894326,0.06329300231300294,15.32074400165584,0,1
580,1314017.png,0.8697539960849099,0.26396899920655414,13.64063800428994,0.5787160043837503,0.07955500041134655,15.47868800116703,0,4
581,1314020.png,0.8932519995141774,0.273662997642532,13.864426000509411,0.3656819972093217,0.06388100155163556,15.502114001719747,0,3
582,1314022.png,0.9112479965551756,0.26444900140631944,13.94626699766377,0.37444400368258357,0.06580400076927617,15.602748004312161,0,4
583,1314024.png,0.9115659995586611,0.2896229998441413,16.182758998184,0.3920259987353347,0.07070400170050561,17.89675599866314,0,16
584,1314027.png,1.0394700002507307,0.28721900162054226,14.319690999400336,0.3713289988809265,0.06512300024041906,16.128938004840165,0,2
585,1314031.png,0.9837749967118725,0.25073899450944737,13.74028099962743,0.3605070014600642,0.06144600047264248,15.438406000612304,0,8
586,1314038.png,0.9630119966459461,0.26698399597080424,13.84215699363267,0.36393200571183115,0.06449200009228662,15.554300000076182,0,1
587,1314043.png,0.9786549999262206,0.26499600062379614,13.705689998460002,0.3437810009927489,0.0596999961999245,15.398826006276067,0,1
588,1314044.png,1.0119389989995398,0.35031299921683967,13.820239997585304,0.3633230007835664,0.062306004110723734,15.650399000151083,0,2
589,1314051.png,0.9766160001163371,0.25956799800042063,15.276163001544774,0.4563570037134923,0.07456100138369948,17.091641995648388,0,3
590,1314054.png,1.0360680025769398,0.3856879993691109,17.02236900018761,0.34277899976586923,0.06360100087476894,18.907229001342785,0,6
591,1314057.png,0.9784409994608723,0.26425899704918265,13.80058100039605,0.3643750023911707,0.0624819949734956,15.52883399563143,0,1
592,1315003.png,1.0891249985434115,0.2663550039869733,13.24986400140915,0.3648999991128221,0.06160100019769743,15.084721002494916,0,8
593,1315020.png,0.9443140006624162,0.2394599941908382,13.647473002492916,0.36357500357553363,0.0628950001555495,15.293790995201562,0,5
594,1315052.png,1.009102001262363,0.2598650025902316,13.809620999381877,0.3902889948221855,0.06519399903481826,15.57985000545159,0,2
595,1315054.png,1.022946999000851,0.2723750003497116,13.556860001699533,0.27686900284606963,0.028053000278305262,15.199347995803691,0,0
596,13160014.png,0.9297810029238462,0.2760360002866946,13.23473400407238,0.34754700027406216,0.05983000301057473,14.898920002451632,0,6
597,13160020.png,0.9109279999393038,0.25588100106688216,13.822387001710013,0.38117299845907837,0.0656810007058084,15.472824998141732,0,4
598,13160024.png,0.9619850025046617,0.2654779964359477,14.511437999317423,0.3615690002334304,0.06522200419567525,16.22267600032501,0,4
599,13160028.png,0.8007590004126541,0.23897700157249346,13.62729099491844,0.34343399602221325,0.06124299397924915,15.120747993933037,0,1
600,13160030.png,0.8959570041042753,0.24083199969027191,16.286947000480723,0.6637350015807897,0.10931800352409482,18.246660998556763,0,8
601,13160037.png,0.9238919956260361,0.30065800092415884,14.525717000651639,0.3752650009118952,0.06099000165704638,16.23352600290673,0,5
602,13160038.png,0.9961480027413927,0.3691000019898638,14.011703002324793,0.4320290026953444,0.060242004110477865,15.926477004541084,0,4
603,13160042.png,1.0323800015612505,0.30547400092473254,13.819431995216291,0.3584119986044243,0.06211199797689915,15.638697004760616,0,3
604,13160044.png,1.194718999613542,0.3837590047623962,13.887272005376872,0.3589309999370016,0.06694799958495423,15.960730001097545,0,3
605,13160046.png,1.0749400025815703,0.3007539999089204,13.842166001268197,0.3430119977565482,0.11727499804692343,15.73090299643809,0,7
606,13160048.png,0.879270002769772,0.26235599943902344,13.490825993358158,0.3386940006748773,0.061446997278835624,15.081618999829516,0,3
607,1317006.png,0.9595200026524253,0.30193899874575436,19.651618000352755,0.3667679993668571,0.06624800153076649,21.40125000005355,0,5
608,1317008.png,0.8050309988902882,0.2386980049777776,14.196746997185983,0.3609020059229806,0.06580800254596397,15.717690002929885,0,1
609,1318018.png,0.8679189995746128,0.24971100356196985,13.728300997172482,0.3388980039744638,0.06842800212325528,15.305911998439115,0,4
610,1318025.png,0.8471600012853742,0.24372800544369966,13.765932999376673,0.3509219968691468,0.06507999933091924,15.319377998821437,0,6
611,1319010.png,0.9140640031546354,0.2541189969633706,13.504686001397204,0.3476130004855804,0.061672995798289776,15.131296997424215,0,7
612,1319011.png,0.8407380009884946,0.24043099983828142,13.795959996059537,0.3450619988143444,0.05987499753246084,15.319970996642951,0,4
613,1319021.png,0.8539769987692125,0.23797399626346305,13.595046002592426,0.33873299980768934,0.06053799734218046,15.134360000956804,0,16
614,1319024.png,0.9208260016748682,0.24281800142489374,13.8719399983529,0.35638899862533435,0.06224300159374252,15.503410999372136,0,4
615,1319029.png,0.8898739979485981,0.24517299607396126,13.64276499953121,0.37062800402054563,0.0651459995424375,15.263989000231959,0,1
616,1319031.png,0.9412009967491031,0.2635240016388707,13.402443000813946,0.3865410035359673,0.06354600191116333,15.106902006664313,0,2
617,1320014.png,0.8239219969254918,0.26583099679555744,13.151951003237627,0.3572009954950772,0.06038099672878161,14.701703999890015,0,4
618,1320017.png,0.8818310016067699,0.24041299911914393,13.928123000368942,0.33554199762875214,0.06083799962652847,15.493959996092599,0,2
619,1320025.png,0.9095170025830157,0.2653720002854243,13.98607500595972,0.3711669996846467,0.06840700370958075,15.639862001989968,0,3
620,1320037.png,0.9364969955640845,0.251124998612795,13.777934000245295,0.3610170024330728,0.06778899842174724,15.443007003341336,0,2
621,1320038.png,0.8960909981396981,0.2681030018720776,13.43682700098725,0.36446499871090055,0.06313499761745334,15.097755996976048,0,7
622,1320041.png,0.8486839942634106,0.26843699743039906,13.906344000133686,0.4168169980403036,0.086090003605932,15.570891999232117,0,4
623,1320047.png,0.8576309992349707,0.2797319975798018,14.332196005852893,0.3537699958542362,0.06086900248192251,15.928628999972716,0,4
624,1320060.png,0.8776599934208207,0.24980200396385044,13.895897995098494,0.3830679997918196,0.06619699706789106,15.522545996645931,0,1
625,13210003.png,0.8894700004020706,0.2516210006433539,14.001069001096766,0.34670599416131154,0.059513004089239985,15.599516002112068,0,5
626,13210005.png,0.8574770035920665,0.2307739996467717,13.099875002808403,0.3612240034271963,0.06386900349752977,14.65750100032892,0,10
627,13210008.png,0.9325689970864914,0.2982930018333718,17.129048996139318,0.8226369973272085,0.1260110002476722,19.381826001335867,0,17
628,13210009.png,0.8949269977165386,0.3576780000003055,28.35382299963385,0.39774800097802654,0.06664600368821993,30.117390997475013,0,6
629,13210018.png,0.8904870046535507,0.28843000472988933,14.438578000408597,0.3809379995800555,0.06435900286305696,16.115619000629522,0,2
630,13210021.png,0.8874060004018247,0.24974600091809407,13.738128000113647,0.4006770031992346,0.06705200212309137,15.386049999506213,0,3
631,13210030.png,0.8905340000637807,0.2545590032241307,14.138771002762951,0.4146840001340024,0.06444400059990585,15.815750004549045,0,5
632,13210033.png,0.8633979959995486,0.2607060014270246,14.135640994936693,0.36788899888051674,0.06238499918254092,15.73409100092249,0,1
633,13210035.png,0.90562499826774,0.29099799576215446,14.227740000933409,0.37928399979136884,0.06055100675439462,15.907533001154661,0,1
634,13210039.png,0.8618610008852556,0.26838199846679345,14.194226001563948,0.40497300506103784,0.06406899774447083,15.839022002182901,0,1
635,13210056.png,0.8697299999766983,0.2679590033949353,13.645607003127225,0.38053200114518404,0.06121399928815663,15.267385999322869,0,3
636,1322021.png,1.0001140035456046,0.33482499566162005,16.490223999426235,0.47760400047991425,0.08412099850829691,18.443060005665757,0,2
637,1322027.png,0.9164769944618456,0.2884190034819767,18.963006004923955,0.38558900268981233,0.06595599552383646,20.67199500015704,0,3
638,1322031.png,0.9543109990772791,0.46469700464513153,35.076328000286594,0.7833359995856881,0.11563899897737429,37.460262996319216,1,3
639,1322044.png,0.9776500010048039,0.33127500500995666,19.783579002250917,0.3576480012270622,0.06538799789268523,21.557560001383536,0,1
640,1325004.png,0.9389170008944348,0.25766599719645455,25.621704997320194,0.443871998868417,0.08619899745099247,27.398678001191,0,1
641,1325025.png,1.0038200052804314,0.3555990042514168,15.329951005696785,0.41973200131906196,0.07752400415483862,17.250167002202943,0,2
642,1325030.png,0.9781580010894686,0.34628299908945337,15.400760996271856,0.4247439937898889,0.06836999818915501,17.277004997595213,0,1
643,1325032.png,1.025124998704996,0.38623599539278075,19.310806004796177,0.8948570030042902,0.14894799824105576,21.82693500071764,0,3
644,1325034.png,1.2082540051778778,0.5166699993424118,36.325886998383794,0.7578450022265315,0.1219080004375428,39.002685000014026,1,7
645,1325037.png,0.9981999974115752,0.4626079971785657,15.218368003843352,0.4432039931998588,0.0805589952506125,17.254394995688926,0,5
646,1325044.png,1.0992259994964115,0.41372599662281573,14.528875995893031,0.38058100471971557,0.06695799675071612,16.565238001930993,0,3
647,1325050.png,0.912527997570578,0.23710700043011457,13.546279005822726,0.3517920049489476,0.06219499482540414,15.148780999879818,0,6
648,1325051.png,0.9219240018865094,0.24315100017702207,13.081219003652222,0.3593660003389232,0.05976600368740037,14.710882998770103,0,1
649,1329013.png,0.8182940000551753,0.28657700022449717,13.313533003383782,0.38972900074440986,0.06332200428005308,14.91850899765268,0,3
650,1329020.png,0.8426119966316037,0.2578719941084273,16.65982299891766,0.7281740035978146,0.11518500105012208,18.648535005922895,0,1
651,1329021.png,0.817547996120993,0.35514300543582067,14.261791002354585,0.3296040013083257,0.05833400064148009,15.866451001784299,0,2
652,1329051.png,0.7272009970620275,0.2318319966434501,14.034084997547325,0.3588920008041896,0.06445199687732384,15.462675000890158,0,2
653,1329052.png,0.8295270017697476,0.24364900309592485,13.195958999858703,0.33039399568224326,0.061243001255206764,14.70968400099082,0,1
654,1330010.png,0.8702959967195056,0.2351729999645613,13.627425003505778,0.3555690054781735,0.0642809973214753,15.19205800286727,0,1
655,1330016.png,0.8924089997890405,0.24497699632775038,13.5687060028431,0.3726310023921542,0.06012199446558952,15.187687997240573,0,1
656,1330027.png,0.9574989962857217,0.23656499979551882,16.902498005947564,0.42097800178453326,0.07128899596864358,18.63326000602683,0,1
657,1330031.png,0.9920840020640753,0.39963699964573607,14.089794000028633,0.434296001913026,0.10721800208557397,16.147064001415856,0,2
658,1330034.png,0.9311949979746714,0.2647900037118234,13.769379998848308,0.4295070029911585,0.1365630014333874,15.57319400308188,0,1
659,1330037.png,1.1909269960597157,0.41624500590842217,14.222546000382863,0.39077000110410154,0.06924600165802985,16.391678000218235,0,2
660,1330040.png,0.9508030052529648,0.33576900023035705,14.13350800430635,0.3798769976128824,0.06018099520588294,15.900770005828235,0,3
661,1330047.png,0.9626000028220005,0.2474270004313439,13.290293005411513,0.3465409972704947,0.05909900210099295,14.953624006011523,0,1
662,1331006.png,0.9429090059711598,0.30382599652512,13.894446004997008,0.4015180020360276,0.07508999988203868,15.670751003199257,0,4
663,1331012.png,0.9666769983596168,0.2929450056399219,13.839762003044598,0.3608839979278855,0.0648179993731901,15.579594997689128,0,2
664,1331014.png,0.9419830021215603,0.2473620043019764,13.411975000053644,0.39951300277607515,0.06999200559221208,15.120306998142041,0,7
665,1331015.png,0.9721280002850108,0.29845800600014627,13.754388004599605,0.3474080003798008,0.06286099960561842,15.478321998671163,0,4
666,1331025.png,1.255839000805281,0.43010999797843397,13.609620997158345,0.3275960043538362,0.0600200000917539,15.747466997709125,0,1
667,1331027.png,1.1040440003853291,0.4729389984277077,14.335386993479915,0.36415299837244675,0.17598099657334387,16.506950996699743,0,2
668,1331032.png,0.8909449970815331,0.29890999576309696,13.3383380016312,0.3373099971213378,0.30188000528141856,15.211178004392423,0,2
669,1331043.png,0.893844997335691,0.2944590014521964,13.523294001061004,0.34069600224029273,0.05949399928795174,15.15518499945756,0,5
670,1331044.png,0.9915979971992783,0.4057670012116432,13.797722000163049,0.39519699930679053,0.0743690034141764,15.722652999102138,0,6
671,1332002.png,0.8983030056697316,0.2773369997157715,13.625981002405751,0.3585969971027225,0.20808000408578664,15.416205002111383,0,1
672,1332005.png,1.0275249951519072,0.3138750034850091,14.384976006112993,0.3655050022643991,0.06378300167853013,16.1995299931732,0,2
673,1332006.png,0.8955250013968907,0.24983200273709372,13.853192998794839,0.3857429983327165,0.07031199493212625,15.503837006690446,0,2
674,1332010.png,0.9178899999824353,0.26686400087783113,13.66599200264318,0.3704049959196709,0.06550900434376672,15.339568002673332,0,4
675,1332014.png,0.8715470030438155,0.28769900382030755,13.588938003522344,0.28801900043617934,0.031374001991935074,15.11015799769666,0,0
676,1332020.png,1.0557639980106615,0.31739800033392385,13.780534995021299,0.3469909934210591,0.062131002778187394,15.619204998074565,0,1
677,1332035.png,1.0573120016488247,0.3949289966840297,13.601787002698984,0.3539730023476295,0.061285994888748974,15.526999995927326,0,2
678,1332039.png,0.8406139968428761,0.48513899673707783,20.61820900416933,0.3972350023104809,0.06382099672919139,22.465019996161573,0,2
679,1332042.png,0.8691000039107166,0.27013899671146646,14.701136999065056,0.4133580005145632,0.07187199662439525,16.370026998629328,0,4
680,1333007.png,1.0055169987026602,0.32889199792407453,13.930960994912311,0.3634149979916401,0.0633570016361773,15.744227996037807,0,2
681,1333024.png,0.9515040001133457,0.2670540052349679,13.16822700027842,0.3868119965773076,0.06676200428046286,14.881199000228662,0,6
682,1333037.png,1.0138190045836382,0.2624749977258034,13.291663002746645,0.34771899663610384,0.06033500540070236,15.022998995846137,0,1
683,1333044.png,1.0247620011796243,0.26554500072961673,13.663862999237608,0.3895290064974688,0.07087400445016101,15.468997997231781,0,8
684,1335002.png,0.8951880008680746,0.26376899768365547,15.94520099752117,0.4513560052146204,0.07756999548291788,17.68460999301169,0,6
685,1335016.png,0.8835549961077049,0.2577679988462478,14.876555003866088,0.3579559997888282,0.06215000030351803,16.490555004565977,0,14
686,1335018.png,0.877635000506416,0.26936500216834247,14.717436002683826,0.38242500158958137,0.06326600123429671,16.361847003281582,0,1
687,1335020.png,0.8606789997429587,0.25048899988178164,13.799628999549896,0.3541530022630468,0.0635030010016635,15.377027993963566,0,3
688,1340006.png,1.037743000779301,0.2431739994790405,13.078464995487593,0.33008199534378946,0.0600849962211214,14.798604999668896,0,1
689,1340021.png,0.9551660041324794,0.23464699916075915,13.224989001173526,0.36090500361751765,0.060004997067153454,14.881741000863258,0,1
690,1358001.png,0.9849400012171827,0.2645540007506497,13.605477004603017,0.36958100099582225,0.06532100087497383,15.341216007072944,0,32
691,1358012.png,1.0269099948345684,0.2686059960979037,13.585858003352769,0.38181299896677956,0.06417400436475873,15.36800400208449,0,5
692,1358013.png,1.0359020016039722,0.27248699916526675,12.954049001564272,0.32627499604132026,0.06112799746915698,14.69403500232147,0,1
693,1363003.png,0.8580099965911359,0.2366459957556799,12.981861997104716,0.3516689976095222,0.059994999901391566,14.53447300445987,0,3
694,1363005.png,1.1140159986098297,0.2741780044743791,14.052976002858486,0.3756700025405735,0.06805099837947637,15.933504000713583,0,18
695,1363017.png,0.9721960013848729,0.27052399673266336,13.642060999700334,0.3456999984337017,0.06434500392060727,15.34515799721703,0,7
696,1363018.png,0.8330950004165061,0.24456499522784725,14.66577900282573,0.3846849940600805,0.06755499634891748,16.239153999777045,0,1
697,1363025.png,0.9900479999487288,0.26378699840279296,16.559346004214603,0.3764039938687347,0.06120299804024398,18.33341699966695,0,7
698,1363035.png,1.0086580005008727,0.24200000189011917,13.773406004474964,0.36406399885891005,0.06393499643309042,15.496242005610839,0,2
699,1367007.png,0.9515749989077449,0.26426900149090216,13.276785997732077,0.34485999640310183,0.057715995353646576,14.944523994927295,0,17
700,1367024.png,0.8467040024697781,0.2297000028192997,13.974408000649419,0.34809800126822665,0.05867200525244698,15.492856997298077,0,2
701,1379038.png,0.9888909989967942,0.38704199687344953,15.028857000288554,0.37734299985459074,0.06324100104393438,16.896380002435762,0,5
702,1395002.png,1.0284050003974698,0.27786800637841225,14.453058996878099,0.37167200207477435,0.062054998124949634,16.243914993538056,0,4
703,1395005.png,0.9890380024444312,0.26627899933373556,13.953868998214602,0.3916649948223494,0.06434700480895117,15.707585000200197,0,10
704,1395008.png,1.0092450029333122,0.2629139999044128,14.080187000217848,0.3761869957088493,0.06901799497427419,15.848497998376843,0,4
705,1395009.png,1.042130999849178,0.42495900561334565,13.89486099651549,0.3696869971463457,0.06043900066288188,15.852668999286834,0,3
706,1395011.png,1.0220260010100901,0.3446420014370233,15.41372700012289,0.4354920019977726,0.06937400030437857,17.34519899764564,0,6
707,1395012.png,0.8965529996203259,0.2800130023388192,13.981481002701912,0.42491899512242526,0.06845300231361762,15.700465999543667,0,5
708,1395013.png,0.8885210045264103,0.2725349986576475,13.626915999338962,0.4452229986782186,0.07322499732254073,15.349641005741432,0,3
709,1395020.png,0.936010001169052,0.28157999622635543,13.346924999495968,0.34521899942774326,0.06664000102318823,15.029853995656595,0,12
710,1399017.png,1.0051339995698072,0.3209909991710447,13.369289998081513,0.35746300272876397,0.06221500370884314,15.184898998995777,0,11
711,1399019.png,0.943337996432092,0.3867760024149902,13.383797006099485,0.3497479992802255,0.06263799878070131,15.176898006757256,0,8
712,1399020.png,1.0776050039567053,0.3551499976310879,14.014829997904599,0.3758890015888028,0.06043400208000094,15.94734399986919,0,13
713,1399021.png,1.0073200028273277,0.42621100146789104,24.018953001359478,0.40792100480757654,0.06427399785025045,25.98907000356121,0,4
714,1399022.png,0.9117969966609962,0.2705750011955388,13.884576997952536,0.37233000330161303,0.062284998421091586,15.55545400333358,0,7
715,1424005.png,0.9388850012328476,0.29566599550889805,13.823888999468181,0.39066099998308346,0.06700499943690374,15.56806400185451,0,23
716,1424012.png,0.9193329970003106,0.24707500415388495,15.198442000837531,0.3426949988352135,0.06690499867545441,16.836146998684853,0,6
717,1424017.png,0.9268290014006197,0.2615730045363307,13.306495995493606,0.3675199986901134,0.06400299753295258,14.976481004850939,0,7
718,1424018.png,0.8682469997438602,0.2491529958206229,13.242286004242487,0.35917900095228106,0.06208400009199977,14.818608004134148,0,18
719,1424035.png,0.8782270015217364,0.2667480002855882,13.301298997248523,0.34792999940691516,0.06368699541781098,14.899123998475261,0,8
720,1424037.png,0.8672979965922423,0.2603009997983463,13.244139998278115,0.35326600482221693,0.06082500476622954,14.830797001195606,0,17
721,1427008.png,0.7510850045946427,0.2610570008982904,13.560817002144177,0.3758329985430464,0.06249899888643995,15.050417998281773,0,4
722,1427011.png,0.9181839996017516,0.26029199943877757,14.66288699884899,0.36476099921856076,0.06516899884445593,16.30862999445526,0,13
723,1429004.png,0.9209690033458173,0.26475699996808544,14.125797999440692,0.377949996618554,0.0645260006422177,15.800184999534395,0,3
724,1429015.png,0.9177669999189675,0.26505499408813193,16.249483000137843,0.4237140019540675,0.07432500569848344,17.97381299547851,0,7
725,1429023.png,0.9647830011090264,0.26156000240007415,17.380559002049267,0.4245470045134425,0.07310599903576076,19.155037000018638,0,1
726,1429025.png,0.8121430000755936,0.27786499413196,13.691954001842532,0.3857730043819174,0.06160000339150429,15.276539001206402,0,12
727,1431002.png,0.9234610042767599,0.25720399571582675,28.483276997576468,0.3696140047395602,0.06408300396287814,30.136504996335134,0,4
728,1431007.png,0.8305420051328838,0.2692119960556738,17.958452997845598,0.4127440042793751,0.07270499918377027,19.58661599928746,0,5
729,1431009.png,0.9070589949260466,0.3085019998252392,14.356591003888752,0.36570100201060995,0.06216300243977457,16.054728999733925,0,34
730,1431014.png,0.7538490026490763,0.2784809985314496,13.519814994651824,0.36901199928252026,0.07511199510190636,15.038529003504664,0,1
731,1431021.png,0.9034260001499206,0.33049500052584335,14.385020993358921,0.3837990007014014,0.07020900375209749,16.122585999255534,0,7
732,1433001.png,0.92488199879881,0.2821140005835332,14.288616002886556,0.45003899867879227,0.07397099398076534,16.087151001556776,0,2
733,1433012.png,0.9832590003497899,0.3009609936270863,14.008917998580728,0.34584100649226457,0.06266700074775144,15.760217000206467,0,10
734,1433016.png,0.8664100023452193,0.25725899467943236,13.15284799784422,0.35352000122657046,0.061239996284712106,14.733959003933705,0,4
735,2109015.png,0.7434210056089796,0.2545019960962236,13.776145002339035,0.369629000488203,0.06339300307445228,15.25297800253611,0,3
736,2109020.png,0.8342189976247028,0.26601100398693234,13.288948997796979,0.3830700006801635,0.06844499876024202,14.880476999678649,0,11
737,2110004.png,0.9223020024364814,0.2720970005611889,13.47503499710001,0.36448299943003803,0.06084200140321627,15.139975999773014,0,3
738,2110006.png,0.8372260053874925,0.2770220016827807,13.236024002253544,0.6171659988467582,0.1299639989156276,15.13674900343176,0,2
739,2110007.png,1.0392390031483956,0.3924329939763993,14.50535699405009,0.377520002075471,0.06416600081138313,16.440416999103036,0,9
740,2110012.png,0.951647998590488,0.2725119993556291,13.653040005010553,0.37966499803587794,0.06332700286293402,15.368330001365393,0,2
741,3000005.png,0.9052500026882626,0.29337799787754193,13.85417099663755,0.4544870025711134,0.08195000555133447,15.631654998287559,0,15
742,3000011.png,0.9774049976840615,0.268433999735862,14.046167998458259,0.4131149980821647,0.07131600432330742,15.828047995455563,0,23
743,3000021.png,1.0982370004057884,0.28520100022433326,13.951337001344655,0.3435000035096891,0.059402998886071146,15.792796002642717,0,1
744,3000023.png,1.0232969943899661,0.49470299563836306,14.099355998041574,0.35804999788524583,0.06155799928819761,16.08060600119643,0,4
745,3000032.png,0.9793400022317655,0.24532699899282306,13.982600001327228,0.37104199873283505,0.06850300269434229,15.69943599315593,0,1
746,3000046.png,1.0126260021934286,0.2553349986555986,13.976399000966921,0.38255799881881103,0.07033200381556526,15.75414899707539,0,2
747,3000058.png,0.9770190008566715,0.2904450011556037,14.68133299931651,0.434596004197374,0.06783500430174172,16.51738899818156,0,11
748,3000062.png,0.9857520053628832,0.28251399635337293,15.726297999208327,0.38038400089135394,0.07859199831727892,17.524721995869186,0,14
749,3000066.png,1.040054004988633,0.3566919986042194,14.800132004893385,0.3805249943980016,0.07062499935273081,16.703435001545586,0,11
750,3000080.png,0.9711040038382635,0.24996499996632338,13.648177002323791,0.3494929987937212,0.05788799899164587,15.322672996262554,0,1
751,3000083.png,0.9876120020635426,0.25750799977686256,13.528149997000583,0.3492300020297989,0.06354300421662629,15.233555001032073,0,1
752,3000089.png,0.9599569966667332,0.2440210009808652,13.701536001462955,0.37341200368246064,0.06649500573985279,15.394226997159421,0,5
753,3000108.png,0.9435449974262156,0.24439499975414947,13.276162004331127,0.34332899667788297,0.06340099935187027,14.912025995727163,0,5
754,3000109.png,0.9701279996079393,0.24799399398034438,14.091037002799567,0.3599829942686483,0.06479900184785947,15.779252993525006,0,2
755,3000113.png,0.9203689987771213,0.2418060030322522,13.661693003086839,0.3574149959604256,0.06912899698363617,15.295675002562348,0,8
756,3000120.png,0.96243699954357,0.32266399648506194,13.577324003563263,0.3489679947961122,0.05983300070511177,15.318974998081103,0,1
757,3000121.png,0.9102749972953461,0.2607000060379505,13.204101000155788,0.34014900302281603,0.06040699372533709,14.820973003224935,0,4
758,3000124.png,0.9633930021664128,0.24126799689838663,12.94446199608501,0.3767039961530827,0.06793099601054564,14.648839998699259,0,9
759,3000129.png,0.9781999979168177,0.29179600096540526,14.518206000502687,0.3618320042733103,0.08687499939696863,16.288172999338713,0,15
760,3000130.png,0.8891879988368601,0.24328300060005859,13.461002003168687,0.3453130048001185,0.06371700146701187,15.04743399709696,0,12
761,3000131.png,0.8697100056451745,0.23756500013405457,13.26465500460472,0.5669070014846511,0.07146200368879363,15.068358996359166,0,15
762,3000133.png,0.9212450022459961,0.24770999880274758,13.77012499870034,0.37780099955853075,0.0639870049781166,15.416210000694264,0,11
763,3000134.png,1.0160219972021878,0.27187899831915274,15.0286460047937,0.45164699986344203,0.07636199734406546,16.897208995942492,0,7
764,3000140.png,0.9439419955015182,0.2776100009214133,15.851870994083583,0.3742159969988279,0.06578299507964402,17.568944000231568,0,26
765,3000145.png,0.9374189976369962,0.2709010004764423,14.984784000262152,0.42464499711059034,0.07024299702607095,16.73750299960375,0,24
766,3000147.png,0.7571200039819814,0.24344600387848914,14.339600995299406,0.3821319987764582,0.068788998760283,15.83299399499083,0,17
767,3000148.png,0.7417399974656291,0.23443799727829173,15.782323003804777,0.4633270000340417,0.08122299914248288,17.34567699895706,0,11
768,3000149.png,0.8083809952950105,0.3052340034628287,19.0426019980805,0.4611309996107593,0.08088000322459266,20.744440000271425,0,31
769,3000151.png,0.8074759971350431,0.2967100008390844,17.703931000141893,0.3754799981834367,0.07016000017756596,19.306538997625466,0,20
770,3000152.png,0.7878539981902577,0.24556600692449138,14.395491001778282,0.3670939986477606,0.06747500447090715,15.915834999759682,0,22
771,3000156.png,0.8414960029767826,0.27247900288784876,15.078176998940762,0.36969600478187203,0.06817599933128804,16.677364001225214,0,14
772,3000183.png,0.9048499996424653,0.24795300123514608,16.045340002165176,0.43451200326671824,0.07355699926847592,17.7500349964248,0,10
773,3000186.png,0.9153770006378181,0.2510429985704832,17.590971998288296,0.7327580024139024,0.11352999717928469,19.656805001432076,0,7
774,3000190.png,0.9052630048245192,0.32685999758541584,32.51221700338647,0.356055999873206,0.06379500700859353,34.21277500456199,1,16
775,3000194.png,1.000959993689321,0.2486910016159527,13.264675995742436,0.3879249998135492,0.068227993324399,15.020219005236868,0,7
776,3000197.png,0.9242840023944154,0.27177999436389655,13.720665003347676,0.4495329994824715,0.06907199713168666,15.479907997359987,0,26
777,3000204.png,1.060806003806647,0.2725020021898672,12.919440006953664,0.355447999027092,0.14968699542805552,14.80958100000862,0,8
778,3000212.png,1.1037659933208488,0.31901100010145456,13.448313999106176,0.34958699689013883,0.06370600021909922,15.33807900705142,0,6
779,3000246.png,1.140692998887971,0.40532999992137775,13.456387001497205,0.3525630017975345,0.06273399776546285,15.479888999834657,0,5
780,3002009.png,0.8436470016022213,0.4343289983808063,14.313047999166884,0.3652599989436567,0.06967900117160752,16.07518600212643,0,14
781,3002017.png,0.809420998848509,0.5505529989022762,33.76248599670362,0.775270993472077,0.1289549982175231,36.16360199521296,1,18
782,3002022.png,0.7793879995006137,0.3479129954939708,21.6878560022451,0.35245999606559053,0.06551799742737785,23.283574999368284,0,28
783,3002026.png,0.9723900002427399,0.25502799690002576,14.508512002066709,0.3553299975465052,0.06499799928860739,16.201817998080514,0,21
784,3002029.png,0.8698340025148354,0.28033200214849785,14.83801800350193,0.27586499345488846,0.030367998988367617,16.34000700141769,0,0
785,3002033.png,0.884926994331181,0.2566379989730194,14.124799003184307,0.3720480017364025,0.06735899660270661,15.75079499889398,0,3
786,3002034.png,0.9457159976591356,0.2563859961810522,13.830056006554514,0.37884099583607167,0.06717399810440838,15.52646300115157,0,9
787,3002036.png,0.8820970033411868,0.2421710014459677,13.774822000414133,0.37513900315389037,0.06576799933100119,15.380582000943832,0,14
788,3002039.png,0.9232459997292608,0.24848199973348528,14.201682999555487,0.36278100014897063,0.06475800182670355,15.851429001486395,0,19
789,3002056.png,0.9507299982942641,0.25761100550880656,13.483102004101966,0.3603829973144457,0.06130000110715628,15.164112999627832,0,5
790,3002057.png,0.9217230035574175,0.2517419998184778,13.948820997029543,0.3525540014379658,0.06271200254559517,15.595300996210426,0,7
791,3002059.png,0.8622899986221455,0.2501159979146905,13.842587002727669,0.4532689999905415,0.07230999472085387,15.541048000159208,0,11
792,3002062.png,0.7972419989528134,0.27552199753699824,13.801027998852078,0.3689229997689836,0.06604700320167467,15.357297997979913,0,11
793,3002064.png,0.9169090044451877,0.2468309976393357,13.57283700053813,0.3375750020495616,0.062427003285847604,15.177489003690425,0,8
794,3002075.png,0.8867910000844859,0.2407610008958727,13.459813999361359,0.3425050017540343,0.06264299736358225,15.039693003927823,0,15
795,3002080.png,0.8538050024071708,0.23692600370850414,28.727195000101347,0.6743530029780231,0.10645700240274891,30.642600999271963,0,9
796,3002087.png,0.9415910026291385,0.3269519947934896,28.385844998410903,0.6552990016643889,0.1059339992934838,30.470928002614528,0,7
797,3002094.png,0.9539189995848574,0.3228530040360056,15.59364300192101,0.36091299989493564,0.06468500214396045,17.343905004963744,0,6
798,3002096.png,0.9120129980146885,0.26318500022171065,17.322138002782594,0.5114969972055405,0.08961800631368533,19.149263003782835,0,14
799,3002106.png,1.0198230011155829,0.3192139993188903,18.059884001559112,0.4566890056594275,0.07594500493723899,19.99419899948407,0,16
800,3002108.png,0.9204849993693642,0.2600980005809106,20.096116000786424,0.747120997402817,0.11292099952697754,22.189914001501165,0,10
801,3002109.png,1.0104090033564717,0.40698500379221514,14.61946900235489,0.3597670001909137,0.07162700057961047,16.516240000783,0,7
802,3002110.png,1.003122997644823,0.42524500167928636,14.093696998315863,0.36363400431582704,0.06700599624309689,15.994603003491648,0,13
803,3002112.png,1.0018559987656772,0.33998300204984844,13.129159997333772,0.3423000016482547,0.05967500328551978,14.93245099845808,0,4
804,3002119.png,0.8299370019813068,0.3496529971016571,13.795117003610358,0.3696229978231713,0.06099000165704638,15.449592006916646,0,4
805,3002131.png,0.9594099974492565,0.23980499827302992,13.486042997101322,0.3615429959609173,0.060300997574813664,15.147541998885572,0,2
806,3002137.png,0.9001139987958595,0.2582080051070079,14.62811900273664,0.3806809982052073,0.0674699986120686,16.28383500064956,0,9
807,3002148.png,0.8066949958447367,0.24157699954230338,14.60669600055553,0.39238700264832005,0.06632599979639053,16.156033001607284,0,3
808,3002152.png,0.8215130001190118,0.2576359984232113,15.315557000576518,0.5439309970824979,0.09757099905982614,17.08017900091363,0,12
809,3002154.png,0.9161830021184869,0.3744939967873506,14.430251001613215,0.4106230044271797,0.07189800089690834,16.262161996564828,0,7
810,3002155.png,0.8269530007964931,0.24781899992376566,13.453874998958781,0.3344590004417114,0.06535099964821711,14.971163000154775,0,16
811,3002161.png,1.0222290002275258,0.277810002444312,13.365331004024483,0.3646260011009872,0.0600950006628409,15.137112000957131,0,6
812,3002170.png,0.8471429973724298,0.34405200131004676,13.283132000651676,0.31335999665316194,0.08177900599548593,14.909489000274334,0,2
813,3002191.png,0.9734639970702119,0.1943399984156713,14.179876001435332,0.3793819996644743,0.06407700129784644,15.827951996470802,0,7
814,3002197.png,0.9085389974643476,0.26392600557301193,13.512504003301729,0.34794400562532246,0.06386399763869122,15.138932998524979,0,30
815,3002203.png,0.9760579996509477,0.24928799393819645,13.954104004369583,0.34756099921651185,0.06332100019790232,15.637518998119049,0,21
816,3002204.png,0.9683570024208166,0.2549580021877773,14.884652999171522,0.37796499964315444,0.06830700294813141,16.60514299874194,0,8
817,3002213.png,0.9334400019724853,0.4362010004115291,27.48010399955092,0.713795998308342,0.11838199861813337,29.725230997428298,0,3
818,3002228.png,0.9210850039380603,0.353991003066767,19.848718999128323,0.4578480002237484,0.07939900388009846,21.71200299926568,0,4
819,3002230.png,0.9255819968529977,0.3070009988732636,18.921143004263286,0.4893040022579953,0.08125299791572616,20.780478000233416,0,40
820,3002232.png,0.8216979986173101,0.25777699920581654,16.413557998021133,0.3752569973585196,0.06486399797722697,17.97829299903242,0,3
821,3002238.png,0.871011994604487,0.28957500035176054,14.105383997957688,0.37490599788725376,0.0641189981251955,15.75854400289245,0,24
822,3002243.png,0.8072429991443641,0.2816749984049238,14.046219002921134,0.3630290011642501,0.06389299960574135,15.601065999362618,0,24
823,3002244.png,0.8612279998487793,0.2744820012594573,13.138770998921245,0.3459779982222244,0.06455399852711707,14.736436001840048,0,38
824,3003005.png,0.9227450063917786,0.24751699675107375,13.248262999695726,0.36387999716680497,0.06462700548581779,14.895467997121159,0,4
825,3003010.png,0.859179999679327,0.23093700292520225,14.069427998038009,0.35202499566366896,0.06302499969024211,15.611221999279223,0,9
826,3003013.png,0.9107020014198497,0.23477699869545177,13.537639999412932,0.3653780004242435,0.0654319956083782,15.164488002483267,0,11
827,3003016.png,0.8859599984134547,0.2642149993334897,14.075350998609792,0.3597649993025698,0.0647369961370714,15.693054003349971,0,8
828,3003018.png,0.8394290052819997,0.27768399741034955,13.651032997586299,0.34994599991478026,0.06105300417402759,15.229882003040984,0,2
829,3003029.png,0.8323410002049059,0.2390160007053055,13.362035002501216,0.33921100111911073,0.07259899575728923,14.892965999024455,0,3
830,3003033.png,0.791457001469098,0.2343680025660433,13.17572699917946,0.34305299777770415,0.0630470021860674,14.644423994468525,0,17
831,3003036.png,0.7834969946998172,0.2367630004300736,14.645891002146527,0.38504600524902344,0.028339003620203584,16.11695400060853,0,0
832,3003047.png,0.8915279977372847,0.35351399856153876,15.80606099741999,0.3878370043821633,0.06420900172088295,17.5439830054529,0,3
833,3003048.png,0.9338090021628886,0.2503709984011948,13.721546994929668,0.3778829996008426,0.0688479995005764,15.395757000078447,0,4
834,3003049.png,0.912370000150986,0.2563029993325472,13.635477997013368,0.3790580012719147,0.06260400550672784,15.287246002117172,0,7
835,3003069.png,1.002274002530612,0.2513840008759871,13.622481004858855,0.35531299363356084,0.06249699799809605,15.334087998780888,0,3
836,3003078.png,0.8648850052850321,0.2690590044949204,31.245624995790422,0.7451160054188222,0.12558299931697547,33.29973600193625,0,3
837,3003083.png,0.8353759985766374,0.41214199882233515,20.742603999678977,0.3609470004448667,0.07057099719531834,22.466799993708264,0,27
838,3003094.png,0.9284589978051372,0.2585830006864853,13.976979993458372,0.367843997082673,0.07859899778850377,15.662539000913966,0,7
839,3003105.png,0.8996639953693375,0.4954169999109581,20.37408499745652,0.6897200000821613,0.11084799916716293,22.62406599766109,0,2
840,3003106.png,0.8225380006479099,0.3315229987492785,20.323331002146006,0.37291599437594414,0.06587499956367537,21.966524996969383,0,10
841,3003121.png,0.8862540053087287,0.24469799973303452,14.141861000098288,0.3446529954089783,0.06535599823109806,15.73096100037219,0,2
842,3003125.png,0.9278090001316741,0.25138299679383636,13.835957004630473,0.37493599666049704,0.06460599979618564,15.504667993809562,0,3
843,3003139.png,0.8408979992964305,0.23987000167835504,13.46856100281002,0.3470249939709902,0.06739899981766939,15.004259999841452,0,3
844,3003152.png,0.9066019993042573,0.29422299849102274,14.160982005705591,0.36829199962085113,0.06789499457227066,15.839386003790423,0,3
845,3003160.png,0.9265990011044778,0.27453900111140683,13.999789000081364,0.3506680004647933,0.0709489977452904,15.665967999666464,0,4
846,3003164.png,0.9118999951169826,0.2518379988032393,13.662855999427848,0.38167899765539914,0.06590200064238161,15.321098995627835,0,3
847,3003166.png,0.9327070001745597,0.2577619961812161,13.943316000222694,0.3693809994729236,0.06476399721577764,15.607879999151919,0,1
848,3003168.png,0.8880370005499572,0.2934599979198538,14.466315995377954,0.3905479970853776,0.0704830017639324,16.151412004546728,0,4
