index,filename,preprocess_ms,host_to_device_ms,inference_ms,postprocess_ms,output_to_cpu_ms,processing_total_ms,deadline_missed,num_detections
1,0001003.png,0.9138469995377818,0.33606099896132946,10.578691000773688,0.2950769994640723,0.0543610003660433,12.22929300092801,0,4
2,0001020.png,0.9491500004514819,0.2010749994951766,10.857944000235875,0.32241100052488036,0.05663399861077778,12.420981998729985,0,1
3,0001023.png,1.0120489987457404,0.2206030003435444,12.245575000633835,0.34832099845516495,0.05999899985908996,13.946208000561455,0,7
4,0001031.png,1.0158210006920854,0.20918999871355481,10.988138999891817,0.3128789994661929,0.05925999903411139,12.623497999811661,0,3
5,0001043.png,1.0488650004845113,0.21163600104046054,10.631253999235923,0.34336899989284575,0.053627001761924475,12.332492999121314,0,3
6,0001047.png,0.9711729999253293,0.2163520002795849,10.210307998931967,0.30220200096664485,0.05555499956244603,11.789119998866227,0,7
7,0001052.png,0.7780209998600185,0.20794299962290097,10.267107998515712,0.27878599939867854,0.05508499998541083,11.617754000326386,0,11
8,0001053.png,0.8037910010898486,0.1997760009544436,10.425476999444072,0.28883499908261,0.05490500006999355,11.811012998805381,0,5
9,0001054.png,0.7911539996712236,0.20403400048962794,10.374894000051427,0.30887200045981444,0.05673600026057102,11.775484999816399,0,2
10,0001060.png,0.7553999985248083,0.1972780009964481,9.949115999916103,0.2954640003736131,0.050908000048366375,11.301395999907982,0,2
11,0001068.png,0.7515019988204585,0.1848739993874915,10.75148900054046,0.31222500001604203,0.05908499952056445,12.090882999473251,0,4
12,0001071.png,0.8015829989744816,0.20270100139896385,10.71882500036736,0.3119490011158632,0.06204800047271419,12.13069900040864,0,1
13,0001072.png,0.8001490004971856,0.21087200002511963,10.286943999744835,0.37017100112279877,0.06693999966955744,11.775364000641275,0,6
14,0001073.png,0.8007640008145245,0.22055699992051814,10.217421999186627,0.28823600041505415,0.054477000958286226,11.614102999374154,0,6
15,0001074.png,0.7146190000639763,0.2027020000241464,10.35443600085273,0.2987549996760208,0.05579899880103767,11.665989999528392,0,1
16,0001083.png,0.8241169998655096,0.19965499996033031,10.083997000037925,0.32506900060980115,0.056539000070188195,11.522762000822695,0,5
17,0001085.png,0.8262909996119561,0.23611799952050205,10.278357000061078,0.2897140002460219,0.053154999477555975,11.725080999894999,0,3
18,0001086.png,0.8976019998954143,0.207523999051773,10.293443998307339,0.32198100052482914,0.05066800076747313,11.815490999651956,0,6
19,0001088.png,0.8181810007954482,0.21600199943350162,16.187215000172728,0.3504169999359874,0.06656200093857478,17.678933998467983,0,1
20,0002015.png,0.8377370013477048,0.22425499992095865,13.624332001199946,0.6944169999769656,0.11053900016122498,15.531818000454223,0,3
21,0002037.png,0.9287400007451652,0.3058279999095248,27.087757000117563,0.7041299995762529,0.10572199971647933,29.17663900007028,0,1
22,0002040.png,0.8928879997256445,0.29781599914713297,14.362778998474823,0.3378180008439813,0.05604399848380126,15.989695000826032,0,2
23,0002043.png,0.9381910003867233,0.26002999948104843,17.3032359998615,0.7131769998522941,0.11305099906167015,19.37789099974907,0,1
24,0002045.png,1.0543520002102014,0.3514260006340919,26.189581998551148,0.69844599966018,0.1102719998016255,28.45664099913847,0,7
25,0002046.png,0.9051390006789006,0.3027200000360608,12.1402559998387,0.38531599966518115,0.06962500083318446,13.847460000761203,0,2
26,0002049.png,0.9971230010705767,0.28130299870099407,11.80067300083465,0.34262100052728783,0.061564000134239905,13.542194999899948,0,6
27,0002061.png,0.8292040001833811,0.2444100009597605,10.919400001512258,0.3464309993432835,0.056057000620057806,12.437342000339413,0,22
28,0002065.png,0.8682570005476009,0.23917099861137103,10.660470999937388,0.32763199851615354,0.06182500146678649,12.19742099965515,0,7
29,0002075.png,0.8620420012448449,0.21064099928480573,10.521393998715212,0.3329369992570719,0.06796299931011163,12.030930000037188,0,3
30,00030001.png,0.7847510005376535,0.3770359999180073,10.601549000057275,0.2962649996334221,0.055283000619965605,12.168182998721022,0,9
31,00030004.png,0.8423580002272502,0.20909300110361073,10.500751999643398,0.30839200007903855,0.055947999499039724,11.957478000113042,0,1
32,00030006.png,0.9123230011027772,0.20917199981340673,10.619322001730325,0.3324629997223383,0.05664099990099203,12.1700960007729,0,2
33,00030015.png,0.9514039993518963,0.20756300000357442,10.582406999674276,0.30490700009977445,0.07472499964933377,12.165209998784121,0,4
34,00030016.png,0.8677350015204865,0.26258099933329504,12.035272000503028,0.31858900001680013,0.05996999971102923,13.580323000496719,0,4
35,00030017.png,0.9403469994140323,0.2385420011705719,13.594608000857988,0.6896030008647358,0.10529099927225616,15.615606000210391,0,1
36,0006002.png,0.9535589997540228,0.31375099933939055,14.797182000620523,0.3376200002094265,0.06169300104374997,16.504551998878014,0,10
37,0006013.png,0.9567430006427458,0.2118580014212057,10.893591001149616,0.32942699908744544,0.08520700066583231,12.519402998805162,0,16
38,0008009.png,0.7818590001988923,0.2175720001105219,14.035656999112689,0.3675250009109732,0.06979699901421554,15.515643999606255,0,4
39,0008034.png,0.8493650002492359,0.22330700085149147,13.448284998958115,0.6756910006515682,0.10476599891262595,15.337052998802392,0,4
40,0009007.png,0.8687270001246361,0.3002360008395044,26.690520000556717,0.7495690006180666,0.11357299990777392,28.76555400143843,0,3
41,0009020.png,0.9414139985892689,0.3101660004176665,14.453341000262299,0.33264699959545396,0.05840899939357769,16.140163999807555,0,3
42,0009028.png,0.9897969994199229,0.288507000732352,11.087909999332624,0.3304599995317403,0.06322700028249528,12.807541999791283,0,4
43,0009029.png,0.9245519995602081,0.21079599900986068,10.742608999862568,0.30702000003657304,0.052086999858147465,12.272285001017735,0,6
44,0009030.png,0.8837209988996619,0.23508300000685267,10.546006000367925,0.29499900119844824,0.05524100015463773,12.051274999976158,0,10
45,0009032.png,0.8814409993647132,0.2259560005768435,20.149048999883235,0.8791670006758068,0.12373199933790602,22.303780000584084,0,8
46,0009036.png,1.0617860007187119,0.404958000217448,19.471792000331334,0.5166049995750654,0.08586699914303608,21.59476800079574,0,17
47,0009045.png,1.6637540011288365,0.5042680004407885,28.07172499888111,0.5254940006125253,0.08380699910048861,30.983672999354894,0,4
48,0009053.png,1.4983989985921653,0.2834509996318957,16.37198000025819,0.40677899960428476,0.07368600017798599,18.69226999951934,0,10
49,0011005.png,0.9765559989318717,0.30379700001503807,11.333197000567452,0.34551300086604897,0.06250099977478385,13.059380000413512,0,13
50,0011006.png,0.9264500004064757,0.24796400066406932,11.675013000058243,0.3544930004864,0.0636669992672978,13.314775998878758,0,6
51,0011014.png,1.04956100039999,0.25542900038999505,11.592265000217594,0.37827500091225374,0.06704999941575807,13.385131000177353,0,7
52,0011016.png,1.1095159989054082,0.41276199954154436,11.198547999811126,0.33850199906737544,0.06317999941529706,13.177406999602681,0,11
53,0011022.png,0.9862700007943204,0.26609899941831827,10.804640000060317,0.37662399881810416,0.10853700041479897,12.591328000780777,0,7
54,0011025.png,1.0815250006999122,0.2923789998021675,11.034619001293322,0.6867880001664162,0.06360000043059699,13.195077001000755,0,7
55,0011026.png,1.0154370011150604,0.27871100064658094,11.27917499979958,0.35854100133292377,0.06051499985915143,13.034059000347042,0,6
56,0011031.png,0.8688310008437838,0.2233059985883301,10.573980000117444,0.3515780008456204,0.07902399920567404,12.132421999922371,0,3
57,0011034.png,0.9282749997510109,0.22002800142217893,10.400422999737202,0.30931199944461696,0.05782200059911702,11.952433000260498,0,11
58,0011036.png,0.8534779990441166,0.2095240015478339,10.325815999749466,0.44061299922759645,0.06640199899266008,11.931471000934835,0,11
59,0012002.png,0.88756600052875,0.21458799892570823,10.418457000923809,0.28797099912480917,0.054700001783203334,11.903443000846892,0,2
60,0012003.png,0.8826220000628382,0.2191280000261031,10.941821999949752,0.33545099904586095,0.052277000577305444,12.472210999476374,0,4
61,0012005.png,0.9027599990076851,0.21922400082985405,10.757137000837247,0.3358920002938248,0.05977399996481836,12.3165599998174,0,3
62,0012006.png,0.8644680001452798,0.21430800006783102,18.285222999111284,0.6629690014960943,0.13368899999477435,20.197574000121676,0,17
63,0012008.png,0.8419389996561222,0.3199459988536546,12.4790749996464,0.3393709994270466,0.06192299952090252,14.080228000239003,0,9
64,0012011.png,0.9405630007677246,0.21544999981415458,11.015472999133635,0.332263000018429,0.06119900172052439,12.6083680006559,0,2
65,0013002.png,0.9135979998973198,0.2345100001548417,14.969660000133445,0.4994179998902837,0.03487499998300336,16.698200000973884,0,0
66,0013003.png,0.7805440000083763,0.3474590012046974,29.670755000552163,0.4026019996672403,0.0302419994113734,31.2841999984812,0,0
67,0013008.png,0.8789640014583711,0.3760600011446513,25.733469999977387,0.36874600118608214,0.06484299956355244,27.47216399984609,0,5
68,0013012.png,0.8735110004636226,0.23345399858953897,11.220631000469439,0.3392590006114915,0.1973529997485457,12.914805000036722,0,3
69,0013021.png,0.8980029997474048,0.24204600049415603,10.851996999917901,0.32395699963672087,0.06039199979568366,12.412846999723115,0,3
70,0014011.png,0.9430289992451435,0.2209840004070429,11.740177000319818,0.3738670002348954,0.06820000089646783,13.396759999523056,0,1
71,0014017.png,1.0067329985758988,0.2663079994817963,10.968272001264268,0.23334200159297325,0.023689999579801224,12.54719499956991,0,0
72,0014020.png,0.8737190000829287,0.2172250005969545,10.796122998726787,0.30849700124235824,0.05797000085294712,12.287299001400243,0,4
73,0014023.png,0.9040719996846747,0.22005899882060476,10.65064300019003,0.32026299959397875,0.05589600004896056,12.193536000268068,0,1
74,0014029.png,0.9950049989129184,0.29244399956951384,10.725508000177797,0.30103899916866794,0.056913000662461855,12.419570999554708,0,5
75,0015004.png,0.929224999708822,0.20491100076469593,10.811436999574653,0.29450699912558775,0.05871699977433309,12.340716000835528,0,7
76,0015006.png,0.7328979991143569,0.23375700038741343,10.7043629996042,0.3045129997190088,0.05769299968960695,12.069431999407243,0,29
77,0015013.png,0.8841050002956763,0.22092600011092145,20.650783000746742,0.6889279993629316,0.11496899969642982,22.61458899920399,0,4
78,0016002.png,0.8323620004375698,0.3106050007772865,27.979059999779565,0.7390230002783937,0.11126599929411896,30.0182910013973,0,8
79,0016006.png,0.9069850002560997,0.30786300158069935,13.14253300006385,0.3657569995993981,0.061157999880379066,14.829394998741918,0,10
80,0016007.png,0.8076949998212513,0.21771400133729912,10.65521400050784,0.3065879991481779,0.059297999541740865,12.082157998520415,0,7
81,0016009.png,0.8031809993553907,0.20700599998235703,10.123707001184812,0.31540400050289463,0.05547700129682198,11.537779000718729,0,9
82,0016014.png,0.8588969994889339,0.1960139998118393,9.95903399962117,0.2840430006472161,0.053067000408191234,11.383613000361947,0,6
83,0016015.png,0.8518599988747155,0.19583900029829238,10.476679999555927,0.3254290004406357,0.056904998928075656,11.945763999392511,0,3
84,0016017.png,0.7804410015523899,0.21211199964454863,10.736674999861862,0.2927309997176053,0.059268000768497586,12.124399001550046,0,3
85,0020006.png,0.8849929999996675,0.20670099911512807,10.99231099942699,0.3048449998459546,0.05667000004905276,12.478233000365435,0,7
86,0022008.png,0.9266180004487978,0.20994799888285343,9.904299000481842,0.2992689987877384,0.06260699956328608,11.44685300096171,0,11
87,0022010.png,0.9636029990360839,0.2536859992687823,10.224478000964154,0.28086699967388995,0.05324800076778047,11.823656999695231,0,7
88,0022030.png,0.9430049994989531,0.21500600087165367,10.43747600124334,0.3018509996763896,0.056245000450871885,12.051800998960971,0,5
89,0022039.png,0.8207249993574806,0.20765500084962696,10.129981999853044,0.2979019991471432,0.05659000089508481,11.552616000699345,0,8
90,0023007.png,0.9556860004522605,0.2641440005390905,26.44853099991451,0.6883799997012829,0.10355899939895608,28.499439998995513,0,6
91,0023014.png,1.2929590011481196,0.3190630013705231,16.744433998610475,0.34439000046404544,0.07888000072853174,18.827392001185217,0,2
92,0024022.png,0.8347300008608727,0.23422400045092218,11.537406000570627,0.633814999673632,0.0740510004106909,13.354175000131363,0,5
93,0024038.png,0.8883999998943182,0.24171999939426314,12.228782999955001,0.34522500027378555,0.05817700002808124,13.804717000311939,0,36
94,0024047.png,0.8486770002491539,0.20864900034212042,14.23349499964388,0.3980880010203691,0.06331700024020392,15.787882999575231,0,22
95,0024054.png,0.8144000003085239,0.2155069996661041,14.134073000604985,0.37896600042586215,0.060263000705162995,15.644002000044566,0,8
96,0024061.png,0.9314709986938396,0.2156649989046855,17.542495999805396,0.617662000877317,0.08920100117393304,19.43963099984103,0,11
97,0025003.png,0.9910860007948941,0.2697990003071027,17.426132000764483,0.30470599995169323,0.05107300057716202,19.08289600032731,0,10
98,0025006.png,1.2168920002295636,0.41058999886445235,11.115246999906958,0.347858000168344,0.05433799924503546,13.194883000323898,0,8
99,0025013.png,0.9056649996637134,0.20467499962251168,10.175164999964181,0.30686600075569004,0.05298700125422329,11.685784000292188,0,8
100,0025016.png,0.8777509992796695,0.25954599914257415,10.221124999588937,0.3167589984514052,0.059715999668696895,11.784058000557707,0,6
101,0025017.png,0.8190739990823204,0.3467050009930972,20.07950999905006,0.3644939988589613,0.06624699926760513,21.717522999097127,0,11
102,0025024.png,0.9335939994343789,0.32297399957315065,23.128519000238157,0.3366880009707529,0.05978199988021515,24.82180600054562,0,8
103,0025034.png,0.9527759993943619,0.26590599918563385,12.365219001367223,0.3407339991099434,0.06787900019844528,14.040412999747787,0,6
104,0026005.png,1.0745479994511697,0.21716000082960818,10.750322999228956,0.31476999902224634,0.06027000017638784,12.460035999538377,0,14
105,0026012.png,1.0364050012867665,0.23476400019717403,14.702668999234447,0.3927270008716732,0.06773799941584002,16.481330001624883,0,16
106,0026013.png,1.1314780003885971,0.24291000045195688,11.529351999342907,0.4021869990538107,0.07109000034688506,13.427125000816886,0,19
107,0100017.png,0.9952009986591293,0.24023500009207055,11.279278000074555,0.3670369987958111,0.05610900007013697,12.990741000976413,0,10
108,0100021.png,0.9823029995459365,0.22105099924374372,10.708840998631786,0.3301029992144322,0.05295200026012026,12.339879000137444,0,5
109,0100022.png,0.9372210006404202,0.21759099945484195,10.754211001767544,0.32607999855827074,0.05855200106452685,12.334004999502213,0,16
110,0100030.png,0.8853580002323724,0.2050379989668727,17.72337799957313,0.6888019997859374,0.10545700024522375,19.651069000246935,0,5
111,0100041.png,0.9297470005549258,0.31163600033323746,23.84110000093642,0.3089099991484545,0.05834600051457528,25.487330998657853,0,3
112,0100056.png,0.9872859991446603,0.2070619993901346,22.910699000931345,0.767514000472147,0.08118799996736925,24.988221999592497,0,2
113,0100057.png,0.9824680000747321,0.24294200011354405,21.169048000956536,0.6722630005242536,0.1031259998853784,23.215809998873738,0,2
114,0100059.png,0.9019260014611064,0.3174760004185373,19.68568300071638,0.3078540012211306,0.053821999244973995,21.302252000168664,0,5
115,0100067.png,0.8271979986602673,0.2272220008308068,10.359801000959123,0.28804999965359457,0.056040998970274813,11.801128999650246,0,4
116,0100073.png,0.8327659998030867,0.22546900072484277,10.478139000042574,0.3414570001041284,0.061296999774640426,11.974240000199643,0,5
117,0100074.png,0.8963849995780038,0.2206839999416843,10.52734299992153,0.3317969985801028,0.06090299939387478,12.077878000127384,0,7
118,0100075.png,0.8883919999789214,0.23926200083224103,10.705762999350554,0.33859299946925603,0.05858300028194208,12.275346000024001,0,5
119,0100083.png,0.9873180006252369,0.23618500017619226,11.43954299914185,0.33142900065286085,0.059812000472447835,13.100615000439575,0,2
120,0101008.png,1.06349800080352,0.2307960003236076,21.966159998555668,0.7439959990733769,0.11060499855375383,24.164487000234658,0,6
121,0101018.png,1.0502660006750375,0.3323199998703785,24.74114200049371,0.36475299930316396,0.06625700007134583,26.595723998980247,0,10
122,0101020.png,1.1334609989717137,0.25103999905695673,22.60451800066221,0.7565809992229333,0.12242199954926036,24.923341999965487,0,5
123,0101022.png,1.238894999914919,0.4077140001754742,15.188813998975093,0.3599069987103576,0.06333100100164302,17.324619999271818,0,4
124,0101032.png,0.9537530004308792,0.23782000062055886,11.22712500000489,0.3424179994908627,0.061179000113043,12.871553999502794,0,2
125,0101056.png,1.1056080002163071,0.21946900051261764,10.828270000274642,0.32427100086351857,0.06201699943630956,12.58681999934197,0,5
126,0101058.png,1.004529000056209,0.21956400087219663,10.277594001308898,0.28550499882840086,0.05434199920273386,11.886297999808448,0,1
127,0101071.png,1.0390790012024809,0.2267179988848511,10.73017099952267,0.2992310000990983,0.05477800004882738,12.393042999974568,0,3
128,0101072.png,0.9494749992882134,0.21057800040580332,10.37071100108733,0.2928280009655282,0.054740999985369854,11.917976000404451,0,4
129,0102006.png,0.9509939991403371,0.21692300106224138,10.5265509992023,0.32189199919230305,0.05870200038771145,12.110163999750512,0,2
130,0102007.png,0.9736939991853433,0.2146560000255704,10.517425000216463,0.29469499895640183,0.056086999393301085,12.100733998522628,0,2
131,0102010.png,1.0212809993390692,0.20900599884043913,10.54775500051619,0.2885370013245847,0.05690699981641956,12.16467999984161,0,2
132,0102016.png,0.8737609987292672,0.21327199829102028,17.183535999720334,0.7009090004430618,0.10971800111292396,19.12480200007849,0,1
133,0102020.png,0.8980639995570527,0.326924000546569,18.0990879998717,0.3279810007370543,0.07254699994518887,19.764484000916127,0,2
134,0102025.png,0.9429059991816757,0.21760500021628104,14.699200000904966,0.31110700001590885,0.057537999964552,16.263015999356867,0,4
135,0102032.png,0.9895700004562968,0.2204789998359047,10.463073000209988,0.2886689999286318,0.05517999852600042,12.057552999976906,0,3
136,0102033.png,1.00614700022561,0.21436999850266147,10.190914999839151,0.2864859998226166,0.054501999329659157,11.79589700041106,0,7
137,0102040.png,1.240460000190069,0.3245799998694565,16.60986699971545,0.31032100014272146,0.05662399962602649,18.60990400018636,0,1
138,0102041.png,1.0197419996984536,0.20885099911538418,11.573824000151944,0.6645479988947045,0.07542300045315642,13.58640699982061,0,3
139,0102050.png,0.8827410001686076,0.23523299933003727,14.895077998517081,0.33032700048352126,0.06003999988024589,16.43901100032963,0,3
140,0103013.png,0.9670680010458454,0.22124199858808424,12.533211000118172,0.5432830002973787,0.06925699926796369,14.376319999428233,0,3
141,0103016.png,0.8980100010376191,0.21384899991971906,10.860205000426504,0.2985499995702412,0.05337800030247308,12.362965999273001,0,1
142,0103018.png,0.9652020016801544,0.20950299949618056,13.522543998988112,0.3463510001893155,0.06619899977522437,15.150000999710755,0,2
143,0103026.png,1.05560599877208,0.22057800015318207,10.468153999681817,0.3139710006507812,0.06052900062059052,12.159216001236928,0,2
144,0103028.png,1.0249530005239649,0.2141149998351466,10.192597001150716,0.2956890002678847,0.05672999941452872,11.838536998766358,0,1
145,0103036.png,0.9353679997730069,0.215335001485073,10.150758000236237,0.3107070006080903,0.05974499981675763,11.713688998497673,0,3
146,0103042.png,0.8900909997464623,0.23085899920261,9.955702000297606,0.29547500162152573,0.05126900032337289,11.476129999209661,0,1
147,0104011.png,1.0122639996552607,0.19876999976986554,15.43818899881444,0.672344998747576,0.10420400030852761,17.45884699994349,0,4
148,0104012.png,0.9473539994360181,0.3084879990638001,10.444931000165525,0.2904390003095614,0.05624599907605443,12.085129999832134,0,3
149,0104013.png,0.870292000399786,0.20514700008789077,10.608110000248416,0.32798699976410717,0.056487999245291576,12.101442998755374,0,1
150,0104016.png,0.8619679992989404,0.22433999947679695,10.568996998699731,0.31989799936127383,0.051778000852209516,12.066668999977992,0,5
151,0104020.png,0.86613799976476,0.20910599960188847,21.941002998573822,0.6676989996776683,0.0998859995888779,23.826410999390646,0,4
152,0104040.png,0.9226469992427155,0.3216179993614787,26.08352199968067,0.6589420008822344,0.09837099969445262,28.12270699905639,0,1
153,0104042.png,1.0390050010755658,0.319775999741978,14.973145000112709,0.30208099997253157,0.05699600114894565,16.73040899913758,0,1
154,0104043.png,0.968422998994356,0.23034299920254853,14.34134999908565,0.3359000002092216,0.06584199945791624,15.984272999048699,0,1
155,0105001.png,0.9704509993753163,0.24196599952119868,10.860401000172715,0.3280789987911703,0.058310000895289704,12.504055001045344,0,4
156,0105002.png,0.9302840007876512,0.2382120001129806,10.257462001391104,0.319511998895905,0.10936100079561584,11.892032000105246,0,9
157,0105007.png,1.0360789983678842,0.26652199994714465,10.42136300020502,0.3296109989605611,0.05689899990102276,12.154351999924984,0,5
158,0105010.png,1.0112149993801722,0.22679599896946456,10.649462001310894,0.3021539996552747,0.05530800081032794,12.277632999030175,0,5
159,0105014.png,1.070932999937213,0.2342629995837342,10.286009999617818,0.31214400041790213,0.055735001296852715,11.999288999504643,0,6
160,0105017.png,0.962948999585933,0.22421600078814663,10.357877999922493,0.3602859997045016,0.05640600102196913,11.996535999060143,0,2
161,0105026.png,0.9360639996884856,0.24084700089588296,10.598696000670316,0.2872580007533543,0.05411700112745166,12.15835299990431,0,4
162,0105029.png,0.9576790016581072,0.2214819996879669,10.702094999942346,0.29779899887216743,0.055004000387270935,12.274922999495175,0,3
163,0105034.png,0.983160998657695,0.2324209999642335,10.547035000854521,0.30567099929612596,0.0566830003663199,12.16915100121696,0,5
164,0105040.png,0.9782899996935157,0.24176900114980526,10.24906699967687,0.2880020001612138,0.056181999752880074,11.85991400052444,0,1
165,0106006.png,0.9182359990518307,0.22095499843999278,12.015411999527714,0.9667659996921429,0.10990000009769574,14.2720610001561,0,1
166,0106007.png,0.913036999918404,0.4060020000906661,26.036118000774877,0.6851960006315494,0.1022809992718976,28.183925998746417,0,3
167,0106008.png,0.9214120000251569,0.3146580002066912,14.488307999272365,0.34161000075982884,0.061561999245896004,16.16933799959952,0,8
168,0106012.png,0.9581430003891,0.23292900004889816,15.534803000264219,0.6343240002024686,0.1326159999734955,17.530836001242278,0,2
169,0106014.png,1.001803999315598,0.32672999986971263,11.39086700095504,0.356704000296304,0.06263199975364842,13.175475000025472,0,1
170,0106016.png,1.0531560001254547,0.24829300127748866,22.851147999972454,0.730338000721531,0.1129060001403559,25.048100998901646,0,2
171,0106021.png,1.002891000098316,0.41973100087489,27.731949001463363,0.7215100013127085,0.10952999946312048,30.033679000553093,0,2
172,0107008.png,0.9214040001097601,0.3188279988535214,26.865256999371923,1.2060360004397808,0.0676240015309304,29.42492599868274,0,2
173,0107025.png,0.937365000936552,0.23793299988028593,10.505680000278517,0.30313799834402744,0.054567999541177414,12.082623999958741,0,3
174,0107030.png,0.8802339998510433,0.21676800133718643,10.764827999082627,0.3088530011154944,0.05742000030295458,12.261877000128152,0,1
175,0108001.png,0.9176980001939228,0.2319530012755422,18.228607001219643,0.701686998581863,0.11157500011904631,20.22729099917342,0,3
176,0108008.png,0.9225449994119117,0.4741239990835311,19.872629998644697,0.31181400117930025,0.056308001148863696,21.681616999558173,0,1
177,0108014.png,0.9164790008071577,0.24608400053693913,10.05347300088033,0.3060590006498387,0.05544600026041735,11.61227400007192,0,2
178,0108015.png,0.8194199999707052,0.22256299962464254,10.607444999550353,0.2956649987027049,0.05675400097970851,12.034407000101055,0,2
179,0108021.png,0.7869760011089966,0.23056999998516403,18.54087599895138,0.6919650004419964,0.10512600056244992,20.389860999785014,0,2
180,0108023.png,0.7992089995241258,0.31979500090528745,25.91903699976683,0.6543389990838477,0.10204700083704665,27.836045001095044,0,2
181,0108026.png,0.8591530004196102,0.30899999910616316,20.31532200089714,0.36236800042388495,0.061349001043708995,21.94759700068971,0,2
182,0108028.png,0.9140599995589582,0.2338940012123203,24.160381999536185,0.6424179991881829,0.10078699961013626,26.097613001184072,0,1
183,0108033.png,1.0547159999987343,0.24942399977589957,10.22806900073192,0.2920990009442903,0.05727499956265092,11.925841999982367,0,1
184,0108035.png,0.8559550005884375,0.21888399896852206,13.909085999330273,0.7267069995577913,0.11369099956937134,15.865806000874727,0,2
185,0108041.png,0.9444030001759529,0.316305000524153,26.904812000793754,0.8550129987270338,0.1157059996330645,29.18124700045155,0,3
186,0200006.png,0.9091190004255623,0.41139199856843334,11.777234998589847,0.3510979986458551,0.06426400068448856,13.566537998485728,0,6
187,0200008.png,0.8543739986635046,0.24708499950065743,13.4988540012273,0.3330140007165028,0.06242800009204075,15.032178000183194,0,1
188,0200010.png,0.7633069999428699,0.23691800015512854,11.11534299889172,0.3141859997413121,0.05949399928795174,12.533454999356763,0,5
189,0200012.png,0.7872810001572361,0.25024599926837254,10.694647000491386,0.31942399982654024,0.057589999414631166,12.153810001109377,0,3
190,0200016.png,0.7134930001484463,0.22842900034447666,22.184270001162076,0.7359579994954402,0.11294299838482402,24.01690300030168,0,3
191,0200025.png,0.7081399999151472,0.31497700001636986,26.418417999593657,0.38521299939020537,0.05930400038778316,27.93153600032383,0,1
192,0200028.png,0.7910730000730837,0.3301779997855192,10.57166399914422,0.6756969996786211,0.06260099871724378,12.471926000216627,0,10
193,0200031.png,0.7546920005552238,0.3344409997225739,10.399827999208355,0.3201340005034581,0.05816599878016859,11.903984999662498,0,1
194,0200032.png,0.7532950003223959,0.22219600032258313,10.808476999955019,0.45102500007487833,0.056169001254602335,12.327058999289875,0,1
195,0200036.png,0.8396689991059247,0.22281299970927648,10.35781900100119,0.290111000140314,0.05556999894906767,11.808279999968363,0,1
196,0201005.png,0.8345190017280402,0.2213829993706895,9.905272001560661,0.27033500009565614,0.05259399949864019,11.320931000227574,0,2
197,0201007.png,0.8496069985994836,0.2532990001782309,10.179090000747237,0.2846709994628327,0.05337100083124824,11.661544000162394,0,2
198,0201019.png,0.6840689984528581,0.20849199972872157,10.839567999937572,0.3415709998080274,0.06150800072646234,12.167582999609294,0,1
199,0202003.png,0.8426499989582226,0.24779200066404883,10.523945000386448,0.32726499921409413,0.05430500095826574,12.03723899925535,0,2
200,0202005.png,0.7686120006837882,0.23996399977477267,10.205635999227525,0.28181099878565874,0.05368999882193748,11.589464998905896,0,3
201,0202014.png,0.9120269987761276,0.29651499971805606,10.957029999190127,0.3315190006105695,0.05520499871636275,12.5886999994691,0,1
202,0203001.png,0.8070710009633331,0.2145449998351978,10.625123999489006,0.3214070002286462,0.05757200051448308,12.060885999744642,0,2
203,0203007.png,0.7999099998414749,0.22547200023836922,10.297941000317223,0.30207899908418767,0.056368000514339656,11.715684000591864,0,2
204,0203008.png,0.7330079988605576,0.22018299932824448,10.320859000785276,0.31565800054522697,0.058753999837790616,11.680147999868495,0,1
205,0203009.png,0.7037550003587967,0.21580400061793625,10.207678000369924,0.3060039998672437,0.05000199962523766,11.515989999679732,0,1
206,0203010.png,0.7078359994920902,0.20156000027782284,10.24502600012056,0.35560899959818926,0.05192699973122217,11.600238000028185,0,2
207,0203012.png,0.834395999845583,0.2272709989483701,10.517956001422135,0.2793849998852238,0.054989001000649296,11.954248999245465,0,1
208,0203015.png,0.823987000330817,0.2294550013175467,10.7958669996151,0.7355720008490607,0.11278599959041458,12.731065000480157,0,5
209,0203016.png,0.7527720008511096,0.3175109995936509,26.681344999815337,0.7021290002739988,0.10679300066840369,28.604314000403974,0,2
210,0203020.png,0.7069629991747206,0.3114139999524923,20.18157700149459,0.6947149995539803,0.11389199971745256,22.04983999945398,0,1
211,0203021.png,0.7142429985833587,0.3207060017302865,16.0657579999679,0.29843999982404057,0.056384000345133245,17.488620000222,0,1
212,0204002.png,0.7118210014596116,0.2369579997321125,17.01751199834689,0.6651230014540488,0.10314800056221429,18.774539999867557,0,1
213,0204018.png,0.7145310009946115,0.3162180000799708,24.332793998837587,0.690761000441853,0.10533599925111048,26.19279899954563,0,2
214,0204020.png,0.7080080013111001,0.3134380003757542,17.247120000320137,0.3607340004236903,0.05884199890715536,18.78393699917069,0,2
215,0204023.png,0.7209750001493376,0.22270299996307585,10.62918200113927,0.3153670004394371,0.05836600030306727,11.988078998911078,0,2
216,0205001.png,0.7925369991426123,0.23934100136102643,10.538857999563334,0.30027200045879,0.0517959997523576,11.963134000325226,0,3
217,0205002.png,0.7836029999452876,0.257794999924954,10.884802999498788,0.32781200025056023,0.0520309986313805,12.352154999462073,0,2
218,0205011.png,0.7544300005974947,0.2347129993722774,10.886701000345056,0.3461859996605199,0.05462400076794438,12.316622998696403,0,2
219,0400002.png,0.7916840004327241,0.23464900004910305,11.224637999475817,0.37084299947309773,0.06497499998658895,12.72195799901965,0,3
220,0400024.png,1.0280510014126776,0.27382000007492024,10.928917999990517,0.3068690002692165,0.05871900066267699,12.64564099983545,0,2
221,0400025.png,0.9274220010411227,0.2193710006395122,11.183729000549647,0.29761699988739565,0.056644999858690426,12.724140000500483,0,2
222,0400027.png,0.8780999996815808,0.21542099966609385,10.915971000940772,0.3013829991687089,0.056442999266437255,12.404094999510562,0,6
223,0400028.png,0.8785819991317112,0.22136199913802557,10.657842000000528,0.3441600001679035,0.05441000030259602,12.19111299906217,0,4
224,0400036.png,0.9177339998132084,0.24281900005007628,10.899806000452372,0.3277359992353013,0.058395999076310545,12.489819000620628,0,1
225,0401014.png,0.7676210007048212,0.22493800133815967,10.672370999600389,0.360443998943083,0.05960199996479787,12.12103699981526,0,10
226,0401015.png,0.7635720012331149,0.21908199960307684,10.387604999777977,0.3075299991905922,0.05603200042969547,11.766654999519233,0,1
227,0401029.png,0.7815160006430233,0.20942799892509356,10.486313000001246,0.3318959988973802,0.05569300083152484,11.897934000444366,0,4
228,0401031.png,0.7727930005785311,0.21722699966630898,10.035498000434018,0.28929299878655,0.04814099884242751,11.396092000723002,0,3
229,0401035.png,0.9228119997715112,0.2283020003233105,9.751759998835041,0.26916999922832474,0.0533519996679388,11.263231999691925,0,3
230,0401039.png,1.0449410001456272,0.3875959992001299,10.972078000122565,0.3216259992768755,0.058449000789551064,12.832557998990524,0,2
231,0401040.png,0.8965760007413337,0.22527799956151284,10.811472000568756,0.35551600012695417,0.052350000260048546,12.382758999592625,0,3
232,0401045.png,0.8579540008213371,0.22141499903227668,11.267710999163683,0.3515169992169831,0.055689000873826444,12.790995000614203,0,1
233,0401075.png,0.9235490015271353,0.24593300076958258,10.524097000597976,0.33787200118240435,0.056521999795222655,12.13340899994364,0,5
234,0402005.png,0.8510719999321736,0.2765259996522218,10.784002000946202,0.33738999991328456,0.060837001001345925,12.358170999505091,0,2
235,0402006.png,0.9910699991451111,0.25652699878264684,10.533930000747205,0.3484940007183468,0.05516300007002428,12.237329001436592,0,1
236,0402014.png,0.8293379996757722,0.24382900119235273,10.663265000403044,0.32275900048261974,0.08319500011566561,12.187602998892544,0,11
237,0402017.png,0.890884000909864,0.2428110001346795,10.585422000076505,0.34105499980796594,0.06138199933047872,12.159015999714029,0,4
238,0402018.png,0.9191729986923747,0.23640699873794802,10.328349000701564,0.3299889995105332,0.054132999139255844,11.91375800044625,0,1
239,0402019.png,0.8938289993238868,0.22139400061860215,10.53535400023975,0.3097669996350305,0.04984500083082821,12.051004998284043,0,2
240,0402022.png,0.8742010013520485,0.22622699907515198,10.988582000209135,0.3279370012023719,0.058026000260724686,12.515816999439267,0,2
241,0402023.png,0.8837000004859874,0.23073699958331417,10.60553999923286,0.40581800021755043,0.07264599844347686,12.233846000526682,0,3
242,0402028.png,0.9026220013765851,0.24764600129856262,10.688733000279171,0.3311199998279335,0.057638999351183884,12.264580000191927,0,3
243,0402032.png,0.8956259989645332,0.2241589991172077,10.439992000101483,0.2808520002872683,0.053604999266099185,11.93420699928538,0,6
244,0403009.png,0.9226040001522051,0.24233399926743004,10.749702001703554,0.30746400079806335,0.055514999985462055,12.319524999838904,0,3
245,0403012.png,0.7944139997562161,0.21261899928504135,10.00717200076906,0.2857349991245428,0.05454199890664313,11.393079999834299,0,5
246,0403017.png,0.7175780010584276,0.2140340002370067,9.942284999851836,0.2777419995254604,0.07030699998722412,11.253565000515664,0,1
247,0403020.png,0.8157390002452303,0.2125310002156766,9.79454400112445,0.2764069995464524,0.05274300019664224,11.192412001037155,0,1
248,0403023.png,0.7071430009091273,0.2257899996038759,11.67485900077736,0.40996000097948126,0.06641800064244308,13.123727001584484,0,3
249,0403030.png,1.0561140006757341,0.2575609996711137,11.820204999821726,0.6841520007583313,0.027987000066787004,13.89357299922267,0,0
250,0403032.png,0.7968699992488837,0.2465920006216038,11.640203001661575,0.4160859989497112,0.10348900104872882,13.251401000161422,0,2
251,0403035.png,0.9456379993935116,0.24741000015637837,11.293193998426432,0.3772689997276757,0.06695200136164203,12.967714999831514,0,2
252,0403036.png,0.9511330008535879,0.26692900064517744,26.688972999181715,0.7111459999578074,0.11851499948534183,28.78591199987568,0,1
253,0403037.png,0.9684750002634246,0.32823599940456916,26.4498430005915,0.5784660006611375,0.12364800022623967,28.49401899948134,0,1
254,0403045.png,1.0909869997703936,0.2752469990809914,11.303989000225556,0.31979599953047,0.053824000133317895,13.093759000184946,0,5
255,0403046.png,0.8228459992096759,0.21293300051183905,11.840717001177836,0.31381200096802786,0.054549998822039925,13.28308099982678,0,1
256,0403051.png,0.7130539997888263,0.2157320013793651,11.62923599986243,0.3772119998757262,0.05997300104354508,13.029010999161983,0,6
257,0404005.png,0.7913720000942703,0.27589700039243326,13.692495000213967,0.32164900039788336,0.05749900083173998,15.180342999883578,0,2
258,0404014.png,0.8843779996823287,0.23142600002756808,11.442486000305507,0.2510639988031471,0.02517000029911287,12.89160599844763,0,0
259,0404018.png,0.8364750010514399,0.2267990003019804,13.435765000394895,0.4093689985893434,0.07671100138395559,15.046401000290643,0,2
260,0404025.png,0.8735129995329771,0.21365599968703464,10.446294001667411,0.31959600164555013,0.055207001423696056,11.941757000386133,0,4
261,0404026.png,0.8551219998480519,0.3191050000168616,10.392861000582343,0.29055399863864295,0.05128399970999453,11.949456998991081,0,2
262,0404029.png,0.7937369991850574,0.21040199862909503,10.307798998837825,0.31739000041852705,0.05773799966846127,11.725762000423856,0,1
263,0404032.png,0.8969360005721683,0.21424599981401116,10.351990000344813,0.30456499916908797,0.051682000048458576,11.859408999953303,0,3
264,0404034.png,0.9058739997271914,0.21029500021541025,10.470843999428325,0.2896900004998315,0.05027699990023393,11.967525000727619,0,3
265,0404043.png,0.8552060007787077,0.20904099983454216,11.007200000676676,0.3735840000445023,0.06159999975352548,12.540796999019221,0,3
266,0404044.png,0.9092060008697445,0.24788500013528392,10.793731000376283,0.3306879989395384,0.057766999816522,12.379186000543996,0,2
267,0404049.png,0.7630059990333393,0.22819799960416276,10.302693000994623,0.3053519994864473,0.056333999964408576,11.711323999406886,0,2
268,06000003.png,0.8765510010562139,0.23120900004869327,10.455818999616895,0.3027339989785105,0.055792999773984775,11.964554998485255,0,2
269,06000014.png,1.0308220007573254,0.2946999993582722,10.56907800011686,0.3518579997034976,0.0599449995206669,12.356662999081891,0,3
270,06000019.png,0.8805900015431689,0.2343239993933821,10.732535998613457,0.3776110006583622,0.06702300015604123,12.329130999205518,0,6
271,06000022.png,1.0375069996371167,0.24140399909811094,10.95963199986727,0.34611599949130323,0.0608790014666738,12.693165999735356,0,5
272,06000023.png,1.0003169991250616,0.2393630002188729,10.976044000926777,0.32775999898149166,0.059391999457147904,12.648230000195326,0,3
273,06000029.png,0.7790759991621599,0.2334830005565891,10.96488100120041,0.35481099985190667,0.05801800034532789,12.426571000105469,0,1
274,06000044.png,1.1515639998833649,0.2923520005424507,10.78288900134794,0.33881200033647474,0.0587760005146265,12.680471001658589,0,10
275,06000053.png,0.7970330007083248,0.21752999964519404,10.955802999887965,0.33799399898271076,0.06111900074756704,12.404936000166344,0,11
276,06000063.png,0.9793930003070273,0.24429199947917368,10.531648000323912,0.2858560001186561,0.05500599945662543,12.133214000641601,0,3
277,06000077.png,0.899217000551289,0.2216400007455377,10.194874999797321,0.3298310002719518,0.05261699880065862,11.737963000996388,0,2
278,06000093.png,0.8687450008437736,0.2109890010615345,10.001925998949446,0.2770299997791881,0.05719799992220942,11.450002999481512,0,4
279,06000094.png,0.7707929999014596,0.21430800006783102,10.595546000331524,0.31713700082036667,0.05150600009073969,11.98462600041239,0,1
280,06010001.png,0.7806170015101088,0.2118379998137243,10.477163999894401,0.29196200011938345,0.054938998800935224,11.848092000946053,0,3
281,06010015.png,0.7542820003436645,0.22208900008990895,10.533792999922298,0.2939950009022141,0.05454200072563253,11.898013000973151,0,5
282,06010017.png,0.9000030004244763,0.2179080001951661,10.11980300063442,0.2965870007756166,0.049866999688674696,11.623272999713663,0,3
283,06010018.png,0.9020300003612647,0.20741600019391626,11.097587001131615,0.3308199993625749,0.05257900011201855,12.62980499996047,0,21
284,06010022.png,0.8005859999684617,0.23132400019676425,10.662699000022258,0.3023089993803296,0.05749500087404158,12.098879999030032,0,1
285,06010026.png,0.8036140006879577,0.22476400044979528,10.317164000298362,0.2855599996109959,0.05463500019686762,11.7279009991762,0,1
286,06010028.png,0.817636000647326,0.22270699992077425,10.030085999460425,0.27148200024385005,0.05341500036593061,11.434502999691176,0,1
287,06010030.png,0.6929190003575059,0.20387999938975554,10.304584000550676,0.3051470011996571,0.055856000471976586,11.593974000788876,0,2
288,06010032.png,1.0172610000154236,0.2248070013592951,10.153189999982715,0.31538399889541324,0.0649069988867268,11.811247000878211,0,3
289,06010035.png,0.8203620000131195,0.24015600138227455,10.220875999948476,0.32261099840980023,0.051888000598410144,11.688949000017601,0,3
290,06010039.png,1.0521130006964086,0.25961699975596275,10.556924000411527,0.3039439998246962,0.055249000070034526,12.271681998754502,0,6
291,0800006.png,0.8219310002459679,0.38954000046942383,10.618958000122802,0.3232590006518876,0.05230699935054872,12.248128001374425,0,4
292,0800007.png,0.8431740006926702,0.2319389986951137,10.616817999107298,0.2961230002256343,0.05077900095784571,12.076522998540895,0,7
293,0800008.png,0.8617389994469704,0.4044819997943705,10.353515999668161,0.3163389992550947,0.05091200000606477,12.026693000734667,0,4
294,0800011.png,0.8844860003591748,0.2336569996259641,9.643176999816205,0.3014270005223807,0.12357599916867912,11.22856099937053,0,4
295,0800012.png,0.8367059999727644,0.21559699962381274,9.903546999339596,0.2901339994423324,0.05367199992178939,11.337518000800628,0,2
296,0800018.png,0.7791730004100828,0.22483000066131353,9.985278000385733,0.28884200037282426,0.05347600017557852,11.369476000254508,0,2
297,0800019.png,0.7678990004933439,0.20896800015179906,9.9838260011893,0.286888000118779,0.05227499968896154,11.338377000356559,0,3
298,0800026.png,0.9111580002354458,0.21362799998314586,9.97050399928412,0.28490700060501695,0.0539659995411057,11.472825000964804,0,7
299,0800029.png,0.9988769998017233,0.25993099916377105,10.105843000928871,0.3073269999731565,0.053841000408283435,11.771116000090842,0,1
300,0800034.png,0.7714520015724702,0.2119150012731552,10.340713000914548,0.3032629992958391,0.05553800110646989,11.72188899909088,0,3
301,0800037.png,0.9953749995474936,0.2575169983174419,15.427726999405422,0.6828450004832121,0.10351000128139276,17.508703998828423,0,1
302,0800041.png,0.8665269997436553,0.32210300014412496,26.518071001191856,0.696095001330832,0.10523400123929605,28.544802999022068,0,1
303,1000006.png,0.850026000989601,0.31497700001636986,15.609480999046355,0.30046800020500086,0.05744900045101531,17.173316000480554,0,1
304,1000012.png,0.8087189999059774,0.2278199990541907,10.39892399967357,0.343797999448725,0.059608999436022714,11.87920400116127,0,5
305,1000019.png,0.7728119999228511,0.23319200045079924,10.026068999650306,0.2993689995491877,0.04933200034429319,11.413099000492366,0,2
306,1000025.png,1.0233350003545638,0.25189699954353273,10.049128999526147,0.30281600083981175,0.059542999224504456,11.72957599919755,0,12
307,1000044.png,0.9005869997054106,0.29760700090264436,15.122075999897788,0.39878800089354627,0.07221300074888859,16.84102199942572,0,4
308,1000055.png,1.0118280006281566,0.44796600013796706,13.666888000443578,0.4039720006403513,0.07441199886670802,15.662362000512076,0,1
309,1119001.png,1.4311180002550827,1.0729089990491048,19.001294000190683,0.5370350008888636,0.10787199971673544,22.23425099873566,0,1
310,1119004.png,1.1407579986553174,0.2585040001576999,14.790662000450538,0.37008999970566947,0.06747999941580929,16.67318599902501,0,2
311,1119014.png,0.9100959996430902,0.27008200049749576,11.431365999669652,0.3986709998571314,0.07775599988235626,13.132300999131985,0,1
312,1119017.png,0.950539000768913,0.31917699925543275,11.231436999878497,0.5006529991078423,0.07013300091784913,13.128832000802504,0,1
313,1119018.png,0.853288000143948,0.2568950003478676,10.95303800138936,0.3349170001456514,0.060850999943795614,12.496164999902248,0,2
314,1119024.png,0.8292000002256827,0.2234230014437344,11.025288999007898,0.305362000290188,0.057658000514493324,12.49298800030374,0,2
315,1119026.png,0.8573999984946568,0.224184999751742,10.805064999658498,0.3563900008884957,0.055557999075972475,12.341955000010785,0,1
316,1119031.png,0.8648260009067599,0.2413160000287462,11.509703999763587,0.3477770005702041,0.06178700095915701,13.068553000266547,0,4
317,1119032.png,0.8999849997053389,0.23886100098025054,10.6734349992621,0.30590800088248216,0.02415000017208513,12.191048999738996,0,0
318,1119043.png,0.8310089997394243,0.22283399994194042,10.328045000278507,0.3003430010721786,0.05570099892793223,11.769152000852046,0,2
319,1119045.png,0.7390069986286107,0.21203100004640874,10.407841999040102,0.31523199868388474,0.057437000577920116,11.76253599987831,0,2
320,1120011.png,0.8360529991477961,0.20975000006728806,10.526927000682917,0.29380199885054026,0.05618000068352558,11.95599299899186,0,1
321,1120018.png,0.8949959992605727,0.26053099827549886,9.920155000145314,0.31477400079893414,0.0547460003872402,11.486166000395315,0,5
322,1120022.png,0.8421380007348489,0.22182899920153432,9.971661000236054,0.3258739998273086,0.050805001592379995,11.44519300032698,0,4
323,1120037.png,0.8467709994874895,0.24182299966923892,10.18484999985958,0.2906160007114522,0.05589600004896056,11.65971499904117,0,3
324,1120039.png,0.8817709986033151,0.24535700140404515,10.161362000872032,0.32064799961517565,0.05011099892726634,11.700494000251638,0,9
325,1120041.png,0.8181510002032155,0.30610000067099463,10.352240000429447,0.3057309986616019,0.056412000049022026,11.88233900029445,0,1
326,1120058.png,0.8098189991869731,0.2212350009358488,10.533380000197212,0.29274200096551795,0.05676100045093335,11.947668999710004,0,8
327,1120060.png,0.8339550004166085,0.22098000044934452,10.219298001175048,0.32073700094770174,0.057839999499265105,11.6935480000393,0,7
328,1121006.png,0.8636140009912197,0.22463999994215555,10.280714001055458,0.3161429995088838,0.05630999839922879,11.775859000408673,0,4
329,1121013.png,0.9670550007285783,0.21560999994107988,9.99932299964712,0.29965699832246173,0.05539800076803658,11.582241000724025,0,3
330,1128020.png,0.7848309996916214,0.2085960004478693,10.59619800071232,0.2901539992308244,0.05545800013351254,11.97347000015725,0,1
331,1128029.png,0.8049610005400609,0.21327400099835359,10.29967599970405,0.29963899942231365,0.05100299858895596,11.707740999554517,0,2
332,1128049.png,0.833117001093342,0.2173430002585519,10.144543999558664,0.2879249987017829,0.07782000102452002,11.593106000873377,0,1
333,1128051.png,0.8275019990833243,0.21733199901063927,10.455524999997579,0.30001400045875926,0.05755500023951754,11.891390999153373,0,5
334,1128054.png,1.0055309994640993,0.3378609999344917,11.731846001566737,0.3878070001519518,0.06258400026126765,13.577149000411737,0,7
335,1130007.png,0.9193240002787206,0.22625400015385821,10.472877998836339,0.3067130000999896,0.05690900070476346,12.020508000205155,0,1
336,1130014.png,0.7017659991106484,0.21799600108352024,10.84526900012861,0.3193810007360298,0.05330499880074058,12.171794998721452,0,5
337,1130021.png,0.8276680000562919,0.23399000019708183,10.111122999660438,0.31031499929667916,0.05783200140285771,11.58135600053356,0,7
338,1130023.png,0.798174998635659,0.2153570003429195,10.000698001022101,0.29567599995061755,0.05782799962616991,11.399904999052524,0,15
339,1130024.png,0.8533070013072575,0.21700599972973578,10.935972000879701,0.2935350003099302,0.057278999520349316,12.396678001096006,0,8
340,1130026.png,0.8417110002483241,0.21966599888401106,10.477820000232896,0.2884300010919105,0.05703799979528412,11.925884999072878,0,14
341,1130048.png,0.8390689999941969,0.21894000019528903,10.546213001362048,0.2966289994219551,0.055188000260386616,12.006703998849844,0,6
342,1130053.png,0.9042710007634014,0.21775700042780954,9.996110000429326,0.3028110004379414,0.059083000451209955,11.513788000229397,0,4
343,1130054.png,1.0073429984913673,0.2393180002400186,10.219400999631034,0.27770799897552934,0.0565370010008337,11.840709999887622,0,1
344,1180002.png,0.8711029986443464,0.23547400087409187,15.138590999413282,0.35394900078244973,0.05873899863217957,16.69911000135471,0,7
345,1180022.png,0.808544999017613,0.24288999884447549,11.025555000742315,0.297622000289266,0.05655299901263788,12.475412000640063,0,6
346,1180027.png,0.7919250001577893,0.23135399897000752,10.461687999850255,0.34432899883540813,0.06022300112817902,11.929819000215502,0,3
347,1180033.png,0.902494000911247,0.23203799901239108,10.030350000306498,0.6258710000111023,0.0712509990989929,11.903188000360387,0,3
348,1180035.png,0.822461999632651,0.21676100004697219,10.297786000592168,0.3025410005648155,0.051646000429173,11.728752000635723,0,5
349,1180042.png,0.7858780008973554,0.20432999917829875,10.435672998937662,0.29631200050062034,0.05626600068353582,11.819033999927342,0,1
350,1180045.png,0.7845019990782021,0.21511900013138074,10.991307000949746,0.35079299959761556,0.06417700024030637,12.439764999726322,0,2
351,1180047.png,0.9395489996677497,0.2508079996914603,10.967970001729554,0.3176910013280576,0.060041998949600384,12.583981999341631,0,2
352,1243003.png,0.9268309986509848,0.24593200032541063,10.52025799981493,0.2557520001573721,0.04269999953976367,12.033950000841287,0,0
353,1243006.png,1.0023449995060218,0.3322709999338258,10.79030400069314,0.3452790006122086,0.06081600076868199,12.580684999193181,0,6
354,1243014.png,0.9414350006409222,0.23633299861103296,10.594917999696918,0.3281380013504531,0.06284899973252323,12.19929599938041,0,3
355,1246017.png,0.8166820007318165,0.2360299986321479,10.775890999866533,0.3348000009282259,0.05507300011231564,12.260126999535714,0,1
356,1246024.png,0.8996260003186762,0.25341100081277546,10.578450999673805,0.3177069993398618,0.05868600055691786,12.152527999205631,0,1
357,1246048.png,0.8729889996175189,0.2592090004327474,10.388626000349177,0.30047399923205376,0.05822400089527946,11.921474999326165,0,2
358,1249001.png,0.9028010008478304,0.23111900009098463,10.940367999864975,0.36468399957811926,0.05525599954125937,12.5354720003088,0,2
359,1249008.png,0.8911479999369476,0.24088999998639338,11.056969999117428,0.36259899934520945,0.056581999160698615,12.645484999666223,0,2
360,1249017.png,0.9333580001111841,0.2515300002414733,10.948443999950541,0.3340620005474193,0.06008200034557376,12.57244000044011,0,4
361,1249027.png,0.8908249983505812,0.2375860003667185,10.086710000905441,0.3735859991138568,0.060211999880266376,11.685483001201646,0,4
362,1249037.png,0.8541379993403098,0.23524599964730442,10.104941999088624,0.306412999634631,0.05049599894846324,11.582467001062469,0,1
363,1249039.png,0.840399001390324,0.2919649996329099,10.035019000497414,0.2902040014305385,0.05584399877989199,11.553074000403285,0,2
364,1249041.png,0.859657999171759,0.24284600112878252,10.212767998382333,0.30508899908454623,0.051601999075501226,11.711188999470323,0,1
365,1249044.png,0.8465289993182523,0.20594699890352786,9.913826999763842,0.43720899884647224,0.089032000687439,11.525480998898274,0,2
366,1249047.png,0.8541440001863521,0.2354400003241608,10.683006001272588,0.2981369998451555,0.055680999139440246,12.159252000856213,0,2
367,1249049.png,0.8637709997856291,0.2150529999198625,10.07387399840809,0.3059899991058046,0.05454399979498703,11.546030000317842,0,6
368,1249057.png,0.8279230005427962,0.21347799884097185,9.961621999536874,0.2845800008799415,0.05426899951999076,11.373436000212678,0,3
369,1249058.png,0.8682080006110482,0.34955500086653046,10.16429499941296,0.5259869994915789,0.07486299909942318,12.024401999951806,0,2
370,1252020.png,0.8689730002515716,0.25439199998800177,10.232959999484592,0.304351000522729,0.050848000682890415,11.751387999538565,0,1
371,1252023.png,0.8606270002928795,0.20683599905169103,10.212699000476277,0.28388000100676436,0.05601399971055798,11.659058000077493,0,1
372,1252036.png,0.7495560003007995,0.21459200070239604,10.112404999745195,0.2816420001181541,0.05299099939293228,11.449077001088881,0,2
373,1254012.png,0.9274240001104772,0.22545399951923173,10.50984699941182,0.3242549992137356,0.050547998398542404,12.070536000464926,0,3
374,1254021.png,0.8138540015352191,0.22787800116930157,10.287954000887112,0.2937620010925457,0.052350000260048546,11.715130000084173,0,3
375,1255001.png,0.8403209994867211,0.2231859998573782,10.151844000574783,0.2822320002451306,0.0534249993506819,11.594913001317764,0,3
376,1255003.png,0.825012000859715,0.21561999892583117,10.732476999692153,0.33000500116031617,0.0573779998376267,12.198537999211112,0,2
377,1255009.png,0.8401020004384918,0.22250499932852108,11.13818400153832,0.2712260011321632,0.023880000298959203,12.540071998955682,0,0
378,1255010.png,0.8442449998256052,0.23819099988031667,10.809921001055045,0.31889300043985713,0.0806419993750751,12.325599000178045,0,2
379,1256006.png,0.9824810003919993,0.23067099937179592,10.505905000172788,0.31730499904369935,0.0569220010220306,12.130043000070145,0,4
380,1256033.png,0.8682040006533498,0.2486159992258763,10.977350000757724,0.3262800000811694,0.06001699875923805,12.515309001173591,0,1
381,1256036.png,0.9707740009616828,0.24322900026163552,10.675919000277645,0.33228400025109295,0.05726000017602928,12.326393998591811,0,2
382,1256045.png,0.8942969998315675,0.22609900042880327,10.145025000383612,0.48400099876744207,0.05950900049356278,11.844425000163028,0,3
383,1257015.png,0.8504420002282131,0.2327210004295921,10.858628000278259,0.2993439993588254,0.0588590010011103,12.33209100064414,0,1
384,1257022.png,0.8784300007391721,0.23591299941472244,10.3105449998111,0.2816929991240613,0.05318600051396061,11.79422200038971,0,3
385,1257028.png,0.7805610002833419,0.2169090003008023,10.426643000755575,0.3051110015803715,0.05656199937220663,11.82565599992813,0,1
386,1257033.png,0.9514960001979489,0.2215309996245196,10.42965099986759,0.30979000075603835,0.05216899990045931,12.006357999780448,0,6
387,1257036.png,0.8222260003094561,0.24331700114998966,10.132583000086015,0.2915189998020651,0.0538889999006642,11.586104999878444,0,3
388,1262006.png,0.8755540002312046,0.21133500013092998,21.05829299944162,0.8362070002476685,0.11838499995064922,23.142317999372608,0,4
389,1262023.png,0.9619140000722837,0.3282890011178097,15.864783999859355,0.3568479987734463,0.06514699998660944,17.62530400083051,0,3
390,1262029.png,0.9126169989031041,0.2439719992253231,11.108704000434955,0.35524000122677535,0.05566000072576571,12.72426700052165,0,1
391,1265019.png,0.8509149993187748,0.24058599956333637,10.27709299887647,0.5862829984835116,0.0647429988021031,12.05917700099235,0,2
392,1265032.png,0.954652001382783,0.22255099975154735,10.704072999942582,0.3270480010542087,0.05367899939301424,12.29501299894764,0,1
393,1265047.png,0.8728220000193687,0.2436619997752132,11.373482999260887,0.348067000231822,0.06291799945756793,12.942539000505349,0,7
394,1265049.png,0.8973549993243068,0.24446899988106452,10.833176998858107,0.3302200002508471,0.0695489998179255,12.419656000929535,0,5
395,1265063.png,0.8163969996530795,0.24345800011360552,10.62537399957364,0.33958799940592144,0.061521001043729484,12.122927999371313,0,4
396,1265073.png,0.9288870005548233,0.23117999990063254,10.281729999405798,0.31553200096823275,0.055122998674050905,11.854942998979823,0,1
397,1265075.png,0.8997610002552392,0.25831000129983295,10.459969000294222,0.32573600037721917,0.06105700049374718,12.045556999510154,0,2
398,1265085.png,0.8711669997865101,0.22418399930757005,10.701811999751953,0.35000299976672977,0.0600909988861531,12.241791000633384,0,2
399,1265086.png,0.865510999574326,0.21901400032220408,11.250129000472953,0.37703499947383534,0.060959000620641746,12.804813999537146,0,5
400,1265094.png,0.8925080001063179,0.26072699984069914,12.064415001077577,0.3901960008079186,0.08579000132158399,13.744320000114385,0,14
401,1265096.png,0.9080560012080241,0.3004260015586624,11.584792000576272,0.33657499989203643,0.06123200000729412,13.231387998530408,0,3
402,1265097.png,0.8318000000144821,0.23297999905480538,10.592235999865807,0.31737000063003507,0.05246299951977562,12.070406000930234,0,3
403,1265099.png,0.9426160013390472,0.3159560001222417,10.707530000217957,0.31630000012228265,0.058760000683832914,12.385019999783253,0,2
404,1265104.png,0.7204470002761809,0.21665900021616835,10.537755000768811,0.30074300047999714,0.05665699973178562,11.865145999763627,0,1
405,1265109.png,0.9199590003845515,0.22539199926541187,10.544707000008202,0.3199820002919296,0.06096699871704914,12.113100001442945,0,2
406,1266007.png,0.8562609982618596,0.2389370001765201,10.569234000286087,0.48032300037448294,0.06808699981775135,12.313123001149506,0,4
407,1266016.png,0.9514009998383699,0.2211479986726772,10.948885999823688,0.2930629998445511,0.05535700074688066,12.504651000199374,0,2
408,1266024.png,0.9437520002393285,0.22053499924368225,10.567600000285893,0.29457999880833086,0.05721600064134691,12.123636000978877,0,2
409,1266032.png,0.8017420004762243,0.2258909989905078,10.798736000651843,0.3267209995101439,0.05973699990136083,12.253467999471468,0,4
410,1266033.png,0.8305789997393731,0.22478400023828726,10.337796000385424,0.32309800008079037,0.058189001720165834,11.815445999673102,0,6
411,1266044.png,0.9069989991985494,0.21443500008899719,10.427543000332662,0.30703400079801213,0.049742999181034975,11.943691000851686,0,9
412,1266049.png,0.8929369996621972,0.2180559986300068,10.555050999755622,0.3102689988736529,0.05273500028124545,12.068157999237883,0,3
413,1266056.png,0.8356479993381072,0.23800600138201844,10.343669999201666,0.31937399944581557,0.05237400000623893,11.83219199992891,0,1
414,1266060.png,0.8026489995245356,0.31331100035458803,10.790326001369976,0.3509779999149032,0.058509000155027024,12.347632000455633,0,3
415,1267001.png,0.946553000176209,0.24019699958444107,10.234700001092278,0.28756100073223934,0.05484299981617369,11.80485300028522,0,5
416,1267006.png,0.9131820006587077,0.2426959999866085,10.302381000656169,0.318706001053215,0.057509998441673815,11.875205000251299,0,7
417,1267009.png,0.9814719996938948,0.22920899937162176,10.534762999668601,0.3006369988725055,0.05579000026045833,12.147811999966507,0,4
418,1267017.png,0.8539409991499269,0.22322000040730927,10.55054599964933,0.3379380013939226,0.062312001318787225,12.068598000041675,0,1
419,1267037.png,0.8221859989134828,0.3226370008633239,10.40384299994912,0.30383299963432364,0.057483999626128934,11.955075999139808,0,3
420,1267063.png,1.1256869984208606,0.22868599990033545,10.57645899891213,0.29598399851238355,0.05395800144469831,12.321834999966086,0,4
421,1267072.png,0.9709320002002642,0.2222420007456094,10.332384999856004,0.28834700060542673,0.054924999858485535,11.90781699915533,0,7
422,1267090.png,0.8002739996300079,0.2240450012322981,12.504308999268687,0.3394390005269088,0.05950699960521888,13.96831099918927,0,2
423,1267112.png,0.9609749995433958,0.2539529996283818,10.55498800087662,0.3251490015827585,0.056307000704691745,12.190704001113772,0,3
424,1267114.png,1.0014290000981418,0.24191699958464596,10.214492000159225,0.31996500001696404,0.05891299952054396,11.87154600120266,0,8
425,1267120.png,1.1779689994000364,0.43880799967155326,23.668562000239035,0.3141710003546905,0.0559879990760237,25.710727999467053,0,4
426,1267122.png,1.1483880007290281,0.2263430014863843,10.453849999976228,0.2862330002244562,0.06061200110707432,12.215552998895873,0,2
427,1270003.png,0.7512259999202797,0.22154199905344285,10.732149999967078,0.31302599927585106,0.05543100087379571,12.113333999877796,0,1
428,1270005.png,0.9906730010698084,0.22102699949755333,13.39861799897335,0.6671850005659508,0.09977199988497887,15.419417999510188,0,7
429,1270014.png,0.9168610013148282,0.7041449989628745,19.629798000096343,0.6686010001430986,0.10575699889159296,22.075163000408793,0,5
430,1270017.png,0.7738320000498788,0.3115430008620024,15.17114499984018,0.33530300061102025,0.06078900150896516,16.691566999725183,0,2
431,1270019.png,0.73552400135668,0.2414659993519308,10.25956400007999,0.30590799906349275,0.057899998864741065,11.638289999609697,0,2
432,1270034.png,0.752627000110806,0.24059699899225961,10.620844999721157,0.28406599994923454,0.05388099998526741,11.989669999820762,0,3
433,1270043.png,0.7828230009181425,0.21435300004668534,10.61577900145494,0.3415459996176651,0.05912199958402198,12.051421001160634,0,5
434,1270056.png,0.7546060005552135,0.22417400032281876,10.427368000819115,0.32653000016580336,0.05606800004898105,11.820157000329345,0,2
435,1270059.png,0.789574000009452,0.2113639984600013,10.015937999924063,0.2888039998651948,0.04827600059797987,11.391571999411099,0,6
436,1270062.png,0.692591998813441,0.2009879990509944,10.54891400053748,0.2957300002890406,0.05632399916066788,11.824454999441514,0,7
437,1270063.png,0.7307910000236006,0.2165930000046501,13.782390000415035,0.29498100047931075,0.05651600076816976,15.120321999347652,0,3
438,1270072.png,0.7374399992841063,0.22017399896867573,11.163333998410963,0.407950999942841,0.0669269993522903,12.637808000363293,0,5
439,1270083.png,0.733828999727848,0.2275789993291255,10.835552000571624,0.3024359994014958,0.05613100074697286,12.188455999421421,0,5
440,1270090.png,0.7500929987145355,0.24399900030402932,11.131892000776134,0.3507129986246582,0.06153399954200722,12.580261000039172,0,8
441,1270100.png,0.7634769990545465,0.23775500085321255,10.749518998636631,0.3264700008003274,0.05921500087424647,12.179000999822165,0,4
442,1274019.png,0.9057019997271709,0.2433989993733121,10.42968000001565,0.3333059994474752,0.057711999033926986,12.009153000690276,0,1
443,1274026.png,0.8892120004020398,0.23181799951998983,10.234368999590515,0.29033899954811204,0.05641399911837652,11.74416200046835,0,4
444,1274034.png,0.8235610002884641,0.2363740004511783,10.507574999792268,0.30237200007832143,0.059887999668717384,11.968676999458694,0,4
445,1274043.png,0.9457799988012994,0.25395799821126275,11.63709899992682,0.34125999991374556,0.06501800089608878,13.281101999382372,0,1
446,1274044.png,1.000124999336549,0.259719001405756,11.376958998880582,0.3345219993207138,0.06150899935164489,13.083666000966332,0,3
447,1276002.png,0.8137420009006746,0.25348999952257145,11.116211000626208,0.3067620000365423,0.059412001064629294,12.592997998581268,0,1
448,1276004.png,0.7861560006858781,0.22644300042884424,10.088166000059573,0.28834299882873893,0.05583999882219359,11.478536998765776,0,2
449,1276007.png,0.6631850010307971,0.21382200066000223,10.067264000099385,0.2160499989258824,0.022154999896883965,11.214123000172549,0,0
450,1276009.png,0.6974610005272552,0.21469999956025276,10.58742799978063,0.24200599909818266,0.02330899951630272,11.796482000136166,0,0
451,1276015.png,0.7441449997713789,0.2305409998371033,10.512331999052549,0.2809329998854082,0.05448200136015657,11.85576699936064,0,5
452,1276020.png,0.7862719994591316,0.2289020012540277,10.013015000367886,0.2850109995051753,0.055435999456676655,11.401907000617939,0,1
453,1276025.png,0.7185150006989716,0.20402199879754335,10.45533000069554,0.2749660015979316,0.054588001148658805,11.739617999410257,0,7
454,1276027.png,0.7083649998094188,0.2081420007016277,10.199765998549992,0.2841810000973055,0.05543500083149411,11.487470001156908,0,2
455,1276029.png,0.8093059987004381,0.22270699992077425,24.243069001386175,0.7182709996413905,0.10694899901864119,26.146176000111154,0,2
456,1276036.png,0.9379889997944701,0.335295999320806,19.371525000678957,0.3131620014755754,0.05596899973170366,21.06198600085918,0,1
457,1276042.png,0.6909230014571222,0.22091800019552466,13.62598500054446,0.30643100035376847,0.05559999954130035,14.939709999453044,0,2
458,1281002.png,0.6826000008004485,0.266736000412493,10.059551999802352,0.3233639999962179,0.05863899968971964,11.430339998696581,0,21
459,1281012.png,0.6597819992748555,0.21059200116724242,14.267820999521064,0.3994750004494563,0.05708800017600879,15.637002999937977,0,3
460,1281015.png,0.7604629990964895,0.21485400066012517,10.465803999977652,0.2870500011340482,0.05563400009123143,11.821703001260175,0,1
461,1281016.png,0.7444410002790391,0.2213950010627741,12.454445000912528,0.3185179994034115,0.07043799996608868,13.850968000042485,0,2
462,1281020.png,0.7036979986878578,0.22238700148591306,10.821767000379623,0.30256500031100586,0.05745999987993855,12.142744999437127,0,1
463,1281023.png,0.6889439991937252,0.2426370010653045,11.715607999576605,0.3785410008276813,0.06261700036702678,13.121040999976685,0,3
464,1281028.png,0.7921880005596904,0.22853999871585984,10.47212499906891,0.6069009996281238,0.10689899863791652,12.258889999429812,0,6
465,1281029.png,0.9759799995663343,0.24222899992309976,11.671579000903876,0.3006999995704973,0.05414899897004943,13.286843999594566,0,1
466,1281032.png,0.7613699999637902,0.2129259992216248,16.494957000759314,0.4316729991842294,0.09250599941879045,18.028062000666978,0,3
467,1281038.png,0.8566229989810381,0.2542830006859731,10.368126000685152,0.29911400088167284,0.05670000064128544,11.884243998792954,0,6
468,1281041.png,0.6447659998229938,0.21233099869277794,10.266928999044467,0.297507000141195,0.055379001423716545,11.511761000292609,0,2
469,1281051.png,0.6602030007343274,0.21329999981389847,10.850859000129276,0.33515100039949175,0.058753999837790616,12.150161999670672,0,3
470,1283007.png,0.8499619998474373,0.3105590003542602,10.599945999274496,0.30969099861977156,0.07378300142590888,12.188605000119423,0,3
471,1283008.png,0.7970799997565337,0.24220600062108133,10.654248999344418,0.29792299937980715,0.056939999922178686,12.080409000191139,0,1
472,1283020.png,0.758079999286565,0.22032199922250584,20.209177999277017,0.2446729995426722,0.024753999241511337,21.49796400044579,0,0
473,1283028.png,0.8948779995989753,0.22420999994210433,12.226729000758496,0.7662120005988982,0.07370799903583247,14.254794999942533,0,1
474,1283029.png,0.8196369999495801,0.26776799859362654,12.342895999609027,0.38674400093441363,0.06767500053683762,13.927367001087987,0,1
475,1283035.png,0.8947319984144997,0.2455909998388961,12.276270001166267,0.21543500042753294,0.022174001060193405,13.694129998839344,0,0
476,1283042.png,0.8623370013083331,0.3327000013086945,9.980546999940998,0.295429999823682,0.05509899892786052,11.588532999667223,0,1
477,1283045.png,0.8210699998016935,0.2365950003877515,10.272961000737268,0.287307000689907,0.053742998716188595,11.703154999850085,0,4
478,1283046.png,0.8459719992970349,0.20811099966522306,13.723427000513766,0.30338299984578043,0.05700699875887949,15.169835000051535,0,2
479,1283051.png,0.8625450009276392,0.25466099941695575,10.220031999779167,0.3265350005676737,0.05667100049322471,11.761511999793584,0,2
480,1283052.png,0.842288998683216,0.21556300089287106,9.999998999774107,0.2907170000980841,0.05401599992183037,11.441776001447579,0,4
481,1290007.png,0.9577150012773927,0.21235799977148417,10.290520998751163,0.2852470006473595,0.05471300028148107,11.840811999718426,0,5
482,1290009.png,0.8634929999971064,0.21521500093513168,10.410513001261279,0.2930569989985088,0.055433998568332754,11.878125998919131,0,4
483,1292003.png,0.8324069985974347,0.2194640001107473,10.092385999087128,0.31192999995255377,0.055036000048858114,11.551637999218656,0,1
484,1292004.png,0.7813400006853044,0.2134990008926252,9.850537000602344,0.26889099899563007,0.05160499858902767,11.204430998986936,0,1
485,1292011.png,0.855958000101964,0.21027200091339182,10.868111001400393,0.30978200084064156,0.05761399916082155,12.339643000814249,0,3
486,1292019.png,0.8539520003978396,0.22448600066127256,10.238517001198488,0.32795200058899354,0.05874599992239382,11.747430999093922,0,9
487,1294008.png,0.9276109994971193,0.23130400040827226,10.247247999359388,0.30603800041717477,0.052990000767749734,11.808819999714615,0,2
488,1294013.png,1.0126789984497009,0.3942830007872544,10.211300999799278,0.3082029998040525,0.05315300040820148,12.024468000163324,0,4
489,1294017.png,0.8243779993790668,0.21559899869316723,10.795228999995743,0.3083339997829171,0.058536999858915806,12.235270000019227,0,4
490,1294019.png,0.9739510005601915,0.2680529996723635,10.818259999723523,0.28678099988610484,0.05749699994339608,12.440419000995462,0,1
491,1295010.png,0.8532900010322919,0.22655799875792582,10.334175000025425,0.2993680009240052,0.057349001508555375,11.813072998847929,0,5
492,1295011.png,0.7920530006231274,0.22093999905337114,10.324369000954903,0.2947609991679201,0.053621999541064724,11.726442000508541,0,5
493,1296006.png,0.7775779995427001,0.314931001412333,10.305967998647247,0.29471800007740967,0.05491199954121839,11.787129998992896,0,8
494,1296008.png,0.8052039993344806,0.2323140015505487,10.601836000205367,0.28205000126035884,0.05565799983742181,12.010160000500036,0,5
495,1296009.png,0.788564000686165,0.2331670002604369,13.793297001029714,0.46177799958968535,0.08356299986189697,15.397030998428818,0,3
496,1296015.png,0.8628049999970244,0.31512300120084547,15.45592900038173,0.3965760006394703,0.0649070007057162,17.149893001260352,0,1
497,1296025.png,0.7945759989524959,0.3191269988747081,11.094941999544972,0.33201499900314957,0.05809399954159744,12.636551999094081,0,7
498,1296027.png,0.7566019994555973,0.23236800006998237,10.516293999899062,0.30239900115702767,0.05642199903377332,11.896664998857887,0,2
499,1296029.png,0.7472609995602397,0.2087459997710539,10.242022999591427,0.30416099980357103,0.05507900095835794,11.589059000471025,0,5
500,1296030.png,0.7383190004475182,0.20840400065935683,11.21401799900923,0.52908900033799,0.060766999013139866,12.784962000296218,0,7
501,1297013.png,0.8274219999293564,0.27081300140707754,10.772980998808634,0.3111299993179273,0.05725600021833088,12.281519999305601,0,2
502,1297032.png,0.6938649985386292,0.22504499975184444,10.449419998622034,0.33691799944790546,0.057190000006812625,11.797406999903615,0,1
503,1298006.png,0.8464509992336389,0.21562499932770152,10.29989600101544,0.3002239991474198,0.056741000662441365,11.752018999686697,0,6
504,1298007.png,0.9567609995428938,0.21930699949734844,10.218204000921105,0.2777819991024444,0.05408099968917668,11.766326000724803,0,6
505,1298016.png,0.8131790000334149,0.2189820006606169,11.296806000245851,0.320195000313106,0.05802300074719824,12.74435900086246,0,3
506,1298029.png,0.8607170002505882,0.2260429992020363,10.782100000142236,0.2948539986391552,0.05612700078927446,12.253853999936837,0,2
507,1298031.png,0.7990529993548989,0.30524500107276253,10.173904000112088,0.32389599982707296,0.056164999477914535,11.699818000124651,0,5
508,1298035.png,0.7818699996278156,0.22081699898990337,9.930202999385074,0.28057300005457364,0.05678100023942534,11.324097999022342,0,2
509,1298050.png,0.8718230001250049,0.22549700042873155,10.298305000105756,0.3048149992537219,0.04878699837718159,11.788260000685113,0,1
510,1301002.png,0.8745559989620233,0.22110399913799483,10.234532999675139,0.31737799872644246,0.056060000133584253,11.74387999890314,0,4
511,1301014.png,0.7384670007013483,0.21016500068071764,10.586328000499634,0.30119899929559324,0.05729099939344451,11.924760998226702,0,1
512,1301016.png,0.774267999076983,0.21683999875676818,9.990811999159632,0.30167899967636913,0.04866400013270322,11.371410000720061,0,1
513,1302008.png,0.7792279993736884,0.252705000093556,16.832364999572746,0.7273890005308203,0.10666100024536718,18.75060900056269,0,1
514,1302020.png,0.7714619987382321,0.3137849998893216,18.391390000033425,0.3346579997014487,0.05261899968900252,19.903844000509707,0,4
515,1302033.png,0.7658430004084948,0.2294770001753932,10.470155999428243,0.2939040005003335,0.05495100049301982,11.85257500037551,0,2
516,1302038.png,0.8851679995132145,0.21670199930667877,10.340144999645418,0.2839980006683618,0.05330699968908448,11.819780000223545,0,3
517,1303009.png,0.9769160005816957,0.2326300000277115,13.681976000953,0.29196799914643634,0.05555399911827408,15.281638001397368,0,3
518,1303010.png,0.8164499995473307,0.3790459995798301,11.658741999781341,0.747535999835236,0.10469100016052835,13.745300000664429,0,1
519,1303012.png,0.8294819999719039,0.30141000024741516,17.38809800008312,0.35732699871005025,0.05807200068375096,19.145173000651994,0,6
520,1303013.png,0.9036889987328323,0.2302940010849852,10.002012000768445,0.3139710006507812,0.05392800085246563,11.543708000317565,0,5
521,1303019.png,0.8771899993007537,0.21261700021568686,11.871733999214484,0.30240900014177896,0.055784001233405434,13.352137999390834,0,6
522,1303021.png,0.9537240002828185,0.2247869997518137,11.009785999704036,0.31561700052407105,0.05696299922419712,12.601740998434252,0,1
523,1303023.png,0.9265589997085044,0.22703099966747686,12.099518999093561,0.3107640004600398,0.061528999140136875,13.667421999343787,0,3
524,1303029.png,0.8128930003294954,0.22886199985805433,15.447510000740294,0.3257019998272881,0.0587739996262826,16.907048999200924,0,2
525,1303035.png,0.8537200010323431,0.23979400066309609,14.471000999037642,0.33017500027199276,0.05896500078961253,15.997333999621333,0,1
526,1304005.png,0.7954630000313045,0.23296799918171018,11.13864200124226,0.4565919989545364,0.06743999983882532,12.729347999993479,0,3
527,1304009.png,0.8508320006512804,0.22557800002687145,10.968380000122124,0.21383599960245192,0.024024999220273457,12.316623000515392,0,0
528,1304010.png,0.99953400058439,0.29501500102924183,23.87346300019999,0.7404859989037504,0.12443699961295351,26.086096000653924,0,17
529,1304014.png,0.8549090016458649,0.3336160007165745,22.617554001044482,0.38098400000308175,0.059178000810788944,24.284630999318324,0,8
530,1304018.png,0.8185490005416796,0.22386800083040725,10.291193999364623,0.41936900015571155,0.061749000451527536,11.897252999915509,0,2
531,1304025.png,0.8119630001601763,0.2232609986094758,10.533814998780144,0.29597600041597616,0.05543200131796766,11.951652000789181,0,2
532,1304028.png,0.6818159999966156,0.21596999977191444,12.154739999459707,0.3282249999756459,0.07182300032582134,13.484314000379527,0,2
533,1305001.jpg,0.8560860005673021,0.23729100030323025,10.57191700056137,0.3032530003110878,0.05601399971055798,12.061254999935045,0,9
534,1305002.jpg,0.9220459996868158,0.2529619996494148,11.010922000423307,0.3114770006504841,0.09163100003206637,12.634401999093825,0,3
535,1305003.jpg,0.8741149995330488,0.22994900064077228,11.191170999154565,0.36642800114350393,0.06522199873870704,12.763642000209074,0,5
536,1305005.jpg,0.988402000075439,0.2423129990347661,12.106528000003891,0.37587400038319174,0.0676889994792873,13.832294000167167,0,4
537,1305009.jpg,1.012747999993735,0.2825459996529389,10.972675998345949,0.3409139990253607,0.0610229999438161,12.742953000270063,0,3
538,1305012.jpg,0.827799998660339,0.22841300051368307,10.773400999823934,0.3211530001863139,0.061302000176510774,12.24848300080339,0,16
539,1305014.jpg,0.971700999798486,0.23040799896989483,10.616816000037943,0.40523499956179876,0.06586699964827858,12.348197000392247,0,5
540,1305016.jpg,1.0126399993168889,0.2426529990771087,11.201803001313237,0.3567320000001928,0.06731499888701364,12.926146999234334,0,4
541,1307005.png,1.0158229997614399,0.344576001225505,11.225620000914205,0.3591429995140061,0.06099499842093792,13.05705499908072,0,3
542,1307007.png,1.0422459999972489,0.24295000002894085,10.60059699921112,0.3127569998468971,0.05829799920320511,12.30453599964676,0,3
543,1307012.png,0.8932519995141774,0.23740199867461342,12.343317999693681,0.3509599991957657,0.06211199979588855,13.9320400012366,0,3
544,1307018.png,0.9422100010851864,0.24149499949999154,10.656939999535098,0.2922249987022951,0.05673499981639907,12.23638800001936,0,2
545,1307047.png,0.9290739999414654,0.22719300068274606,10.681558000214864,0.5089389997010585,0.14309800098999403,12.532008999187383,0,2
546,1309001.png,0.8150869998644339,0.3616129997681128,26.07253000132914,0.3082629991695285,0.05595199945673812,27.652315999148414,0,1
547,1309005.png,0.8133890005410649,0.22522700055560563,10.052757999801543,0.20743800087075215,0.022019999960321,11.36043100086681,0,0
548,1309022.png,0.7756590002827579,0.20633199892472476,10.289955998814548,0.32402599936176557,0.057092998758889735,11.683913999149809,0,2
549,1309025.png,0.7890430006227689,0.21572100013145246,10.226075000900892,0.29015300060564186,0.05494699871633202,11.609946999669774,0,3
550,1309033.png,0.8587009997427231,0.2186880010413006,10.086065998621052,0.2902569995058002,0.055934000556590036,11.548802000106662,0,6
551,1309037.png,0.789036001151544,0.22456700025941245,10.104162000061478,0.2954400006274227,0.05619100011244882,11.511430000609835,0,4
552,1310005.png,0.8586410003772471,0.22134600112622138,12.216316999911214,0.7228489994304255,0.7601489996886812,14.822312999967835,0,11
553,1310014.png,1.4821519998804433,1.392939999277587,10.606081999867456,0.3198989998054458,0.055463999160565436,14.194478000717936,0,5
554,1310016.png,0.793692999650375,0.22668800011160783,10.115302000485826,0.28535300043586176,0.05214700104261283,11.512601999129402,0,3
555,1310017.png,0.7218419996206649,0.2089709996653255,9.93358400046418,0.30244299887272064,0.053588999435305595,11.26592499895196,0,3
556,1310023.png,0.7174109996412881,0.20334300097601954,10.086059999594,0.28086299971619155,0.05259099998511374,11.370882999472087,0,6
557,1310024.png,0.7321749999391614,0.22119100140116643,11.229662999539869,0.29815000016242266,0.05674599924532231,12.576396000440582,0,1
558,1311009.png,0.818552000055206,0.243096999838599,10.183588001382304,0.2977599997393554,0.05982999937259592,11.640313001407776,0,2
559,1312022.png,0.8858559995132964,0.23243199939315673,10.92930099912337,0.3555749990482582,0.06871500045235734,12.510735999967437,0,1
560,1312023.png,0.9217089991579996,0.23118599892768543,10.194968999712728,0.4218779995426303,0.06975900032557547,11.881446000188589,0,1
561,1312024.png,0.9670060007920256,0.41075000081036706,10.900922001383151,0.3273960010119481,0.057417999414610676,12.706839001111803,0,1
562,1312027.png,0.9274900003219955,0.23132600108510815,10.59991500005708,0.2990529992530355,0.056722999943303876,12.149266998676467,0,1
563,1312028.png,0.9124900007009273,0.214252999285236,10.938411000097403,0.31213599868351594,0.0591730004089186,12.477086000217241,0,1
564,1312031.png,1.0095450015796814,0.2396750005573267,10.52198500110535,0.32339700010197703,0.05763800072600134,12.196177000078023,0,1
565,1313011.png,0.8561539998481749,0.228663000598317,10.35432599928754,0.285688000076334,0.05383000097936019,11.811434000264853,0,1
566,1313012.png,0.9315750012319768,0.21804099924338516,10.54624700009299,0.30296399927465245,0.057904000641428865,12.091361999409855,0,2
567,1313026.png,0.7755149999866262,0.21507099882001057,10.529207000217866,0.29582000024674926,0.05650300045090262,11.906271998668672,0,4
568,1313027.png,0.7874100010667462,0.21435300004668534,10.165408999455394,0.29079099840600975,0.0534370010427665,11.550372999408864,0,8
569,1313029.png,0.8003329985513119,0.21242699949652888,10.188962000029278,0.2939349997177487,0.05693299863196444,11.592725000809878,0,3
570,1313030.png,0.846543998704874,0.24994599880301394,10.046527000667993,0.2850420005415799,0.05590599903371185,11.544275999767706,0,1
571,1313032.png,0.7746860010229284,0.21660399943357334,11.194860000614426,0.3591409986256622,0.062273998992168345,12.647097999433754,0,3
572,1313041.png,0.8806099995126715,0.2536590000090655,10.552462999839918,0.3206080000381917,0.05717899875889998,12.105320998671232,0,2
573,1313043.png,0.8404829986830009,0.22986399926594459,10.45149400124501,0.30015199990884867,0.11374099995009601,11.969025999860605,0,1
574,1313047.png,0.956087000304251,0.23727299958409276,10.080853000545176,0.28049600041413214,0.05189100011193659,11.64756199978001,0,2
575,1314002.png,0.8248510002886178,0.22801699924457353,10.510325000723242,0.3267979991505854,0.05822599996463396,11.981550000200514,0,2
576,1314003.png,1.193041000078665,0.23997100106498692,10.804180999912205,0.34461699942767154,0.05285800034471322,12.676657999691088,0,2
577,1314006.png,0.9761960009200266,0.23526700169895776,10.332379999454133,0.3163900000799913,0.05692699960491154,11.952337001275737,0,4
578,1314008.png,0.9731320005812449,0.22283899852482136,10.27069500014477,0.3566150007827673,0.05322200013324618,11.91045599989593,0,1
579,1314014.png,0.8869699995557312,0.45629499982169364,10.698862999561243,0.2976160012622131,0.05635799971059896,12.437446999683743,0,2
580,1314017.png,0.8290030000352999,0.22212699877854902,10.693813999751,0.34400699951220304,0.1242359994648723,12.25475300088874,0,5
581,1314020.png,0.837960998978815,0.22983499911788385,10.305223999239388,0.31093299912754446,0.05627500104310457,11.781934999817167,0,1
582,1314022.png,0.8127870005409932,0.21593800011032727,9.96142899930419,0.275144000625005,0.05369700011215173,11.352314000760089,0,3
583,1314024.png,0.8710559995961376,0.23281100038730074,10.011714999563992,0.28709100115520414,0.05431200042949058,11.497692999910214,0,12
584,1314027.png,1.0761660014395602,0.2262050002173055,10.165990999666974,0.29133000134606846,0.05390899968915619,11.85322899982566,0,1
585,1314031.png,0.9652789995016064,0.21275500148476567,10.006482998505817,0.31222699908539653,0.05788999987998977,11.587402999793994,0,4
586,1314038.png,0.889777000338654,0.21434100017359015,10.0157320011931,0.2821830003085779,0.05410699850472156,11.489040000014938,0,1
587,1314043.png,0.8780230000411393,0.2119410000887001,10.617871999784256,0.34696500006248243,0.05363700074667577,12.14212599916209,0,2
588,1314044.png,0.9340300002804724,0.236118999964674,13.956274999145535,0.6692749993817415,0.1050709997798549,15.936697000142885,0,1
589,1314051.png,0.9204649995808722,0.30682199940201826,26.410783000756055,0.6739380005456042,0.10390500028734095,28.457482001613243,0,3
590,1314054.png,0.9624919985071756,0.3100849990005372,26.583492999634473,0.7327420007641194,0.10054900121758692,28.732300999763538,0,4
591,1314057.png,0.9163419999822509,0.3060809995076852,11.545850000402424,0.33885700031532906,0.057608000133768655,13.20436000059999,0,1
592,1315003.png,0.9931059994414682,0.2318050010217121,10.978543001328944,0.32082399957289454,0.05571099973167293,12.613916000191239,0,5
593,1315020.png,0.9392039992235368,0.38771500112488866,10.408860000097775,0.30320500081870705,0.05859300108568277,12.14108599924657,0,8
594,1315052.png,0.9678049991634907,0.22996299958322197,11.161344000356621,0.2973099999508122,0.055903999964357354,12.755558998833294,0,2
595,1315054.png,1.028702001349302,0.22794300093664788,10.252013000354054,0.3037290007341653,0.057219000154873356,11.913693999304087,0,1
596,13160014.png,0.8314469996548723,0.26271299975633156,10.097465999933775,0.2936670007329667,0.05404599869507365,11.574371999813593,0,6
597,13160020.png,0.9789870000531664,0.26289699962944724,10.529884999414207,0.6739079999533715,0.09991800106945448,12.59679199938546,0,3
598,13160024.png,0.8990240003186045,0.3033659995708149,22.521369999594754,0.33267700018768664,0.056912000218289904,24.15512700099498,0,4
599,13160028.png,0.7331070009968244,0.22136000006867107,10.357876000853139,0.424366999141057,0.1591279997228412,11.930897999263834,0,2
600,13160030.png,0.7778899998811539,0.31915500039758626,10.501352999199298,0.2827910011546919,0.05371600127546117,11.967663000177708,0,6
601,13160037.png,0.8891559991752729,0.4528440003923606,10.852362000150606,0.3282690013293177,0.05734899968956597,12.618116999874474,0,3
602,13160038.png,0.9185809994960437,0.22392699975171126,10.498780000489205,0.3204559998266632,0.05787899863207713,12.061273999279365,0,5
603,13160042.png,0.911377999727847,0.22404899937100708,13.599199999589473,0.6673379994026618,0.09977999980037566,15.535762999206781,0,3
604,13160044.png,0.8217730010073865,0.32212699989031535,27.264024000032805,0.7167959993239492,0.10946800102829002,29.27467400149908,0,4
605,13160046.png,0.8855710002535488,0.33661000088613946,14.325975998872309,0.35039199974562507,0.05490100011229515,15.999260000171489,0,6
606,13160048.png,0.8353359989996534,0.2535309995437274,10.886220001339098,0.368847000572714,0.11664500016195234,12.506879000284243,0,3
607,1317006.png,0.7410480011458276,0.4590919998008758,10.709610000048997,0.3200650007784134,0.058536999858915806,12.325681000220357,0,5
608,1317008.png,0.8970899998530513,0.3499390004435554,10.243770000670338,0.3341130013723159,0.05992000114929397,11.93678900017403,0,1
609,1318018.png,0.8192929999495391,0.2505470001779031,10.109885000929353,0.4528600002231542,0.09659199895395432,11.770244000217644,0,3
610,1318025.png,0.8299950004584389,0.2443529992888216,10.076173000925337,0.3503240004647523,0.05896099901292473,11.602057000345667,0,4
611,1319010.png,0.8478580002702074,0.23932300064188894,9.596315001545008,0.31225000020640437,0.05539999983739108,11.092284999904223,0,4
612,1319011.png,1.186981000500964,0.30112399872450624,10.855750000700937,0.32404800003860146,0.05758800034527667,12.767206000717124,0,3
613,1319021.png,0.8464210004603956,0.22242300110519864,10.751611000159755,0.3037389997189166,0.0808810000307858,12.246574000528199,0,18
614,1319024.png,0.8988040008262033,0.2640729999257019,11.530188001415809,0.3299849995528348,0.05879600030311849,13.124052000421216,0,3
615,1319029.png,0.8239790004154202,0.22682199960399885,10.754831999292946,0.3555900002538692,0.06470200059993658,12.260445999345393,0,1
616,1319031.png,0.8874690010998165,0.3561260000424227,12.706563000392634,0.39456099875678774,0.06745300015609246,14.452388999416144,0,1
617,1320014.png,0.9361779993923847,0.29988000096636824,11.236855998504325,0.33284100027231034,0.060737998865079135,12.920805000248947,0,5
618,1320017.png,0.816685000245343,0.22700400040776003,10.790862999783712,0.30373400113603566,0.05632700049318373,12.229428999489755,0,2
619,1320025.png,0.803494998763199,0.2175999998144107,10.666295998817077,0.33419300052628387,0.06326000038825441,12.125320999984979,0,3
620,1320037.png,0.8660310013510752,0.245213999733096,10.156783000638825,0.28448999910324346,0.05552299990085885,11.642821998975705,0,2
621,1320038.png,0.8274950014310889,0.2186700003221631,9.964171000319766,0.27802600016002543,0.07058800110826269,11.397905000194442,0,9
622,1320041.png,1.015132998873014,0.29326699950615875,10.77581299978192,0.3151889995933743,0.05080800110590644,12.501244998929906,0,5
623,1320047.png,0.7589889992232202,0.20058200061612297,10.490460001165047,0.29214000096544623,0.05654599954141304,11.830495999674895,0,4
624,1320060.png,0.7694639989495045,0.2164289999200264,11.069717998907436,0.31287300043914,0.05763900117017329,12.459505000151694,0,1
625,13210003.png,0.8977440011221915,0.22478400023828726,11.774360998970224,0.33451300078013446,0.06300999848463107,13.329777000762988,0,5
626,13210005.png,0.9805640002014115,0.3316980000818148,10.606520001601893,0.31384200156026054,0.061355998695944436,12.334872999417712,0,14
627,13210008.png,0.8295940006064484,0.24528599897166714,10.3662980000081,0.33828500090749003,0.05645100100082345,11.876491000293754,0,15
628,13210009.png,0.8675709996168735,0.22166100097820163,23.585918999742717,0.7401860002573812,0.1043720003508497,25.55360699989251,0,7
629,13210018.png,0.805685998784611,0.30736100052308757,14.670271999420947,0.29028199969616253,0.05165499896975234,16.165830000318238,0,4
630,13210021.png,0.8111289989756187,0.22465999973064754,15.53362999948149,0.47645199992985,0.06155799928819761,17.149368999525905,0,2
631,13210030.png,0.7894150003266986,0.21614499928546138,17.821548000938492,0.31920900073600933,0.05806500121252611,19.23694200013415,0,5
632,13210033.png,0.8274039992102189,0.22830099987913854,21.314133999112528,0.6506270001409575,0.10137100071005989,23.16600299855054,0,1
633,13210035.png,0.8579590012232075,0.3159139996569138,24.28732899898023,0.3491850002319552,0.05316900023899507,25.904134001393686,0,3
634,13210039.png,0.924916999792913,0.31586599834554363,24.19668000038655,0.7148849999794038,0.11071700100728776,26.31484400080808,0,1
635,13210056.png,0.85887599925627,0.32973100132949185,26.530385001024115,0.7006749983702321,0.103524998849025,28.574083999046707,0,3
636,1322021.png,0.8851439997670241,0.3211330003978219,24.085486000331002,0.34285599940631073,0.06402300095942337,25.74282299974584,0,4
637,1322027.png,0.8392159998038551,0.32452199957333505,10.172291000344558,0.31022399889479857,0.05462800072564278,11.73868399928324,0,2
638,1322031.png,0.7804479992046254,0.21997000112605747,10.360275000493857,0.32869200003915466,0.05613499888568185,11.782305000451743,0,3
639,1322044.png,0.9009479999804171,0.2227730001322925,10.419688000183669,0.29508000079658814,0.05484200119099114,11.938300000110758,0,1
640,1325004.png,0.8215470006689429,0.22334899949782994,10.168742999667302,0.26299000091967173,0.026865000108955428,11.534938001204864,0,0
641,1325025.png,0.8325660000991775,0.23296700055652764,10.321871000996907,0.28917000054207165,0.05271900045045186,11.76748400030192,0,2
642,1325030.png,0.8612069996161154,0.21848899996257387,10.38542100104678,0.29617200016218703,0.055567001254530624,11.856717999762623,0,3
643,1325032.png,0.8382960004382767,0.21809600002598017,10.523943999942276,0.2900870003941236,0.05316200076777022,11.955533000218566,0,2
644,1325034.png,0.8548450005037012,0.23902700013422873,10.298618999513565,0.32792999991215765,0.06197900074766949,11.825834999399376,0,7
645,1325037.png,0.874162000400247,0.2434819998597959,10.249857999951928,0.2965809999295743,0.057159000789397396,11.758344999179826,0,5
646,1325044.png,1.0347560000809608,0.285651998638059,10.090972000398324,0.28387999918777496,0.0529629996890435,11.797527000453556,0,3
647,1325050.png,0.8431799997197231,0.20996199964429252,10.037362000730354,0.29723199986619875,0.0527280008100206,11.478033000457799,0,5
648,1325051.png,0.8164080009009922,0.20928199955960736,9.883419999823673,0.2697359996091109,0.0521910005772952,11.262684000030276,0,1
649,1329013.png,0.7713820014032535,0.20932699953846168,9.743488999447436,0.27500299984239973,0.06119499994383659,11.103679000370903,0,3
650,1329020.png,0.7447019997925963,0.20908899932692293,9.846457998719416,0.2988440010085469,0.05323000004864298,11.184396000317065,0,1
651,1329021.png,0.7122349998098798,0.20640299953811336,10.082114000397269,0.2915780005423585,0.054400001317844726,11.376382999515045,0,3
652,1329051.png,0.682636000419734,0.21462099903146736,9.689423999589053,0.2713760004553478,0.050720998842734843,10.947732000204269,0,3
653,1329052.png,0.7530069997301325,0.21855500017409213,9.868148999885307,0.34697100090852473,0.05362999945646152,11.272179001025506,0,2
654,1330010.png,0.828788000944769,0.2103119986713864,10.426701001051697,0.3128989992546849,0.056531998779973947,11.87316799951077,0,1
655,1330016.png,0.8276749995275168,0.22431100114772562,10.274500000377884,0.31263900018529966,0.05731499913963489,11.740108999219956,0,1
656,1330027.png,0.9226919992215699,0.22018999879946932,10.868213001231197,0.2981429988722084,0.052444000175455585,12.401297000906197,0,1
657,1330031.png,1.092210999559029,0.26540199905866757,10.182927999267122,0.28864500018244144,0.05303699981595855,11.92782299949613,0,2
658,1330034.png,0.8112649993563537,0.207958000828512,10.931431001154124,0.3249630008212989,0.0598620008531725,12.37485099954938,0,1
659,1330037.png,0.8787919996393612,0.23437899835698772,11.276950999672408,0.3117710002698004,0.04967699896951672,12.78944800105819,0,1
660,1330040.png,0.871170001119026,0.23553499886475038,10.502424000151223,0.2889750012400327,0.05508600042958278,11.992160998488544,0,3
661,1330047.png,0.9348519997729454,0.21651899987773504,10.171460000492516,0.19736600006581284,0.020954999854438938,11.580197999137454,0,0
662,1331006.png,0.7942780011944706,0.22908699975232594,11.639848000413622,0.38920400038477965,0.07138300134101883,13.158063000446418,0,3
663,1331012.png,0.9884199989755871,0.2515699998184573,11.20170900139783,0.34637399949133396,0.06072699943615589,12.89792799980205,0,3
664,1331014.png,0.9235750003426801,0.23648400019737892,10.249985998598277,0.289976000203751,0.05475800026033539,11.799714999142452,0,8
665,1331015.png,0.8901180008251686,0.3203630003554281,10.274096001012367,0.31374500031233765,0.0559899999643676,11.887781000041286,0,7
666,1331025.png,0.8937769998738077,0.23942599909787532,10.219510000752052,0.27777299874287564,0.05483499990077689,11.728981999112875,0,1
667,1331027.png,0.8354199999303091,0.21107100110384636,10.229096998955356,0.3178250008204486,0.055170999985421076,11.680290999720455,0,1
668,1331032.png,0.8030440003494732,0.21228200057521462,10.86991299962392,0.3589869993447792,0.05989800047245808,12.336292000327376,0,3
669,1331043.png,0.8507660004397621,0.2379770012339577,12.323106999247102,0.7080010000208858,0.1167129994428251,14.284197000961285,0,4
670,1331044.png,0.8223509994422784,0.3167609993397491,27.48771500046132,0.7815400003892137,0.10924699927272741,29.56990700113238,0,4
671,1332002.png,0.8492500001011649,0.31196999952953774,24.48185100001865,0.23219700051413383,0.026047000574180856,25.945195000531385,0,0
672,1332005.png,0.9043310001288773,0.23716699979559053,12.688507000348181,0.3405919997021556,0.06340100117085967,14.27649799916253,0,1
673,1332006.png,0.8495989986840868,0.22956599968892988,13.117162001435645,0.3293230001872871,0.05856299867446069,14.62950300083321,0,2
674,1332010.png,0.9320020017185016,0.23415199939336162,15.427420001287828,0.3864700011035893,0.07229099901451264,17.097541998737142,0,2
675,1332014.png,0.9362519995192997,0.23493200023949612,11.07392399899254,0.3259820005041547,0.05849899935128633,12.681177999184001,0,1
676,1332020.png,0.9178960008284776,0.24685999960638583,10.850888000277337,0.2905370001826668,0.053996000133338384,12.396209000144154,0,1
677,1332035.png,0.8350299995072419,0.2356690001761308,10.180283001318458,0.3110879988525994,0.04990499837731477,11.654388001261395,0,2
678,1332039.png,0.8601200006523868,0.33553399953234475,10.200854001595872,0.29198000083852094,0.05449899981613271,11.782691999542294,0,2
679,1332042.png,0.8160710003721761,0.21769599879917223,10.716365999542177,0.32350900073652156,0.0516439995408291,12.156917999163852,0,4
680,1333007.png,0.9159700002783211,0.23366899949905928,10.453016999235842,0.2147230006812606,0.022587000785279088,11.881607000759686,0,0
681,1333024.png,0.9182449994113995,0.22494999939226545,10.456085001351312,0.28806999944208656,0.055157999668153934,11.983779999354738,0,4
682,1333037.png,0.934294999751728,0.21472399930644315,10.284021000188659,0.2824479997798335,0.0542759989912156,11.808964000010747,0,1
683,1333044.png,0.964400000157184,0.21259100140014198,23.805569999240106,0.3505140011839103,0.07106100019882433,25.447390999033814,0,9
684,1335002.png,0.9237829999619862,0.24964399926830083,11.382132999642636,0.32318899866368156,0.06450499859056436,12.99040500089177,0,5
685,1335016.png,0.840705999507918,0.2695050006877864,11.686539999573142,0.3492759988148464,0.06519199996546376,13.255891999506275,0,8
686,1335018.png,0.8516050002072006,0.28870400092273485,11.627044999841019,0.24928200036811177,0.028243999622645788,13.087299999824609,0,0
687,1335020.png,1.1114369990536943,0.32005200046114624,11.360374999640044,0.3405410006962484,0.06072900032449979,13.249322000774555,0,4
688,1340006.png,0.9678719998191809,0.2671900001587346,11.24396300110675,0.521672000104445,0.060938999013160355,13.099203999445308,0,2
689,1340021.png,0.9410299990122439,0.24724700051592663,10.776180999528151,0.3352049989189254,0.055350001275655814,12.396016998536652,0,1
690,1358001.png,0.9807829992496409,0.25155500043183565,10.590077999950154,0.31741800012241583,0.05410899939306546,12.239543000760023,0,30
691,1358012.png,1.033111000651843,0.25255999935325235,10.399212000265834,0.3085110001848079,0.05919199975323863,12.09564900091209,0,4
692,1358013.png,1.1981210009253118,0.2779770002234727,10.485266999239684,0.2885899993998464,0.055455000619986095,12.35552199977974,0,1
693,1363003.png,0.8303969989356119,0.22585100123251323,10.346893999667373,0.2815730003931094,0.0551390003238339,11.7817689988442,0,1
694,1363005.png,1.0055279999505728,0.24221799867518712,10.999523999998928,0.41093799882219173,0.07705799907853361,12.78157999877294,0,14
695,1363017.png,1.0831100007635541,0.3116609987046104,11.340279999785707,0.3402219990675803,0.061668999478570186,13.189048000640469,0,8
696,1363018.png,0.8191640008590184,0.23204299941426143,10.565549000602914,0.29112300035194494,0.0571489999856567,12.010327000098187,0,2
697,1363025.png,0.9525050008960534,0.2435650003462797,10.50628800112463,0.30274700111476704,0.05462600165628828,12.104396000722772,0,10
698,1363035.png,1.0061299999506446,0.2254959999845596,10.507140999834519,0.29539199931605253,0.05572800000663847,12.13027399899147,0,2
699,1367007.png,0.7835300002625445,0.21570799981418531,10.392035999757354,0.29539999923144933,0.05586500083154533,11.783938000007765,0,14
700,1367024.png,0.8303020003950223,0.22882600023876876,9.92004799991264,0.29715100026805885,0.0543650003237417,11.365942998963874,0,4
701,1379038.png,0.9196859991789097,0.3335569999762811,25.820916998782195,0.6871969999338035,0.10626099901855923,27.912325000215787,0,5
702,1395002.png,0.9336709990748204,0.30927900115784723,13.583854999524192,0.3265430004830705,0.05584899918176234,15.25149799999781,0,4
703,1395005.png,0.9094340002775425,0.2523579987609992,10.96045300073456,0.35297099930176046,0.05800100007036235,12.56916700003785,0,8
704,1395008.png,0.94948800142447,0.22884600002726074,11.278395999397617,0.7106159991963068,0.11114299923065118,13.318989000254078,0,2
705,1395009.png,0.9172479985863902,0.3129579999949783,25.833990001046914,0.658594000924495,0.09803900138649624,27.860784999575117,0,4
706,1395011.png,0.8262960000138264,0.31546900027024094,25.59890200063819,0.3584669993870193,0.06437599950004369,27.205428001252585,0,11
707,1395012.png,0.8944940000219503,0.24321900127688423,23.964998999872478,0.8042240006034262,0.11473399899841752,26.08308299932105,0,7
708,1395013.png,0.844955000502523,0.31048699929669965,12.407512998834136,0.2912979998654919,0.05401899943535682,13.950840999314096,0,4
709,1395020.png,0.8096219989965903,0.2212329982285155,25.564540999766905,0.678252999932738,0.10228000064671505,27.416789998824243,0,13
710,1399017.png,0.8760370001255069,0.32286900022882037,23.94645799904538,0.33482100116088986,0.05427300129667856,25.56907600046543,0,13
711,1399019.png,0.8882960009941598,0.2493169995432254,16.36972699998296,0.30262600012065377,0.05692599916073959,17.90112200069416,0,7
712,1399020.png,0.9146810007223394,0.2331589985260507,13.748504999966826,0.9444320003240136,0.10498699884919915,15.988843000741326,0,8
713,1399021.png,0.758918000428821,0.31103800029086415,14.646390000052634,0.7747339986963198,0.10881399975914974,16.63660600024741,0,6
714,1399022.png,0.8297589993162546,0.3110509987891419,25.921295999069116,0.6721280005876906,0.10351400123909116,27.88005799993698,0,4
715,1424005.png,0.838837999253883,0.3066560002480401,17.476438000812777,0.28515400117612444,0.05615600093733519,19.00498499890091,0,20
716,1424012.png,0.8717910004634177,0.2289059993927367,12.453803999960655,0.6550710004376015,0.0958439995883964,14.34824399984791,0,6
717,1424017.png,0.8189079999283422,0.30319500001496635,25.28842900028394,0.6722149992128834,0.3461739997874247,27.482673000122304,0,10
718,1424018.png,0.8561750000808388,0.24882199977582786,15.736018000097829,0.3285060010966845,0.0670669996907236,17.274453000936774,0,15
719,1424035.png,0.8372459997190163,0.24211500021920074,19.993705000160844,0.6558910008607199,0.10372100041422527,21.868294999876525,0,8
720,1424037.png,0.7949029986775713,0.3091790003963979,20.703613001387566,0.7931029995233985,0.10983799984387588,22.752052998839645,0,18
721,1427008.png,0.7197739996627206,0.2925570006482303,20.879892001175904,0.33629000063228887,0.054367999837268144,22.324539999317494,0,6
722,1427011.png,0.9167700009129476,0.2413889997114893,10.648026000126265,0.3308420000394108,0.060925000070710666,12.242881000929628,0,5
723,1429004.png,0.8921139997255523,0.2265150014864048,10.605433000819176,0.4187240010651294,0.07460900087608024,12.2515420007403,0,3
724,1429015.png,0.97524800003157,0.7064429992169607,11.675376001221593,0.40425800034427084,0.06694000148854684,13.875450998966699,0,7
725,1429023.png,0.9646950002206722,0.25913100034813397,11.578569999983301,0.3323090004414553,0.06064099943614565,13.242078999610385,0,2
726,1429025.png,0.785645001087687,0.2275200004078215,10.607825999613851,0.3015179991052719,0.058351999541628174,12.015898999379715,0,13
727,1431002.png,0.8936100002756575,0.22392299979401287,10.665030000382103,0.30710899955010973,0.05731499913963489,12.188291999336798,0,4
728,1431007.png,0.818571999843698,0.220085999899311,10.281498000040301,0.4350039998826105,0.0609520011494169,11.851269000544562,0,3
729,1431009.png,0.7735639992461074,0.21583200032182503,10.423859999718843,0.2882699991459958,0.05616799899144098,11.788797999543021,0,31
730,1431014.png,0.6700060002913233,0.20655399930546992,10.244088000035845,0.3216200002498226,0.05599899850494694,11.5302080012043,0,1
731,1431021.png,0.7569009994767839,0.2117120002367301,10.764671000288217,0.3018930001417175,0.05732399949920364,12.125954001021455,0,8
732,1433001.png,0.8946359994297381,0.4206710000289604,16.937533000600524,0.3106929998466512,0.057807999837677926,18.66637600141985,0,1
733,1433012.png,0.9249329996237066,0.22675699983665254,10.088204999192385,0.27871299971593544,0.06388300062099006,11.623884000073303,0,8
734,1433016.png,0.7218890004878631,0.21856899911654182,9.818328000619658,0.27278699963062536,0.05277799937175587,11.122919000627007,0,6
735,2109015.png,0.8055219986999873,0.2623489999677986,10.1523619996442,0.28737899992847815,0.05500000042957254,11.613093000050867,0,4
736,2109020.png,0.7677850007894449,0.21005999951739796,10.354051000831532,0.307592999888584,0.05380099901231006,11.732439999832422,0,10
737,2110004.png,0.8114330012176652,0.21329699848138262,9.916962999341195,0.2816800006257836,0.052045001211808994,11.306727999908617,0,4
738,2110006.png,0.7769399999233428,0.20932600091327913,15.26391300103569,0.6300629993347684,0.09999399844673462,17.019331999108545,0,1
739,2110007.png,0.8613440004410222,0.3030540010513505,16.406770000685356,0.3052179999940563,0.05502400017576292,17.972423000173876,0,5
740,2110012.png,0.8601089994044742,0.21791499966639094,12.504852000347455,0.3271060013503302,0.05667600089509506,13.998378999531269,0,3
741,3000005.png,0.8201590007956838,0.22288800028036349,10.371329000918195,0.31576499895891175,0.08360900028492324,11.85017500029062,0,19
742,3000011.png,0.8704179999767803,0.22740600070392247,10.220266000033007,0.28409100013959687,0.05517300087376498,11.69342899993353,0,26
743,3000021.png,0.9714489988255082,0.25890199867717456,10.305417999916244,0.2756160010903841,0.054131998695083894,11.904705999768339,0,1
744,3000023.png,0.9833040003286442,0.2245520008727908,10.14369800032,0.3277399991929997,0.05488900023919996,11.77589100007026,0,1
745,3000032.png,0.8588339987909421,0.21934200049145147,10.251685000184807,0.28800699874409474,0.055855000027804635,11.713734000295517,0,1
746,3000046.png,0.9257429992430843,0.22107199947640765,10.471120000147494,0.2927470013673883,0.05587600026046857,12.007844999970985,0,4
747,3000058.png,0.8710250003787223,0.2306059996044496,23.94448799896054,0.34787300137395505,0.06687099994451273,25.50437799982319,0,11
748,3000062.png,0.9408919995621545,0.273102001301595,19.590654001149232,0.3609389987104805,0.06328699964797124,21.284547001414467,0,14
749,3000066.png,0.9703149989945814,0.24662000032549258,11.21808900097676,0.3868789990519872,0.056882001445046626,12.927674999446026,0,8
750,3000080.png,0.9044629987329245,0.24880799901438877,11.43063100062136,0.2907699999923352,0.027963998945779167,12.939754999024444,0,0
751,3000083.png,0.9912469995470019,0.2521210008126218,10.733244998846203,0.2218629997514654,0.024031000066315755,12.264805000086199,0,0
752,3000089.png,0.971565999861923,0.23065200002747588,10.207618001004448,0.4763149991049431,0.056742001106613316,11.976596999375033,0,6
753,3000108.png,0.8528750004188623,0.23271999998542015,10.42733199938084,0.29739199999312405,0.05498199971043505,11.8974690012692,0,4
754,3000109.png,0.8786560010776157,0.21478700000443496,10.46489200052747,0.29789899963361677,0.05447100011224393,11.945061000005808,0,2
755,3000113.png,0.8679570000822423,0.22260100013227202,10.894520000874763,0.3141289998893626,0.05586299994320143,12.390335999953095,0,6
756,3000120.png,0.8445549992757151,0.21771299907413777,10.429153999211849,0.3713650003192015,0.06196899994392879,11.961500998950214,0,3
757,3000121.png,0.9013359995151404,0.24675500026205555,10.3648330004944,0.30883399995218497,0.05820799924549647,11.918373000298743,0,3
758,3000124.png,0.8591629994043615,0.22632900072494522,11.02810500015039,0.3848970009130426,0.06096499964769464,12.593845000083093,0,13
759,3000129.png,0.8839969996188302,0.2497589994163718,11.254117998760194,0.342119999913848,0.056430000768159516,12.830329998905654,0,14
760,3000130.png,0.88280399904761,0.25599400032660924,10.91432400062331,0.35027400008402765,0.055933000112418085,12.501970999437617,0,15
761,3000131.png,0.8511670002917526,0.2364270003454294,10.208466999756638,0.4454989993973868,0.06306399882305413,11.840887000289513,0,17
762,3000133.png,0.8623770008853171,0.22974000057729427,10.5853909990401,0.3021360007551266,0.056786000641295686,12.068821999491774,0,15
763,3000134.png,0.9578559984220192,0.23555400002805982,10.485955001058755,0.30914399940229487,0.05732099998567719,12.088936999134603,0,9
764,3000140.png,0.9627979998185765,0.2520119996916037,10.322603999156854,0.34892299845523667,0.05868299922440201,11.98036999994656,0,19
765,3000145.png,0.9925060003297403,0.24523300089640543,10.354949001339264,0.3207159988960484,0.0597910002397839,12.016254999252851,0,16
766,3000147.png,0.7223419997899327,0.22269100008998066,10.44961400111788,0.29771800109301694,0.0550539989490062,11.786036000557942,0,19
767,3000148.png,0.7165489987528417,0.20939300156896934,10.477805999471457,0.2973709997604601,0.05579699973168317,11.795250000432134,0,8
768,3000149.png,0.7801259998814203,0.22156599879963323,10.39077899986296,0.2932839997811243,0.05733999932999723,11.783182999351993,0,19
769,3000151.png,0.6708519995299866,0.21783400006825104,9.796493999601807,0.4379189995233901,0.06789800136175472,11.24339099987992,0,22
770,3000152.png,0.7191760014393367,0.22453100064012688,10.31251099993824,0.28516400016087573,0.053421999837155454,11.626698998952634,0,16
771,3000156.png,0.6870769993838621,0.20536099873424973,10.027066999100498,0.29287999859661795,0.058556001022225246,11.301481999907992,0,14
772,3000183.png,0.817885000287788,0.21715999901061878,9.97249400097644,0.28236199977982324,0.054153000746737234,11.376246000509127,0,8
773,3000186.png,0.8004899991647108,0.2153450004698243,9.776609000255121,0.2680550005607074,0.05232000148680527,11.152196000693948,0,11
774,3000190.png,0.9181959994748468,0.3775850000238279,10.373637000157032,0.3077349992963718,0.05742699977417942,12.079919999450794,0,15
775,3000194.png,0.831272998766508,0.22283799989963882,10.549540000283741,0.3210139984730631,0.056151000535464846,12.021997999909217,0,9
776,3000197.png,0.8512210006301757,0.22885900034452789,10.393575999842142,0.33421099942643195,0.058939998780260794,11.902529000508366,0,24
777,3000204.png,0.9388530015712604,0.23460600095859263,10.332601001209696,0.31178799872577656,0.05891999899176881,11.91134299915575,0,9
778,3000212.png,0.9152760012511862,0.24169400057871826,18.39855000071111,0.6518840000353521,0.09927899918693583,20.34809100041457,0,4
779,3000246.png,0.8485710004606517,0.30429899925366044,25.990070000261767,0.7813459997123573,0.10698000005504582,28.074963000108255,0,7
780,3002009.png,0.7937559985293774,0.30627100022684317,25.691437000205042,1.124414000514662,0.06599199878110085,28.022087999488576,0,12
781,3002017.png,0.7089320006343769,0.4105280004296219,21.596345999569166,0.680239998473553,0.10291099897585809,23.538778999864007,0,18
782,3002022.png,0.7167219991970342,0.2993660000356613,20.798328001546906,0.49088299965660553,0.11337899923091754,22.4595709987625,0,34
783,3002026.png,0.9845789991231868,0.2536709998821607,10.464846000104444,0.2942730006907368,0.05558300108532421,12.099333000151091,0,25
784,3002029.png,0.7954909997351933,0.21993100017425604,20.76258299894107,0.22587799867324065,0.022758998966310173,22.066179999455926,0,0
785,3002033.png,0.8530760005669435,0.22349100072460715,10.134530999494018,0.28058699899702333,0.05251100083114579,11.584698000660865,0,3
786,3002034.png,0.8409769998252159,0.21841099987796042,10.022858001320856,0.29503199948521797,0.054735999583499506,11.472206999314949,0,5
787,3002036.png,0.8439970006293152,0.21829000070283655,13.712337000470143,0.6486400016001426,0.10275800013914704,15.568662000077893,0,11
788,3002039.png,0.8780050011409912,0.3091260005021468,26.50094899945543,0.6893629997648532,0.10797899994940963,28.528003000246827,0,12
789,3002056.png,0.8742520003579557,0.31383199893753044,25.5935290006164,0.3415989995119162,0.053719000788987614,27.221389000260388,0,3
790,3002057.png,0.8854960015014512,0.23410600078932475,21.15567500004545,0.6609640004171524,0.10615400060487445,23.08434699989448,0,5
791,3002059.png,0.7844029987609247,0.30695700115757063,13.527004999559722,0.7004689996392699,0.061885999457444996,15.416569000080926,0,12
792,3002062.png,0.7502389998990111,0.2299070001754444,12.35320400155615,0.3040310002688784,0.055846001487225294,13.727440000366187,0,11
793,3002064.png,0.8540559992979979,0.21983199985697865,10.406347000753158,0.3281299996160669,0.056134000260499306,11.897168998984853,0,8
794,3002075.png,0.827457999548642,0.2352009996684501,10.70734499990067,0.3215830001863651,0.057266999647254124,12.190507999548572,0,11
795,3002080.png,0.8003570001164917,0.22358600108418614,10.118392001459142,0.29638299929501954,0.05426500138128176,11.542427999302163,0,7
796,3002087.png,0.847110999529832,0.22218399863049854,10.074189000079059,0.2795589989545988,0.05439400047180243,11.516975000631646,0,14
797,3002094.png,0.8672410003782716,0.2163560002372833,9.977441000955878,0.28248000126041006,0.054459000239148736,11.436718001277768,0,8
798,3002096.png,0.8883459995558951,0.21941600061836652,9.95095200050855,0.2790910002659075,0.05208299990044907,11.429834999944433,0,15
799,3002106.png,0.9618390013201861,0.2664780004124623,10.988448999341927,0.3043329998035915,0.055825999879743904,12.622112999451929,0,16
800,3002108.png,0.798191000285442,0.2114870003424585,10.839889999260777,0.3053720010939287,0.056024999139481224,12.247034999745665,0,14
801,3002109.png,0.861734999489272,0.26944999990519136,17.21634599925892,0.37832199996046256,0.06899700019857846,18.837497000276926,0,5
802,3002110.png,1.0913289988820907,0.24773000041022897,11.390219999157125,0.34081400008290075,0.060013000620529056,13.183053999455296,0,10
803,3002112.png,0.8511229989380809,0.24720699911995325,10.624898000969552,0.2894420013035415,0.05705500007024966,12.107212998671457,0,5
804,3002119.png,0.778421999712009,0.21622500025841873,10.401892999652773,0.3098640008829534,0.054742000429541804,11.80289599869866,0,4
805,3002131.png,0.9504119989287574,0.23772100030328147,10.336847000871785,0.2803719999064924,0.05500599945662543,11.901375000888947,0,3
806,3002137.png,0.932215001739678,0.23114800023904536,10.231211999780498,0.27332600075169466,0.05335300011211075,11.764052000216907,0,9
807,3002148.png,0.7257109991769539,0.21059299979242496,10.281734001182485,0.317849000566639,0.051078999604214914,11.618777998592122,0,3
808,3002152.png,0.7350729993049754,0.21860800006834324,10.507965998840518,0.3370590002305107,0.0548169991816394,11.887321999893175,0,10
809,3002154.png,0.7863589999033138,0.2242720001959242,10.975654999128892,0.3671609993034508,0.06255300104385242,12.44896800017159,0,4
810,3002155.png,0.8022290003282251,0.23702699945715722,10.577244000160135,0.2957480010081781,0.05530300040845759,12.011871000140673,0,10
811,3002161.png,0.8390880011575064,0.2173729990317952,10.161063999476028,0.2796480002871249,0.053234000006341375,11.59018299949821,0,5
812,3002170.png,0.7949530008772854,0.21662499966623727,10.4299609993177,0.2911120009230217,0.05359900023904629,11.82411500121816,0,2
813,3002191.png,0.9274069998355117,0.23548799981654156,10.13732300089032,0.2954910014523193,0.054180000006454065,11.689994000334991,0,6
814,3002197.png,0.8461159995931666,0.21592299890471622,9.999136000260478,0.27267500081507023,0.05405799856816884,11.427541001467034,0,34
815,3002203.png,0.8572499991714722,0.21082300008856691,9.978972000681097,0.28603400096471887,0.05274099930829834,11.42407000043022,0,19
816,3002204.png,0.8315889990626602,0.22623199947702233,9.942777000105707,0.311806999889086,0.05410700032371096,11.405313000068418,0,7
817,3002213.png,0.8528710004611639,0.20592600048985332,9.769571999640903,0.280028998531634,0.05150099968886934,11.190502998942975,0,1
818,3002228.png,0.9171490000881022,0.27311499979987275,10.376382000686135,0.2903360000345856,0.05312899884302169,11.976191999565344,0,4
819,3002230.png,0.758095000492176,0.2364550000493182,10.966710999127827,0.3266969997639535,0.05314800000633113,12.380865000523045,0,33
820,3002232.png,0.7622889988851966,0.2413380007055821,11.573314999623108,0.3775300010602223,0.06231400038814172,13.053081998805283,0,3
821,3002238.png,0.8432400009041885,0.24631699852761813,11.092401000496466,0.356972999725258,0.06441399818868376,12.652303999857395,0,21
822,3002243.png,0.7919609997770749,0.22946399985812604,10.65606300107902,0.30429100115725305,0.05709200013370719,12.079836000339128,0,9
823,3002244.png,1.1166830008733086,0.3216780005459441,11.139887999888742,0.3463709999778075,0.058583998907124624,13.055645000349614,0,35
824,3003005.png,0.8682030002091778,0.2592269993328955,10.85623299877625,0.31559899980493356,0.05860100100107957,12.398438999298378,0,5
825,3003010.png,0.869170999067137,0.23166800019680522,10.635668000759324,0.3059509999729926,0.05695099935110193,12.144767999416217,0,8
826,3003013.png,0.8411010003328556,0.22252400049183052,10.6041990002268,0.30361200151673984,0.058277000789530575,12.071011000443832,0,14
827,3003016.png,0.8722279999346938,0.2521110000088811,10.456365000209189,0.28616500094358344,0.05398099892772734,11.961543999859714,0,7
828,3003018.png,0.726909998775227,0.20820200006710365,10.763640999357449,0.24297500021930318,0.024920000214478932,11.998260999462218,0,0
829,3003029.png,0.7669560000067577,0.2419299999019131,10.361802000261378,0.31379400024889037,0.05790200157207437,11.778072999732103,0,4
830,3003033.png,0.7692990002396982,0.2207119996455731,10.80048099902342,0.361947999408585,0.06697700155200437,12.255932000698522,0,14
831,3003036.png,0.7902630004537059,0.23389700072584674,10.421060000226134,0.35332900006324053,0.06318200030364096,11.909255999853485,0,1
832,3003047.png,0.9021260011650156,0.26150499979848973,10.773990001325728,0.32133100103237666,0.05163400055607781,12.355839000520064,0,2
833,3003048.png,0.877747999766143,0.23674600015510805,10.428256000523106,0.3185400000802474,0.05204000080993865,11.946581998927286,0,2
834,3003049.png,0.8566399992560036,0.23469299958378542,10.626708999552648,0.29696899946429767,0.053857000239077024,12.109087998396717,0,7
835,3003069.png,0.9700139999040402,0.22220000028028153,9.99119299922313,0.32351300069421995,0.056929000493255444,11.605969000811456,0,4
836,3003078.png,0.8312369991472224,0.21807099983561784,10.108525000759983,0.24720100009290036,0.023902999600977637,11.468976999822189,0,0
837,3003083.png,0.8720569985598559,0.22842700127512217,11.004885000147624,0.31484099963563494,0.05976799911877606,12.522181999884197,0,25
838,3003094.png,0.9014629995363066,0.2839459993992932,10.423140000057174,0.3299149993836181,0.05906699880142696,12.042668999129091,0,8
839,3003105.png,0.8089330003713258,0.23953599884407595,11.77549000021827,0.7315929997275816,0.11844099935842678,13.718258998778765,0,3
840,3003106.png,0.9317479998571798,0.3480539999145549,25.171592000333476,0.3365240008861292,0.05823399988003075,26.89215700047498,0,9
841,3003121.png,0.989108999419841,0.30272299954958726,15.908250999927986,0.700522999977693,0.10646999908203725,18.06224000029033,0,4
842,3003125.png,0.8523289998265682,0.3198200010956498,17.660705001617316,0.3411429988773307,0.06097900040913373,19.277473000329337,0,3
843,3003139.png,0.8610439999756636,0.23244000112754293,10.704374999477295,0.33955799881368876,0.05163500100024976,12.225267000758322,0,3
844,3003152.png,0.9129739992204122,0.24519300131942146,10.319171000446659,0.2561349992902251,0.02107299951603636,11.796838998634485,0,0
845,3003160.png,0.8557109995308565,0.2278970005136216,10.35348199911823,0.33919099951162934,0.05595599941443652,11.865192000186653,0,4
846,3003164.png,0.8216430014726939,0.24238299920398276,11.244604000239633,0.2993710004375316,0.056831999245332554,12.700082999799633,0,3
847,3003166.png,0.8858779983711429,0.2261220015498111,10.140026999579277,0.3165359994454775,0.062114999309415,11.669893001453602,0,2
848,3003168.png,0.7891860004747286,0.22748799892724492,10.133280000445666,0.30741699993086513,0.05556199903367087,11.569362000955152,0,4
