index,filename,preprocess_ms,host_to_device_ms,inference_ms,postprocess_ms,output_to_cpu_ms,processing_total_ms,deadline_missed,num_detections
1,0001003.png,1.0352930003136862,0.2978749998874264,11.341432000335772,0.34394199974485673,0.058070998420589603,13.118765000399435,0,4
2,0001020.png,0.9630780004954431,0.22052100030123256,10.559226000623312,0.3368070010765223,0.0542779998795595,12.172124001153861,0,1
3,0001023.png,0.9879450008156709,0.2259110005979892,10.793130999445566,0.3852379995805677,0.0743609998608008,12.50694899863447,0,7
4,0001031.png,1.30818399884447,0.24801399922580458,10.995235001246328,0.3284560007159598,0.053949001085129566,12.985581000975799,0,3
5,0001043.png,1.0761929988802876,0.25933299912139773,10.727074999522301,0.32142399868462235,0.05842300015501678,12.491655999838258,0,3
6,0001047.png,0.9661580006650183,0.20602599943231326,11.15788900096959,0.3322449992992915,0.057392000599065796,12.760995999997249,0,7
7,0001052.png,0.7914439993328415,0.20116300038353074,10.81132099898241,0.30019799851288553,0.05848500040883664,12.202652000269154,0,11
8,0001053.png,0.778650999563979,0.20486300127231516,10.907460999078467,0.38708899955963716,0.06570500045199879,12.379701998725068,0,5
9,0001054.png,0.8077109996520448,0.20752299860760104,10.594664001473575,0.3187040001648711,0.05777800106443465,12.02324500081886,0,2
10,0001060.png,0.7539759990322636,0.2003090012294706,10.778984000353375,0.3307309998490382,0.05211799907556269,12.149676000262843,0,2
11,0001068.png,0.7938099988678005,0.20088699966436252,10.859897998670931,0.3084580002905568,0.06043099892849568,12.261865000255057,0,4
12,0001071.png,0.8224810007959604,0.20645999939006288,15.92783399973996,0.6966010005271528,0.1097349995689001,17.805398001655703,0,1
13,0001072.png,0.8368149992747931,0.3021199991053436,29.001032000451232,0.7613210000272375,0.11264800014032517,31.059598000865662,0,6
14,0001073.png,0.8660919993417338,0.3153550005663419,23.854308999943896,0.37831200097571127,0.06241200026124716,25.525588000164134,0,6
15,0001074.png,0.7680649996473221,0.23017900093691424,11.27254799939692,0.31153000054473523,0.07759800064377487,12.7053350006463,0,1
16,0001083.png,0.9682929994596634,0.245060000452213,10.644775000400841,0.29911400088167284,0.0564580004720483,12.259144999916316,0,5
17,0001085.png,0.7817659989086678,0.19474900000204798,20.243897999534965,0.43275600000924896,0.06905699956405442,21.763151000413927,0,3
18,0001086.png,0.8098270009213593,0.22037499911675695,16.17576999888115,0.6117680004535941,0.09584500003256835,17.957639998712693,0,6
19,0001088.png,0.9225280009559356,0.26341000011598226,14.967639999667881,0.2968720000353642,0.055390999477822334,16.548867999517825,0,1
20,0002015.png,0.7598550000693649,0.20133600082772318,10.72513700091804,0.29536599868151825,0.05695799882232677,12.072204999640235,0,3
21,0002037.png,1.0087520004162798,0.20207699890306685,10.072545001094113,0.2721860000747256,0.05189400144445244,11.647072999039665,0,1
22,0002040.png,0.904251999600092,0.30205800067051314,10.313855998902,0.3094530002272222,0.05267600135994144,11.925730999791995,0,2
23,0002043.png,0.8620759999757865,0.1962000005732989,10.764943001049687,0.3025699988938868,0.053114001275389455,12.218062000101781,0,1
24,0002045.png,0.8827820001897635,0.20725800095533486,10.249427999951877,0.35443399974610656,0.06519799899251666,11.801423001088551,0,7
25,0002046.png,0.898035999853164,0.2992489989992464,11.344083000949468,0.6556719999935012,0.08614000034867786,13.335978001123294,0,2
26,0002049.png,0.9234520002792124,0.33385999995516613,10.845556000276702,0.3123580008832505,0.058599000112735666,12.519633000920294,0,6
27,0002061.png,0.7856420015741605,0.23033999968902208,10.726667998824269,0.29453499882947654,0.058319999880040996,12.134085000070627,0,22
28,0002065.png,0.8394590004172642,0.26758800049719866,10.60021500052244,0.3150140000798274,0.05974200030323118,12.125234001359786,0,7
29,0002075.png,0.8775549995334586,0.2035590005107224,10.439125000630156,0.35053499959758483,0.06565499825228471,11.979939001321327,0,3
30,00030001.png,0.7771450000291225,0.221459999011131,10.737091000919463,0.3400349996809382,0.05391299964685459,12.165109999841661,0,9
31,00030004.png,0.8087189999059774,0.20587199833244085,14.532091001456138,0.6559279991051881,0.10485599887033459,16.34323199868959,0,1
32,00030006.png,0.9687799993116641,0.33791900023061316,27.50946099877183,0.7124280000425642,0.10780599950521719,29.684013999940362,0,2
33,00030015.png,0.9373920001962688,0.2952149989141617,10.966099000143004,0.298155000564293,0.0564540005143499,12.599700999999186,0,4
34,00030016.png,0.8205190006265184,0.2638099995238008,10.552247000305215,0.31648600088374224,0.058032001106766984,12.050195000483654,0,4
35,00030017.png,0.8629989988548914,0.25273599931097124,11.010467000232893,0.32776799889688846,0.059453999710967764,12.556843999846024,0,1
36,0006002.png,0.9605809991626302,0.20941699949617032,10.721810000177356,0.3466950001893565,0.059623000197461806,12.341276000370272,0,10
37,0006013.png,0.9957479996955954,0.2566009989095619,10.816924999744515,0.2870050011551939,0.056139000662369654,12.475014000301599,0,16
38,0008009.png,0.7487490001949482,0.20623899945348967,10.961166000925004,0.3066100016440032,0.05682799928763416,12.320383000769652,0,4
39,0008034.png,0.8775669994065538,0.21841600027983077,11.240363000979414,0.3602980013965862,0.06026699884387199,12.802546001694282,0,4
40,0009007.png,0.9194680005748523,0.23282799884327687,11.612242000410333,0.3782399999181507,0.06452699926740024,13.252286000351887,0,3
41,0009020.png,1.0004330015362939,0.37777500074298587,11.790015001679421,0.42353699973318726,0.07541300146840513,13.722228999540675,0,3
42,0009028.png,1.164354000138701,0.31608700010110624,11.647858998912852,0.3741079999599606,0.06263699833652936,13.617564998639864,0,4
43,0009029.png,0.9531689993309556,0.2192110005125869,10.61467699946661,0.3306680009700358,0.058783998611033894,12.22067099843116,0,6
44,0009030.png,0.9627320014260476,0.260026999967522,11.281402999884449,0.3025739988515852,0.06170699998619966,12.915323000925127,0,10
45,0009032.png,0.9417360015504528,0.23528900055680424,11.3019099990197,0.2997699994011782,0.08714700015843846,12.90843899914762,0,8
46,0009036.png,0.8014730010472704,0.21887600087211467,10.699383999963175,0.3195629997208016,0.05775599856860936,12.140482998802327,0,17
47,0009045.png,0.9493199995631585,0.1995109996641986,10.421953000331996,0.33871699997689575,0.06301800021901727,12.014746000204468,0,4
48,0009053.png,1.2158970002928982,0.2644480009621475,17.22260700080369,0.3185179994034115,0.058771000112756155,19.12689299933845,0,10
49,0011005.png,0.8585639989178162,0.2159710002160864,19.522182999935467,0.6801119998272043,0.10828899939951953,21.423772999696666,0,13
50,0011006.png,0.9511439984635217,0.3282630004832754,12.729179999951157,0.33848999919428024,0.05396000051405281,14.449464000790613,0,6
51,0011014.png,0.8917909999581752,0.19493100080580916,11.133123000035994,0.3348459995322628,0.06101600047259126,12.660387999858358,0,7
52,0011016.png,0.8655359997646883,0.2173590000893455,10.69156599987764,0.30062800033192616,0.059830001191585325,12.183823999293963,0,11
53,0011022.png,0.9183040001516929,0.20730699907289818,11.61000300089654,0.3157400005875388,0.06107199988036882,13.15462799902889,0,7
54,0011025.png,0.8810489998722915,0.20981700072297826,10.418832998766447,0.2984410002682125,0.057462999393465,11.8980309998733,0,7
55,0011026.png,0.8655330002511619,0.20652899911510758,10.899296999923536,0.3171619991917396,0.06201100040925667,12.394270999720902,0,6
56,0011031.png,0.8444960003544111,0.21260600078676362,10.792821998620639,0.29175900090194773,0.0571529999433551,12.23354899957485,0,3
57,0011034.png,0.929509000343387,0.20365999989735428,10.556200999417342,0.2902930009440752,0.0585429988859687,12.075878999894485,0,11
58,0011036.png,0.8649400006106589,0.34207399949082173,11.00344199949177,0.3124720005871495,0.05500800034496933,12.620574998436496,0,11
59,0012002.png,1.055013999575749,0.33009199978550896,10.680741999749443,0.34097999923687894,0.056632999985595234,12.510349999502068,0,2
60,0012003.png,0.8575310002925107,0.19883700042555574,11.780050999732339,0.38181099989742506,0.06150499939394649,13.324569999895175,0,4
61,0012005.png,1.2238409999554278,0.3706460011017043,11.7251909996412,0.34050600152113475,0.06223899981705472,13.77244000104838,0,3
62,0012006.png,0.8289550005429192,0.24603200108685996,11.114540999187739,0.338933001330588,0.06306799878075253,12.631132000024081,0,17
63,0012008.png,0.9080379986698972,0.22064000040700193,10.926335000476683,0.3417830012040213,0.06006599869579077,12.497428999267868,0,9
64,0012011.png,0.8972279993031407,0.24043800112849567,27.174357999683707,0.7547700006398372,0.11656700007733889,29.228872001112904,0,2
65,0013002.png,1.0268990008626133,0.2911159990617307,11.216163999051787,0.26806399910128675,0.026898998839897104,12.887460999991163,0,0
66,0013003.png,0.685613998939516,0.2172940003219992,11.273395000898745,0.2611069994600257,0.025989000278059393,12.49780199941597,0,0
67,0013008.png,0.7860599998821272,0.2286889994138619,10.949836001600488,0.32411500069429167,0.05562499973166268,12.381467000523116,0,5
68,0013012.png,0.8202170010918053,0.21360800019465387,10.681439000109094,0.3106009990005987,0.057856999774230644,12.124011998821516,0,3
69,0013021.png,0.8408639987464994,0.1991240005736472,13.855412000339129,0.6986230000620708,0.1126019997172989,15.743774998554727,0,3
70,0014011.png,1.0073979992739623,0.3652790001069661,13.021348999245674,0.389934999475372,0.06778900024073664,14.89239599868597,0,1
71,0014017.png,0.9537839996482944,0.2417879986751359,11.211159000595217,0.2824870007316349,0.02727499850152526,12.770417999490746,0,0
72,0014020.png,0.9024319988384377,0.25184300102409907,11.20273400010774,0.3413840004213853,0.05512100142368581,12.801421999029117,0,4
73,0014023.png,0.8994279996841215,0.2274959988426417,11.200599999938277,0.3439470001467271,0.06690500049444381,12.787054000000353,0,1
74,0014029.png,0.8546139997633873,0.21841499983565882,10.858120000193594,0.32446499972138554,0.06317400038824417,12.3763389983651,0,5
75,0015004.png,0.9174090009764768,0.20911000137857627,11.09236899901589,0.32072099929791875,0.054694000937161036,12.630458000785438,0,7
76,0015006.png,0.7776900001772447,0.2615060002426617,10.271275999912177,0.28762399961124174,0.057422999816481024,11.70248500056914,0,29
77,0015013.png,0.8751590012252564,0.20465200032049324,18.020264000369934,0.7478620009351289,0.11529000039445236,20.009129999380093,0,4
78,0016002.png,0.8315039995068219,0.3102329992543673,17.95358799972746,0.310740999339032,0.05885599966859445,19.508979001329863,0,8
79,0016006.png,0.8252850002463674,0.2084420011669863,10.450027000842965,0.3037050009879749,0.059719001001212746,11.881185999300214,0,10
80,0016007.png,0.7741790013824357,0.2064100008283276,10.505762000320829,0.30307700035336893,0.058708999858936295,11.88916600040102,0,7
81,0016009.png,0.7657859987375559,0.20813700029975735,10.547585001404514,0.3054629996768199,0.06029299947840627,11.928772000828758,0,9
82,0016014.png,0.8527480003976962,0.2241629990749061,10.390452000137884,0.30334500115714036,0.05538299956242554,11.86913200035633,0,6
83,0016015.png,0.6977920002100291,0.21618699975078925,10.185215000092285,0.2967790005641291,0.05611900087387767,11.485111001093173,0,3
84,0016017.png,0.6979170011618407,0.20171199867036194,9.940777001247625,0.4031590015074471,0.05380099901231006,11.329442000715062,0,3
85,0020006.png,0.8696530003362568,0.22659099886368494,10.212249999312917,0.27870499980053864,0.05495500045071822,11.680745999910869,0,7
86,0022008.png,0.8348039991687983,0.20838599994021934,10.504626001420547,0.2892359989346005,0.05747899922425859,11.931434000871377,0,11
87,0022010.png,0.8499440009472892,0.20802700055355672,10.36881700019876,0.3078919999097707,0.06007499905535951,11.836771000162116,0,7
88,0022030.png,0.9196160008286824,0.20632000087061897,20.845185001235222,0.6618070001422893,0.10263399963150732,22.776924999561743,0,5
89,0022039.png,0.8341930006281473,0.2996700004587183,23.337881999395904,0.3650880007626256,0.06754199966962915,24.95012000144925,0,8
90,0023007.png,0.9510100007901201,0.22974399871600326,10.819436000019778,0.34531799974502064,0.06239700087462552,12.460488998840447,0,6
91,0023014.png,1.1699999995471444,0.2540929999668151,10.354717000154778,0.2964190007332945,0.05742999928770587,12.182415999632212,0,2
92,0024022.png,0.7611589990119683,0.20528899949567858,10.404972999822348,0.28848500005551614,0.0557590010430431,11.756485000660177,0,5
93,0024038.png,0.8611970006313641,0.21033600023656618,10.209559999566409,0.27876800049853045,0.055590999181731604,11.657494000246515,0,36
94,0024047.png,0.8166919997165678,0.20925399985571858,9.895270999550121,0.27301199952489696,0.05421700006991159,11.30620000003546,0,22
95,0024054.png,0.7890330016380176,0.29862999872420914,9.878035998553969,0.27761899946199264,0.05931099985900801,11.362629000359448,0,8
96,0024061.png,0.8925349993660348,0.20341399977041874,10.892088999753469,0.34337600118306,0.06480399861175101,12.434233000021777,0,11
97,0025003.png,0.9218639988830546,0.22873899979458656,10.752226999102277,0.33692800025164615,0.05978999979561195,12.362276000203565,0,10
98,0025006.png,0.9906609993777238,0.27583200062508695,10.357912999097607,0.3229650010325713,0.057993998780148104,12.040992000038386,0,8
99,0025013.png,0.8213620003516553,0.228741999308113,9.963190999769722,0.2863770005205879,0.05443500049295835,11.387259000912309,0,8
100,0025016.png,0.7680560011067428,0.20733900055347476,10.245918998407433,0.2802100007102126,0.0546609990124125,11.587949000386288,0,6
101,0025017.png,0.8685079992574174,0.26874499963014387,11.991614999715239,0.6372230000124546,0.10573599865892902,13.91314499960572,0,11
102,0025024.png,0.8096620003925636,0.30917600088287145,16.347335000318708,0.37267299921950325,0.06439599928853568,17.948063999938313,0,8
103,0025034.png,0.81350099935662,0.22693899882142432,12.708800000837073,0.38939299884077627,0.06493500040960498,14.24716899964551,0,6
104,0026005.png,0.9657919999881415,0.2334059990971582,11.629065998931765,0.31179399957181886,0.05997299922455568,13.243258999864338,0,14
105,0026012.png,1.0210569998889696,0.23227200108522084,10.814809998919372,0.3126700012217043,0.05918500028201379,12.486796000303002,0,16
106,0026013.png,0.9709290006867377,0.21569900127360597,12.402559001202462,0.35650000063469633,0.061015998653601855,14.055445000849431,0,19
107,0100017.png,0.9387990012328373,0.20764699911524076,10.356322998632095,0.28173999999125954,0.05511599920282606,11.880680000103894,0,10
108,0100021.png,0.8854740008246154,0.19933400108129717,10.32121900061611,0.3115700001217192,0.05609899926639628,11.814061001132359,0,5
109,0100022.png,0.8795239991741255,0.20303100063756574,10.330356999475043,0.3126560004602652,0.05597899871645495,11.821912001323653,0,16
110,0100030.png,0.8520600003976142,0.21735400150646456,10.660417001417954,0.3301500000816304,0.06073099939385429,12.161824999566306,0,5
111,0100041.png,0.7909239993750816,0.21910999930696562,10.31089800017071,0.3029340005014092,0.05509399852599017,11.711125000147149,0,3
112,0100056.png,0.8258819998445688,0.19792700004472863,11.896416001036414,0.35820399898511823,0.06441000004997477,13.375438000366557,0,2
113,0100057.png,0.910138000108418,0.24461700013489462,11.578206000194768,0.3406890009500785,0.06206900070537813,13.186827000026824,0,2
114,0100059.png,0.9508350012765732,0.23561899979540613,11.05160799852456,0.3385899999557296,0.06197299990162719,12.688097000136622,0,5
115,0100067.png,0.8870460005709901,0.3111280002485728,10.932278999462142,0.3549170014593983,0.06256499909795821,12.598248998983763,0,4
116,0100073.png,0.8518669983459404,0.22594900110561866,10.443933000715333,0.295640000331332,0.058788000387721695,11.91421600015019,0,5
117,0100074.png,0.8217110007535666,0.21291400116751902,10.815120000188472,0.33963299938477576,0.08402599996770732,12.316563001149916,0,7
118,0100075.png,0.8756170009291964,0.23308900017582346,10.963500999423559,0.32299000122293364,0.07871700108808,12.519080999481957,0,5
119,0100083.png,0.9875790001387941,0.23832199985918123,10.702518000471173,0.3209689984942088,0.058973000705009326,12.356036999335629,0,2
120,0101008.png,0.958259000981343,0.21313300021574832,10.539096001593862,0.31242000113707036,0.05773999873781577,12.115583000195329,0,6
121,0101018.png,0.9627439994801534,0.21300600019458216,10.49886400141986,0.3306090002297424,0.057371998991584405,12.101201000405126,0,10
122,0101020.png,0.9391719995619496,0.20308400053181686,10.528980999879423,0.31895599931885954,0.0580890009587165,12.08322500133363,0,5
123,0101022.png,0.977059999058838,0.20911399951728527,10.930677000942524,0.33418699968024157,0.06171200038807001,12.547905000246828,0,4
124,0101032.png,0.9598800006642705,0.22882800112711266,10.96641200092563,0.3329390001454158,0.06181200114951935,12.590750000526896,0,2
125,0101056.png,1.0751509998954134,0.22950399943511002,10.748364999017213,0.29470099980244413,0.05738099935115315,12.450232999981381,0,5
126,0101058.png,1.2952830002177507,0.35386399940762203,27.11538199946517,0.6662750001851236,0.10427899906062521,29.58562499952677,0,1
127,0101071.png,0.8651440002722666,0.29936100145278033,20.644786998673226,0.350850999893737,0.06223399941518437,22.26710200011439,0,3
128,0101072.png,0.8776840004429687,0.23716400028206408,10.972180998578551,0.3296800005045952,0.05883999983780086,12.516826000137371,0,4
129,0102006.png,0.9488959985901602,0.317431000439683,10.755933999462286,0.32249600008071866,0.0584680001338711,12.452395998479915,0,2
130,0102007.png,0.9078109997062711,0.9237009999196744,10.842248000699328,0.31689600109530147,0.0571509990550112,13.087948000247707,0,2
131,0102010.png,0.9691220002423506,0.22337899827107321,10.604003000480589,0.29693999931623694,0.05828200119140092,12.187862001155736,0,2
132,0102016.png,0.9058289997483371,0.21272999947541393,12.457569999241969,0.35114700040139724,0.06881599983898923,14.032885999768041,0,1
133,0102020.png,1.3019710004300578,0.33585599885554984,11.919219001356396,0.34566099930088967,0.06037999992258847,14.026714999999967,0,2
134,0102025.png,0.9347159993922105,0.22401000023819506,10.693043001083424,0.30540700026904233,0.059732999943662435,12.259444998562685,0,4
135,0102032.png,0.9748410011525266,0.2122550013154978,10.412824998638825,0.2846850002242718,0.05985699863231275,11.9882899998629,0,3
136,0102033.png,0.9627569997974206,0.33477600118203554,10.644328998751007,0.2896349997172365,0.05736700040870346,12.326725998718757,0,7
137,0102040.png,1.0165529984078603,0.2172879994759569,11.489020000226446,0.3075619988521794,0.0639749996480532,13.138537999111577,0,1
138,0102041.png,1.0085210014949553,0.21235299936961383,11.067141000239644,0.31318800029112026,0.05887400038773194,12.703853999482817,0,3
139,0102050.png,0.8720659989194246,0.244869999733055,10.976917001244146,0.3130229997623246,0.05933600004937034,12.50502599941683,0,3
140,0103013.png,0.89959899923997,0.21495699911611155,10.241543999654823,0.3032320000784239,0.05541900100070052,11.75867099846073,0,3
141,0103016.png,0.8250560003943974,0.25395400007255375,18.072955001116497,0.32016200020734686,0.061484999605454504,19.567441999242874,0,1
142,0103018.png,0.8678189988131635,0.22573199930775445,10.19258000087575,0.29807099963363726,0.12377900020510424,11.748911998438416,0,2
143,0103026.png,1.0138590005226433,0.23895400045148563,11.032492000595084,0.32483399991178885,0.07781499880366027,12.732961999063264,0,2
144,0103028.png,0.9669789997133194,0.22014799833414145,10.962615999233094,0.34396699993521906,0.06027599920344073,12.591132001034566,0,1
145,0103036.png,0.863031000335468,0.2232589995401213,11.388420000002952,0.41065600089496,0.07230299888760783,12.99679899966577,0,3
146,0103042.png,0.9642889999668114,0.335066999468836,13.006192000830197,0.40801099930831697,0.06928099901415408,14.825266000116244,0,1
147,0104011.png,1.0107259986398276,0.24459899941575713,11.15375200060953,0.31453900010092184,0.059941001381957904,12.838708998970105,0,4
148,0104012.png,1.1259090006205952,0.2834050010278588,10.685465000278782,0.3287780000391649,0.0579310017201351,12.527863998911926,0,3
149,0104013.png,0.9035319999384228,0.20909200065943878,10.894524000832462,0.30181900001480244,0.057417999414610676,12.406432999341632,0,1
150,0104016.png,0.7782299999234965,0.21220999951765407,10.847470999578945,0.2993119996972382,0.0587049999012379,12.230780999743729,0,5
151,0104020.png,0.8985469994513551,0.21452900000440422,10.397199999715667,0.2915839995694114,0.05749000047217123,11.901638999916031,0,4
152,0104040.png,0.8611459998064674,0.21099999867146835,10.305018000508426,0.2859739997802535,0.05399899964686483,11.760816998503287,0,1
153,0104042.png,0.9507039994787192,0.2065720000246074,11.227888000576058,0.33397399965906516,0.06587899952137377,12.8288590003649,0,1
154,0104043.png,1.118599999244907,0.2515599990147166,11.606513999140589,0.3718740008480381,0.06813899926783051,13.460010000926559,0,1
155,0105001.png,1.0860919992410345,0.27946499903919175,10.934600000837236,0.33831800101324916,0.06179399861139245,12.755125999319716,0,4
156,0105002.png,0.9235790003003785,0.22901800002728123,10.610207000354421,0.30774400147493,0.05783400047221221,12.173707998954342,0,9
157,0105007.png,0.9760610009834636,0.20828699962294195,10.296332999132574,0.313026999720023,0.05776599937235005,11.888922001162427,0,5
158,0105010.png,0.8969259997684276,0.20714799939014483,10.684634999051923,0.29636500039487146,0.05788300040876493,12.177051001344807,0,5
159,0105014.png,0.9152650000032736,0.21823399947606958,10.825565001141513,0.2979750006488757,0.056783999752951786,12.356977000308689,0,6
160,0105017.png,0.9607430001778994,0.2105170005961554,10.575467000307981,0.29803200050082523,0.05654300002788659,12.145791999500943,0,2
161,0105026.png,0.9012279988382943,0.21786999968753662,10.323649999918416,0.28910900073242374,0.0552829988009762,11.830891000499832,0,4
162,0105029.png,0.9727980013849447,0.24796500110824127,10.718284000176936,0.28626699895539787,0.05677499939338304,12.331963000178803,0,3
163,0105034.png,0.9633399986341828,0.21966200074530207,10.497273000510177,0.30765299925406,0.05814299947815016,12.090584999896237,0,5
164,0105040.png,0.8974440006568329,0.2193809996242635,10.441373000503518,0.30059500022616703,0.0589400005992502,11.961225000050035,0,1
165,0106006.png,0.9211659998982213,0.21919200116826687,9.991666000132682,0.3087490003963467,0.16931900063354988,11.653518000457552,0,1
166,0106007.png,0.9462229991186177,0.23142399913922418,10.172696000154247,0.2834290007740492,0.05447100011224393,11.731745998986298,0,3
167,0106008.png,0.8685529992362717,0.21121500139997806,10.880197000005865,0.2903100012190407,0.05500799852597993,12.342912999883993,0,8
168,0106012.png,0.9267380009987392,0.2073380001093028,14.2227019987331,0.7515009983762866,0.10361500062572304,16.255435000857688,0,2
169,0106014.png,0.9701510007289471,0.30499800050165504,25.989454001319245,0.6635979989368934,0.10240400115435477,28.07512700019288,0,1
170,0106016.png,0.9316350005974527,0.30282799889391754,15.0070740000956,0.609086000622483,0.09937299910234287,16.994540999803576,0,2
171,0106021.png,0.9524219985905802,0.2755369987426093,14.515791999656358,0.3203800006303936,0.067528999352362,16.17553100004443,0,2
172,0107008.png,0.8623149988125078,0.2220330006821314,15.869935999944573,0.5744899990531849,0.09233799937646836,17.667678999714553,0,2
173,0107025.png,0.8833649990265258,0.26504299967200495,22.43998400081182,0.5827940003655385,0.09074499939742964,24.302822999743512,0,3
174,0107030.png,0.9077640006580623,0.2795230011543026,17.6555769994593,0.3840509998553898,0.06575499901373405,19.33545499923639,0,1
175,0108001.png,0.8664609995321371,0.24159299937309697,10.873186998651363,0.3059369992115535,0.05920100011280738,12.39266700031294,0,3
176,0108008.png,0.76109299880045,0.22056499983591493,10.076605998619925,0.27877399952558335,0.05277799937175587,11.424291998991976,0,1
177,0108014.png,0.906616998690879,0.2474430002621375,10.22580199969525,0.2914670003519859,0.05381899973144755,11.769898001148249,0,2
178,0108015.png,0.9022390004247427,0.3268649998062756,10.736555999756092,0.35706599919649307,0.06023799869581126,12.427552001099684,0,2
179,0108021.png,0.7906709997769212,0.22800899932917673,10.276004999468569,0.3046349993383046,0.05697100095858332,11.693439000737271,0,2
180,0108023.png,0.7611470009578625,0.22616099886363372,9.986057999412878,0.294743000267772,0.05547699947783258,11.36552200114238,0,2
181,0108026.png,0.7881309993535979,0.23732099907647353,9.717023000121117,0.2989309996337397,0.05429599877970759,11.12939500126231,0,2
182,0108028.png,0.790434998634737,0.21637899953930173,10.335106999264099,0.2846749994205311,0.05488799979502801,11.712786999851232,0,1
183,0108033.png,0.8030730004975339,0.2200599992647767,12.66301800023939,0.2897379999922123,0.060540000049513765,14.07620900135953,0,1
184,0108035.png,0.7649100007256493,0.22323800112644676,10.13583900021331,0.2923239990195725,0.055184998927870765,11.507829000038328,0,2
185,0108041.png,0.875082998391008,0.2211579994764179,10.193493000770104,0.2926140005001798,0.053282999942894094,11.677405998852919,0,3
186,0200006.png,0.6199660001584562,0.20559199947456364,10.974044000249705,0.3225489999749698,0.060012000176357105,12.221667000630987,0,6
187,0200008.png,0.8160350007528905,0.2284359998157015,11.915495000721421,0.3704369992192369,0.07251200077007525,13.443322999592056,0,1
188,0200010.png,0.7638719998794841,0.2633359999890672,11.071377000916982,0.9074869994947221,0.07494700003007893,13.128874999893014,0,5
189,0200012.png,0.777813998865895,0.3435580001678318,11.455821000708966,0.3255280007579131,0.05870200038771145,13.003351999941515,0,3
190,0200016.png,0.7290300000022398,0.22610299856751226,10.398279000582988,0.297471999147092,0.057127999752992764,11.753735998354387,0,3
191,0200025.png,0.7587289983348455,0.2683570000954205,11.398974000258022,0.3560499990271637,0.07798499973432627,12.932931000250392,0,1
192,0200028.png,0.7585719995404361,0.23904600129753817,11.087897000834346,0.32934199953160714,0.05787800000689458,12.512235000031069,0,10
193,0200031.png,0.801547999799368,0.24329100051545538,11.48125399959099,0.3722710007423302,0.06534299973282032,13.001400000575813,0,1
194,0200032.png,0.9055440004885895,0.32017000012274366,11.43923800009361,0.35142100023222156,0.0629579990345519,13.135230999978376,0,1
195,0200036.png,0.8592880003561731,0.25861199901555665,10.559493000982911,0.3365100001246901,0.06038499850546941,12.117156000385876,0,1
196,0201005.png,0.8543530002498301,0.2542239999456797,10.834406000867602,0.43725199975597207,0.05991100078972522,12.477149999540416,0,2
197,0201007.png,0.8035009996092413,0.22351299958245363,10.83570699847769,0.31907000084174797,0.05654699998558499,12.280586999622756,0,2
198,0201019.png,0.6916129987075692,0.2234290004707873,10.793891999128391,0.2978979991894448,0.05711000085284468,12.103719998776796,0,1
199,0202003.png,0.8324979989993153,0.22291399909590837,10.756744000900653,0.3546940006344812,0.06457400013459846,12.271249999685097,0,2
200,0202005.png,0.7309649990929756,0.2285130012751324,10.04086200009624,0.282295999568305,0.05204000080993865,11.369198000465985,0,3
201,0202014.png,0.7871020006859908,0.25803899916354567,10.424418000184232,0.2798060013446957,0.05418499858933501,11.843158999909065,0,1
202,0203001.png,0.7916289996501291,0.21513899991987273,9.987329000068712,0.288033999822801,0.05376599983719643,11.375362999388017,0,2
203,0203007.png,0.762005000069621,0.2298520012118388,10.492851999515551,0.32662100056768395,0.0606419998803176,11.9131040009961,0,2
204,0203008.png,0.7421049995173234,0.21118100085004698,10.262752999551594,0.27623099958873354,0.053514000683207996,11.581249000300886,0,1
205,0203009.png,0.6842500006314367,0.2013609991990961,19.722918999832473,0.3407419990253402,0.0601739993726369,21.04992499880609,0,1
206,0203010.png,0.7070559986459557,0.2097590004268568,10.3377850009565,0.2893170003517298,0.05502500061993487,11.635545999524766,0,2
207,0203012.png,0.8446690007986035,0.22669899954053108,10.06597800005693,0.27973199939879123,0.05482199958350975,11.517370001456584,0,1
208,0203015.png,0.7726780004304601,0.21754199951828923,10.3279079994536,0.3113610000582412,0.05574399983743206,11.717211998984567,0,5
209,0203016.png,0.6669289996352745,0.21620299958158284,10.252869999021641,0.28190400007588323,0.053386998843052424,11.503652998726466,0,2
210,0203020.png,0.6085889999667415,0.20400799985509366,9.839565000220318,0.2910570001404267,0.0536600000486942,11.028658000213909,0,1
211,0203021.png,0.6586229992535664,0.19721399985428434,10.12981299936655,0.31001300158095546,0.05759499981650151,11.383942000975367,0,1
212,0204002.png,0.6309250002232147,0.2060370006802259,10.232627999357646,0.2857330000551883,0.0550539989490062,11.441162998380605,0,1
213,0204018.png,0.7121340004232479,0.20363700059533585,10.517569000512594,0.311902000248665,0.058507999710855074,11.845480999909341,0,2
214,0204020.png,0.705213999026455,0.20983700051147025,10.2401780004584,0.28381499942042865,0.05502400017576292,11.537276001035934,0,2
215,0204023.png,0.647312999717542,0.20158799998171162,9.923146999426535,0.2821529997163452,0.05324700032360852,11.146294000354828,0,2
216,0205001.png,0.6876679999550106,0.19747799888136797,10.528995000640862,0.31608700010110624,0.06347300040943082,11.82571800018195,0,3
217,0205002.png,0.8070230014709523,0.3556509982445277,27.054897998823435,0.699149000865873,0.10325299990654457,29.069084999719053,0,2
218,0205011.png,0.8328849999088561,0.28262799969525076,10.386857999037602,0.3038970007764874,0.05367300036596134,11.904878001587349,0,2
219,0400002.png,0.759546001063427,0.19848000010824762,10.509571999136824,0.3140119988529477,0.05473400051414501,11.874665000505047,0,3
220,0400024.png,0.8212310003727907,0.19970699941040948,10.381300000517513,0.342119999913848,0.0577749997319188,11.834853001346346,0,2
221,0400025.png,0.8439330013061408,0.200467000468052,10.579277000942966,0.35177300014765933,0.0613350002822699,12.079333999281516,0,2
222,0400027.png,0.845832000777591,0.20541199955914635,10.23057800011884,0.28517299870145507,0.054723999710404314,11.679232000460615,0,6
223,0400028.png,0.974275999396923,0.35464199936541263,10.90368400036823,0.31175500043900684,0.05743300062022172,12.644369000554434,0,4
224,0400036.png,0.8698339988768566,0.21127800027898047,10.171325000555953,0.28272700001252815,0.0556840004719561,11.632843999905162,0,1
225,0401014.png,0.7054300003801472,0.19663400053104851,10.51858299979358,0.3679689998534741,0.05798199890705291,11.879243000294082,0,10
226,0401015.png,0.7223779994092183,0.2000599997700192,10.634819000188145,0.29193400041549467,0.05182899985811673,11.935149001146783,0,1
227,0401029.png,0.7957399993756553,0.20469100127229467,21.47596400027396,0.6019430002197623,0.09365900041302666,23.21293400018476,0,4
228,0401031.png,0.7866769992688205,0.2976399991894141,23.87333399929048,0.7338849991356255,0.10941199980152305,25.84175999982108,0,3
229,0401035.png,0.9292100003222004,0.2983740014315117,13.409579998551635,0.3450309995969292,0.06380500053637661,15.091036000740132,0,3
230,0401039.png,0.9271170001738938,0.20904899974993896,11.99657799952547,0.3421670007810462,0.060393998865038157,13.583570998889627,0,2
231,0401040.png,1.082373999452102,0.22859499949845485,10.772891999295098,0.31084999864106067,0.0580850010010181,12.501559000156703,0,3
232,0401045.png,0.8453850005025743,0.19968800006608944,10.32078400021419,0.31199200020637363,0.05727600000682287,11.770047000027262,0,1
233,0401075.png,0.8441360005235765,0.25718199867696967,10.373589999289834,0.29181999889260624,0.0552100009372225,11.861447999763186,0,5
234,0402005.png,0.7641700012754882,0.2199889986513881,10.467390999110648,0.31973599834600464,0.07231499876070302,11.879019000843982,0,2
235,0402006.png,0.7801280007697642,0.23359899932984263,10.439138999572606,0.2808460012602154,0.05622600110655185,11.824527999124257,0,1
236,0402014.png,0.7613400011905469,0.21545399977185298,10.919765998551156,0.3001530003530206,0.057903000197256915,12.288193000131287,0,11
237,0402017.png,0.8701410006324295,0.2253540005767718,11.011994000000414,0.33040599919331726,0.05997600055707153,12.539388000732288,0,4
238,0402018.png,0.9275180000258842,0.2442739987600362,13.175210000554216,0.3059470000152942,0.058554000133881345,14.758258001165814,0,1
239,0402019.png,0.8763289988564793,0.22563099992112257,10.464176999448682,0.3046239999093814,0.05825500011269469,11.971232001087628,0,2
240,0402022.png,0.8937769998738077,0.21958600154903252,10.120022001501638,0.280692000160343,0.05294699985824991,11.607704000198282,0,2
241,0402023.png,0.8260159993369598,0.211410000702017,10.035430001153145,0.2801730006467551,0.05354699896997772,11.44627100075013,0,3
242,0402028.png,0.7957859997986816,0.2100870005961042,10.268092000842444,0.288298000668874,0.056367000070167705,11.650333000943647,0,3
243,0402032.png,0.8143670002027648,0.2132440004061209,9.828058000493911,0.2918400005000876,0.055758999224053696,11.241346999668167,0,6
244,0403009.png,0.9720340003696037,0.31165200016403105,10.294067000359064,0.2913529988290975,0.05539999983739108,11.976700998275192,0,3
245,0403012.png,0.7711300004302757,0.2196890000050189,11.044251999919652,0.358931001755991,0.06254700019781012,12.498037998739164,0,5
246,0403017.png,0.7667680001759436,0.2349640017200727,11.02271299896529,0.3314080004201969,0.05960800081084017,12.453311999706784,0,1
247,0403020.png,0.8129059988277731,0.22360799994203262,10.576544000286958,0.29551599982369225,0.056848999520298094,12.008069999865256,0,1
248,0403023.png,0.7640530002390733,0.2400979992671637,10.447747999933199,0.31290199876821134,0.05085500015411526,11.856901001010556,0,3
249,0403030.png,0.7419900011882419,0.2094510000461014,10.324219001631718,0.2065839998977026,0.021723000827478245,11.544324001079076,0,0
250,0403032.png,0.7189899988588877,0.21849500080861617,10.6624380005087,0.32079599986900575,0.057471001127851196,12.010959000690491,0,2
251,0403035.png,0.886690000697854,0.24869599837984424,10.932101000435068,0.30139000045892317,0.059497999245650135,12.463483000829001,0,2
252,0403036.png,0.888595999640529,0.22296799943433143,10.360082000261173,0.30933400012145285,0.056061000577756204,11.886591999427765,0,1
253,0403037.png,1.0161919999518432,0.25068600007216446,10.390691999418777,0.2894530007324647,0.059904999943682924,12.076500999683049,0,1
254,0403045.png,0.8507220009050798,0.22026000078767538,12.572773001011228,0.3008410003531026,0.05733999932999723,14.041848000488244,0,5
255,0403046.png,0.7914699999673758,0.5207110007177107,11.004275998857338,0.3218769998056814,0.059841000620508566,12.741917998937424,0,1
256,0403051.png,0.7709229994361522,0.22578400057682302,10.741025000243098,0.32575800105405506,0.06082799882278778,12.166432001322391,0,6
257,0404005.png,0.7880160010245163,0.2259819993923884,10.14882199888234,0.2935450011136709,0.05557999975280836,11.55458900029771,0,2
258,0404014.png,0.8553339994250564,0.35329899947100785,10.16566500038607,0.20981400120945182,0.023362999854725786,11.643765999906464,0,0
259,0404018.png,0.8143249997374369,0.21640999875671696,10.521579000851489,0.3185049990861444,0.06007599949953146,11.964053999690805,0,2
260,0404025.png,0.8292719994642539,0.22343400087265763,10.780089998661424,0.31426399982592557,0.05317900104273576,12.235288999363547,0,4
261,0404026.png,0.8423620001849486,0.2372960007051006,10.34269400042831,0.3435340004216414,0.11557200014067348,11.917324000023655,0,2
262,0404029.png,0.7759000000078231,0.23281300127564464,11.5094089997001,0.3246989999752259,0.056385000789305195,12.933489999340964,0,1
263,0404032.png,0.7669670012546703,0.21749300140072592,10.62455400096951,0.3370060003362596,0.05834900002810173,12.04084100027103,0,3
264,0404034.png,0.8735960000194609,0.23462200078938622,11.098913000751054,0.3463480006757891,0.06240400034585036,12.66144400142366,0,3
265,0404043.png,0.8891659999790136,0.25139900026260875,11.786351000409923,0.3515640000841813,0.08074400102486834,13.402182001300389,0,3
266,0404044.png,0.9210730004269863,0.24631199994473718,11.050057000829838,0.6814589996793075,0.059343999964767136,13.004327000089688,0,2
267,0404049.png,0.7817149999027606,0.26607399922795594,11.36814099845651,0.34756499917421024,0.061765000282321125,12.868559000708046,0,2
268,06000003.png,0.8505460009473609,0.2581669996288838,10.618925000017043,0.3167220002069371,0.05758099905506242,12.14050400085398,0,2
269,06000014.png,0.8736420004424872,0.23166299979493488,11.026175001461525,0.3230130005249521,0.06393400144588668,12.555615001474507,0,3
270,06000019.png,0.8472879999317229,0.23633299861103296,10.682115000236081,0.3109859990217956,0.05752300057793036,12.172725000709761,0,6
271,06000022.png,0.9278130000893725,0.22979400091571733,10.458496999490308,0.3089120000367984,0.05739699918194674,12.015932999929646,0,5
272,06000023.png,0.9151790000032634,0.24646800011396408,10.656202999598463,0.3182460004609311,0.05791999865323305,12.236951999511803,0,3
273,06000029.png,0.8442149992333725,0.28499200016085524,10.617699999784236,0.3088889989157906,0.0588549992244225,12.154949999967357,0,1
274,06000044.png,0.7523840013163863,0.24151399884431157,10.577344999546767,0.2967730015370762,0.05595400034508202,11.95838799867488,0,10
275,06000053.png,0.7550909995188704,0.22290600099950098,10.283969999363762,0.3161039985570824,0.057519000620231964,11.670661999232834,0,11
276,06000063.png,0.9277200006181374,0.21435700000438374,10.061857999971835,0.29554200045822654,0.05310399865265936,11.58489599947643,0,3
277,06000077.png,0.9417530000064289,0.23152100038714707,9.910238999509602,0.27956800113315694,0.05238399899099022,11.455796000518603,0,2
278,06000093.png,0.8411510007135803,0.21667500004696194,12.60223200006294,0.6457600011344766,0.1146829999925103,14.459780999459326,0,4
279,06000094.png,0.7546509987150785,0.3145460013911361,18.33187100055511,0.30010900081833825,0.05469800089485943,19.791478000115603,0,1
280,06010001.png,0.8081180003500776,0.22190500021679327,10.900736999246874,0.38395000046875793,0.10532300075283274,12.46380699922156,0,3
281,06010015.png,0.7628319999639643,0.32144000033440534,13.618988999951398,0.4033429995615734,0.08555500062357169,15.230840001095203,0,5
282,06010017.png,0.8900979992176872,0.27128500005346723,11.036497000532108,0.3392079997865949,0.0631300008535618,12.646024000787293,0,3
283,06010018.png,0.8754890004638582,0.24434800070594065,11.115223000160768,0.331634999383823,0.05530700036615599,12.671848000536556,0,21
284,06010022.png,0.7775670001137769,0.23932899966894183,10.675333000108367,0.29967800037411507,0.051966000683023594,12.078731000656262,0,1
285,06010026.png,0.7743320002191467,0.21074399955978151,10.441595000884263,0.30775400045968127,0.05301000055624172,11.829334998765262,0,1
286,06010028.png,0.8585899995523505,0.21618499886244535,10.948446999464068,0.29371299933700357,0.06380600098054856,12.441799999578507,0,1
287,06010030.png,0.734575998649234,0.2194319986301707,10.477170000740443,0.29970200012030546,0.056947001212392934,11.82695799980138,0,2
288,06010032.png,0.9318990014435258,0.23947299996507354,10.51306299996213,0.3048170001420658,0.05819400030304678,12.093024000932928,0,3
289,06010035.png,0.8712570015632082,0.22485000044980552,10.466821999216336,0.2917929996328894,0.057036000725929625,11.95443799952045,0,3
290,06010039.png,0.8487319992127595,0.22957900000619702,25.179030999424867,0.7611350010847673,0.10812000073201489,27.167136999196373,0,6
291,0800006.png,0.8041849996516248,0.32106700018630363,12.93579800039879,0.2996080002048984,0.05658200097968802,14.462016999459593,0,4
292,0800007.png,0.8011019999685232,0.28648300030909013,10.242465999908745,0.2880379997804994,0.057110999478027225,11.712253000951023,0,7
293,0800008.png,0.7972600014909403,0.23262099966814276,10.547697000220069,0.3245309999329038,0.054087000535218976,11.990085000434192,0,4
294,0800011.png,0.8107949997793185,0.23364000116998795,10.181255000134115,0.2873480007110629,0.056253998991451226,11.601706999499584,0,4
295,0800012.png,0.8061480002652388,0.22245099899009801,10.145422000277904,0.2816539999912493,0.07375400127784815,11.562440000489005,0,2
296,0800018.png,0.7365410001511918,0.21768699843960349,10.010189000240644,0.2877950009860797,0.054909000027691945,11.339152999426005,0,2
297,0800019.png,0.7724200004304294,0.2233480008726474,10.019552000812837,0.6610919990635011,0.09008400047605392,11.808428000222193,0,3
298,0800026.png,0.8556769989809254,0.247062000198639,10.361968001234345,0.28511799973784946,0.053683999794884585,11.835540000902256,0,7
299,0800029.png,0.8157979991665343,0.21242000002530403,10.302779999619815,0.29859400092391297,0.056416000006720424,11.718031999407685,0,1
300,0800034.png,0.7459259995812317,0.21929099966655485,10.37679000000935,0.2929619986389298,0.05718499960494228,11.726696999176056,0,3
301,0800037.png,0.835652001114795,0.2519009995012311,10.32831299926329,0.30847100060782395,0.08621399865660351,11.847944999317406,0,1
302,0800041.png,0.8558410008845385,0.3164019999530865,10.44829700003902,0.2983620015584165,0.07769000148982741,12.046189998727641,0,1
303,1000006.png,0.8003009988897247,0.2286749986524228,11.13988700126356,0.3556239989848109,0.06468900028266944,12.624099999811733,0,1
304,1000012.png,0.8243940010288497,0.22994199935055804,10.548205998929916,0.2977519998239586,0.05753500045102555,12.001056000372046,0,5
305,1000019.png,0.7780550004099496,0.2123949998349417,10.043296000731061,0.2812959992297692,0.05631599924527109,11.411131999921054,0,2
306,1000025.png,0.689480000801268,0.20853400019404944,9.976286000892287,0.2942869996331865,0.0577000009798212,11.257577998549095,0,12
307,1000044.png,0.7948710008349735,0.21902299886278342,10.440354000820662,0.34322300052735955,0.05891699947824236,11.897443999259849,0,4
308,1000055.png,0.8008299992070533,0.21963300059724133,11.542315998667618,0.7174499987741001,0.10475399903953075,13.426797000647639,0,1
309,1119001.png,0.8405519984080456,0.287574999674689,24.26415099944279,0.3682670012494782,0.060864000261062756,25.86347399847,0,1
310,1119004.png,0.8911090008041356,0.25366200134158134,10.384558998339344,0.33820600037870463,0.05774500095867552,11.974017999818898,0,2
311,1119014.png,0.7828680008969968,0.2244380011688918,11.180610999872442,0.3662060007627588,0.10905700037255883,12.699242999588023,0,1
312,1119017.png,0.8148350007104455,0.26356400121585466,10.765239001557347,0.31846800084167626,0.059254000007058494,12.266792999071185,0,1
313,1119018.png,0.8177409999916563,0.23250199956237338,10.894473000007565,0.3331539992359467,0.08008499935385771,12.40155599953141,0,2
314,1119024.png,0.8464189995720517,0.2351729999645613,10.92756400066719,0.36603899934561923,0.06516400026157498,12.480757000957965,0,2
315,1119026.png,0.8592310005042236,0.23921399952087086,10.72111499888706,0.40983000144478865,0.12748300105158705,12.3954099999537,0,1
316,1119031.png,0.8464179991278797,0.33591699866519775,10.952033000648953,0.31191100060823373,0.05834900002810173,12.543814000309794,0,4
317,1119032.png,0.8414049989369232,0.22572600028070156,10.787536999487202,0.2199099999415921,0.02419299926259555,12.140419999923324,0,0
318,1119043.png,0.8172449997800868,0.22432800142269116,10.927170000286424,0.3068910009460524,0.06039400068402756,12.3772029983229,0,2
319,1119045.png,0.7559119985671714,0.2198429992859019,10.555447999649914,0.29718099904130213,0.05721500019717496,11.925812001209124,0,2
320,1120011.png,0.8500039984937757,0.21958000070299022,10.51501900110452,0.2936850014521042,0.05577299998549279,11.974793000263162,0,1
321,1120018.png,0.7868890006648144,0.20930599930579774,10.156435000681086,0.2831559995684074,0.05442700057756156,11.521993999849656,0,5
322,1120022.png,0.7903880014055176,0.21498400019481778,10.651461998349987,0.3290369986643782,0.06200499956321437,12.08885000050941,0,4
323,1120037.png,0.8407479999732459,0.23287800104299095,10.416678998808493,0.3106889998889528,0.056459999541402794,11.89727300152299,0,3
324,1120039.png,0.8254470012616366,0.22205499953997787,22.7529380008491,0.6949950002308469,0.10544399992795661,24.642206999487826,0,9
325,1120041.png,0.9258790014428087,0.31273200147552416,18.324827000469668,0.3655050004454097,0.06603700057894457,20.038396998643293,0,1
326,1120058.png,0.8136799988278653,0.23180799871624913,10.22286299848929,0.308296001094277,0.0713499994162703,11.686431000271114,0,8
327,1120060.png,0.7690019992878661,0.21084799845993984,10.11084699894127,0.3118760014331201,0.05474499994306825,11.488846999782254,0,7
328,1121006.png,0.835635999465012,0.21234500127320644,17.26253200104111,0.6540539998241002,0.11070499931520317,19.117276000542915,0,4
329,1121013.png,0.8359379989997251,0.3024929992534453,12.368905001494568,0.3200899991497863,0.05661899922415614,13.91936199979682,0,3
330,1128020.png,0.7767659990349784,0.2188279995607445,10.794513998916955,0.32060500052466523,0.05827300083183218,12.203058999148197,0,1
331,1128029.png,0.7941880012367619,0.2373040006204974,10.014212999521988,0.296879999950761,0.05497799975273665,11.435368998718332,0,2
332,1128049.png,0.8162800004356541,0.2158980005333433,9.615937999114976,0.29809099942212924,0.05417400097940117,11.040195000532549,0,1
333,1128051.png,0.7457720003003487,0.2383479986747261,19.429152000157046,0.6572699985554209,0.10320799992769025,21.20647999981884,0,5
334,1128054.png,0.848009000037564,0.31174699870462064,18.828951999239507,0.3037389997189166,0.05589399916061666,20.391639998706523,0,7
335,1130007.png,0.8637299997644732,0.22977400112722535,10.394389999419218,0.2835019986378029,0.05567700100073125,11.870334999912302,0,1
336,1130014.png,0.6924699991941452,0.21700199977203738,9.79896699936944,0.2701500015973579,0.0517290009156568,11.063944000852644,0,5
337,1130021.png,0.7739609991403995,0.21245500101940706,10.388892998889787,0.3264379993197508,0.05705500007024966,11.795815000368748,0,7
338,1130023.png,0.8184439993783599,0.24633400062157307,10.612428000968066,0.30364499980350956,0.0601009996898938,12.082692999683786,0,15
339,1130024.png,0.7828489997336874,0.2234129988210043,11.055338000005577,0.91635600074369,0.14890500096953474,13.214058999437839,0,8
340,1130026.png,0.8891630004654871,0.3413899994484382,10.81186499868636,0.3349580001668073,0.05761399916082155,12.482966998504708,0,14
341,1130048.png,0.93431499954022,0.4303130008338485,13.965410998935113,0.3575390001060441,0.20557199968607165,15.943610000249464,0,6
342,1130053.png,1.030900000841939,0.41287500062026083,15.818359999684617,0.39737099905323703,0.06905200098117348,17.78383000055328,0,4
343,1130054.png,0.9986250006477349,0.2751200008788146,11.60659100060002,0.36727699989569373,0.0633489999017911,13.364043999899877,0,1
344,1180002.png,0.9227619993907865,0.5984430008538766,10.7478390000324,0.3258990000176709,0.05845099985890556,12.714115999187925,0,7
345,1180022.png,0.7691099999647122,0.22770000032323878,10.676284999135532,0.3265150007791817,0.05805000000691507,12.09977600046841,0,6
346,1180027.png,0.868903000082355,0.23160099954111502,10.636609000357566,0.29562900090240873,0.05648700062010903,12.13070400081051,0,3
347,1180033.png,0.8585399991716258,0.24074799875961617,10.446397000123397,0.36794600055145565,0.06338500134006608,12.020187999951304,0,3
348,1180035.png,0.8650059990031878,0.22918000104255043,10.347280000132741,0.2886649999709334,0.05491999945661519,11.82518299901858,0,5
349,1180042.png,0.796172998889233,0.22968099983700085,10.313886001313222,0.29096099933667574,0.05682600021827966,11.725913000191213,0,1
350,1180045.png,0.806826999905752,0.22134299979370553,10.42477500050154,0.3045550001843367,0.05760400017607026,11.855913000545115,0,2
351,1180047.png,0.857900000482914,0.21994500093569513,14.011794000907685,0.31391100128530525,0.0578519993723603,15.504221000810503,0,2
352,1243003.png,0.8942099993873853,0.22419400011131074,11.823304999779793,0.5240560003585415,0.023824999516364187,13.525672000469058,0,0
353,1243006.png,0.8140640002238797,0.312244999804534,10.143171999516198,0.3128869993815897,0.05403300019679591,11.668744000417064,0,6
354,1243014.png,0.8629900003143121,0.21156299953872804,10.187586000029114,0.28853599906142335,0.07096700028341729,11.654885000098147,0,3
355,1246017.png,0.7717029984632973,0.22239900135900825,10.835462000613916,0.32961999932012986,0.0799509998614667,12.279576001674286,0,1
356,1246024.png,0.8449519991700072,0.23379999947792385,23.542289000033634,0.6764169993402902,0.10486799874342978,25.441608999244636,0,1
357,1246048.png,0.8349719992111204,0.4620729996531736,17.702338998788036,0.2984770017064875,0.05572400004894007,19.40111799922306,0,2
358,1249001.png,0.8198369996534893,0.22391699894797057,10.042558000350255,0.30492699988826644,0.05300799966789782,11.477063000711496,0,2
359,1249008.png,0.8670920014992589,0.22102700131654274,19.259687998783193,0.3430439992371248,0.06395799937308766,20.796140999664203,0,2
360,1249017.png,0.8667959991726093,0.25076299971260596,11.010655000063707,0.33282900039921515,0.06255900007090531,12.586415999976452,0,4
361,1249027.png,1.0073410012410022,0.42333199962740764,10.710534999816446,0.34082399906765204,0.058624000303098,12.594466999871656,0,4
362,1249037.png,0.815557999885641,0.25902699962898623,10.649170000760932,0.31171900081972126,0.05490700095833745,12.125084000217612,0,1
363,1249039.png,0.8189010004571173,0.2235650008515222,10.272126000927528,0.3165199996146839,0.05508299909706693,11.720856000465574,0,2
364,1249041.png,0.8093150008789962,0.21692899827030487,10.029486000348697,0.7196349997684592,0.07722500049567316,11.890153000422288,0,1
365,1249044.png,0.8333149999089073,0.23916899954201654,10.778230000141775,0.2898760012612911,0.07611799992446322,12.258376000318094,0,2
366,1249047.png,0.8111129991448252,0.21258400010992773,10.127772000487312,0.3319469997222768,0.05830000009154901,11.576614000659902,0,2
367,1249049.png,0.8135119987855433,0.20807799955946393,10.021340998719097,0.30877099925419316,0.0737530008336762,11.463397000625264,0,6
368,1249057.png,0.8188470001186943,0.24916599977586884,10.008618999563623,0.35044800097239204,0.06083900007070042,11.530281999512226,0,3
369,1249058.png,0.8085019999271026,0.22048699975130148,11.788032001277315,0.31126300018513575,0.0705599995853845,13.232346000222606,0,2
370,1252020.png,0.9414739997737342,0.22331299987854436,18.611430999953882,0.30194300052244216,0.05636999958369415,20.168204999208683,0,1
371,1252023.png,0.8202290009649005,0.23652100026083644,10.171750000154134,0.2796040007524425,0.053765001212013885,11.596210999414325,0,1
372,1252036.png,0.6718219992762897,0.21265900068101473,10.313691000192193,0.31336800020653754,0.05454000165627804,11.597258000620059,0,2
373,1254012.png,0.8766189985180972,0.2188950002164347,10.967611000523902,0.28873600058432203,0.05416799831436947,12.439905000064755,0,3
374,1254021.png,0.768619000155013,0.21804300013172906,11.234192999836523,0.42639000093913637,0.07183399975474458,12.753890998283168,0,3
375,1255001.png,0.9573589995852672,0.28530199961096514,10.533252998357057,0.4157679995842045,0.06398299956345,12.306364998948993,0,3
376,1255003.png,0.8662189993628999,0.23294899983739015,9.938293000232079,0.28758400003425777,0.05693500133929774,11.424534000980202,0,2
377,1255009.png,0.7873110007494688,0.2432669989502756,10.112895999554894,0.22968299890635535,0.022743000954505987,11.434193998866249,0,0
378,1255010.png,0.7861550002417061,0.2186109995818697,11.606321999352076,0.4308499992475845,0.0742960000934545,13.14983799966285,0,2
379,1256006.png,0.9383089982293313,0.26480399901629426,13.639116001286311,0.35506200038071256,0.061875000028521754,15.313108000555076,0,4
380,1256033.png,0.8907809988158988,0.24022300021897536,12.491002000388107,0.291157000901876,0.06020700129738543,14.017769000929547,0,1
381,1256036.png,0.8680940009071492,0.22800900114816613,10.105792000103975,0.27486599901749287,0.05586100087384693,11.573248000786407,0,2
382,1256045.png,1.0784920013975352,0.26263399922754616,10.217018001640099,0.28513399956864305,0.06225700053619221,11.952859998928034,0,3
383,1257015.png,0.8300539993797429,0.21367099907365628,10.360794000007445,0.30422400050156284,0.05704800059902482,11.809765001089545,0,1
384,1257022.png,0.8655080000607995,0.2254920000268612,10.469857999851229,0.3241499998694053,0.05640299968945328,11.984511998889502,0,3
385,1257028.png,0.7503500000893837,0.23871299890743103,10.082937000333914,0.5975489984848537,0.06819699956395198,11.781483999584452,0,1
386,1257033.png,0.8681290000822628,0.2427100007480476,10.682717000236153,0.310167999487021,0.05713800055673346,12.205278000692488,0,6
387,1257036.png,0.759468999603996,0.2290559987159213,10.60672299900034,0.3256719992350554,0.055996000810409896,12.013671001113835,0,3
388,1262006.png,0.7829639998817584,0.24585900064266752,10.428576000776957,0.31051299993123394,0.05395799962570891,11.862115001349594,0,4
389,1262023.png,0.8815509991109138,0.2625500001158798,10.344952999730594,0.28684800054179505,0.05616199996438809,11.883229999511968,0,3
390,1262029.png,0.8109350001177518,0.217187000089325,9.940002999428543,0.31021500035421923,0.05376000081014354,11.371616999895195,0,1
391,1265019.png,0.7889890002843458,0.23641199913981836,10.002985000028275,0.2988070009450894,0.051779001296381466,11.434799000198836,0,2
392,1265032.png,0.8281009995698696,0.20800099991902243,10.076710999783245,0.32965799982775934,0.054020998504711315,11.535325998920598,0,1
393,1265047.png,0.8514260007359553,0.23865600087447092,10.02994500049681,0.3135639999527484,0.16363499889848754,11.641032000625273,0,7
394,1265049.png,0.9043289992405334,0.2624099997774465,10.266050998325227,0.3048799990210682,0.0568490013392875,11.836998999569914,0,5
395,1265063.png,0.8191189990611747,0.2277690000482835,10.918403999312432,0.33036300010280684,0.05856800089532044,12.396152000292204,0,4
396,1265073.png,0.8815330002107657,0.24034299894992728,21.600867999950424,0.7245140004670247,0.07845400068617892,23.578152000482078,0,1
397,1265075.png,0.9295070012740325,0.28064599973731674,17.547196001032717,0.37372200131358113,0.06237699926714413,19.24379900083295,0,2
398,1265085.png,0.8781710002949694,0.27073999990534503,11.06204800089472,0.3440290001890389,0.06476700036728289,12.659302999963984,0,2
399,1265086.png,0.9217059996444732,0.25076299971260596,10.599830000501242,0.30365900056494866,0.05818499994347803,12.180417999843485,0,5
400,1265094.png,0.8546570006728871,0.23288599913939834,10.707133998948848,0.314437000270118,0.06112499977461994,12.211883999043494,0,14
401,1265096.png,0.809402999948361,0.2962889993796125,12.773730000844807,0.6649879996984964,0.11360400094417855,14.696891001221957,0,3
402,1265097.png,0.7960510010889266,0.3049459992325865,15.419812001709943,0.32459300018672366,0.05926300036662724,16.943220000030124,0,3
403,1265099.png,0.8865370000421535,0.26258099933329504,21.288977999574854,0.41344300007040147,0.0700350010447437,22.974443998464267,0,2
404,1265104.png,0.8427970005868701,0.41871699977491517,10.983735999616329,0.32717599970055744,0.05704100112779997,12.679277999268379,0,1
405,1265109.png,0.9349930005555507,0.2568809995864285,10.41264099876571,0.29770000037387945,0.05706500087399036,11.999152000498725,0,2
406,1266007.png,0.794261000919505,0.21539800036407541,10.352096000133315,0.29158300094422884,0.057190000006812625,11.745593001251109,0,4
407,1266016.png,0.968304000707576,0.21783599913760554,10.53983000019798,0.3390830006537726,0.05557799886446446,12.16215599924908,0,2
408,1266024.png,0.9354139983770438,0.23537599918199703,10.812677999638254,0.2969599991047289,0.05862900070496835,12.374236999676214,0,2
409,1266032.png,0.7801649990142323,0.2161129996238742,10.378577999290428,0.29114100107108243,0.05662200055667199,11.758275000829599,0,4
410,1266033.png,0.7951949992275331,0.21302599998307414,10.515040001337184,0.3212869996787049,0.059341999076423235,11.93979500021669,0,6
411,1266044.png,0.9347230006824248,0.2302089997101575,11.072605000663316,0.296555999739212,0.05795700053567998,12.630289000298944,0,9
412,1266049.png,0.9098619993892498,0.22392800019588321,11.016098000254715,0.3496910012472654,0.06471300002885982,12.605928000994027,0,3
413,1266056.png,0.8117809993564151,0.24666399986017495,10.193751000770135,0.27661399872158654,0.05630899977404624,11.623008000242407,0,1
414,1266060.png,0.7498679988202639,0.21907400150666945,11.971229001574102,0.376971000150661,0.06904100155225024,13.4234289998858,0,3
415,1267001.png,0.9767789997567888,0.26216600053885486,11.276238001300953,0.3890829993906664,0.06527100049424917,13.025640000705607,0,5
416,1267006.png,0.7959810009197099,0.251331000981736,11.027725000531063,0.358840999979293,0.06869299977552146,12.552787999084103,0,7
417,1267009.png,1.0395860008429736,0.29463000100804493,12.63373700021475,0.43592499969236087,0.08330200034833979,14.571685000191792,0,4
418,1267017.png,1.0007239998230943,0.3369090009073261,12.821678999898722,0.36319300124887377,0.06242000017664395,14.640367999163573,0,1
419,1267037.png,0.814073999208631,0.2484480010025436,11.078374000135227,0.3464639994490426,0.06081700121285394,12.597849001394934,0,3
420,1267063.png,1.0362060002080398,0.24568299886595923,10.702129000492278,0.2958980003313627,0.06201900032465346,12.387881999529782,0,4
421,1267072.png,0.9557409994158661,0.2498699996067444,10.539300999880652,0.2974990002257982,0.055622000218136236,12.140578999606078,0,7
422,1267090.png,0.8028720003494527,0.22044800061848946,10.612088000925723,0.2937869994639186,0.05758699990110472,12.02806800029066,0,2
423,1267112.png,0.942607999604661,0.22686100055580027,10.572484001386329,0.30759400033275597,0.061961000028532,12.153785999544198,0,3
424,1267114.png,1.0670960000425112,0.28570900030899793,10.514759000216145,0.29258399990794715,0.057686000218382105,12.26504000078421,0,8
425,1267120.png,0.942987000598805,0.29501100107154343,10.239387000183342,0.286565000351402,0.055497999710496515,11.862072000440094,0,4
426,1267122.png,0.972693000221625,0.2208559999417048,10.222216000329354,0.2811229987855768,0.0539760003448464,11.791511000410537,0,2
427,1270003.png,0.6994770010351203,0.23702399994363077,10.06882199908432,0.324696999086882,0.05703699935111217,11.418989999583573,0,1
428,1270005.png,0.9590709996700753,0.2591480006230995,10.15862199892581,0.27713300005416386,0.05454799975268543,11.744269999326207,0,7
429,1270014.png,0.7256349999806844,0.21493100030056667,20.353918998807785,0.36469000042416155,0.07812799958628602,21.770604000266758,0,5
430,1270017.png,0.8217209997383179,0.44154100032756105,10.603699000057532,0.3251529997214675,0.06313500125543214,12.316210000790306,0,2
431,1270019.png,0.7297880001715384,0.2371970003878232,10.359687999880407,0.2871630003937753,0.057409000874031335,11.706470000717673,0,2
432,1270034.png,0.7068609993439168,0.21650300004694145,10.449782999785384,0.308434999169549,0.057285000366391614,11.771002999012126,0,3
433,1270043.png,0.7382579988188809,0.2174180008296389,9.99676999890653,0.2747919988905778,0.05661099930875935,11.319040999296703,0,5
434,1270056.png,0.7337229999393458,0.22027100021659862,10.035004001110792,0.28222000037203543,0.05334300112735946,11.363425001036376,0,2
435,1270059.png,0.7653040011064149,0.23230899932968896,9.937275999618578,0.30398299895750824,0.05442099973151926,11.331808000250021,0,6
436,1270062.png,0.6857580010546371,0.2083529998344602,9.978947000490734,0.28927500170539133,0.05586599945672788,11.25007500013453,0,7
437,1270063.png,0.7170190001488663,0.21660800121026114,10.7139339997957,0.3035140016436344,0.058845998864853755,12.052891999701387,0,3
438,1270072.png,0.7512350002798485,0.21987600121065043,22.07436499884352,0.8158330001606373,0.11994899978162721,24.024551999900723,0,5
439,1270083.png,0.7430279983964283,0.32025899963628035,12.856507000833517,0.3182860000379151,0.05720999979530461,14.340625999466283,0,5
440,1270090.png,0.7164620001276489,0.24450599994452205,10.575759000857943,0.3004509999300353,0.05953000072622672,11.930463999306085,0,8
441,1270100.png,0.737792999643716,0.24891300017770845,10.359429999880376,0.29318399901967496,0.05785299981653225,11.733456000001752,0,4
442,1274019.png,0.8327110008394811,0.2212190011050552,10.17915299962624,0.29439100035233423,0.059373998738010414,11.620556000707438,0,1
443,1274026.png,0.8205529993574601,0.2156470000045374,10.287832999892998,0.29847599944332615,0.05596899973170366,11.712539999280125,0,4
444,1274034.png,0.8054440004343633,0.21782399926451035,17.441578000216396,0.6797539990657242,0.10581199967418797,19.288813000457594,0,4
445,1274043.png,0.9028589993249625,0.32053699942480307,12.399877999996534,0.30823199995211326,0.059808999139931984,14.030641999852378,0,1
446,1274044.png,0.91751999934786,0.22976800028118305,10.825691000718507,0.3078949994232971,0.07752400051685981,12.395830000969,0,3
447,1276002.png,0.7473949990526307,0.22277800053416286,10.395709001386422,0.28590000147232786,0.057260998801211827,11.744321000151103,0,1
448,1276004.png,0.8159170010912931,0.22328100021695718,10.428346000480815,0.31508800020674244,0.05864299964741804,11.88414699936402,0,2
449,1276007.png,0.6909530002303654,0.21078499958093744,10.191360999669996,0.21653099975083023,0.021580000975518487,11.370303000148851,0,0
450,1276009.png,0.6612799988943152,0.20864399994025007,10.162327000216465,0.20887800019409042,0.022467000235337764,11.294330000964692,0,0
451,1276015.png,0.7248060010169866,0.23654400138184428,10.289220999766258,0.2883670003939187,0.058259000070393085,11.636728999292245,0,5
452,1276020.png,0.7471850003639702,0.22738199913874269,9.999493000577786,0.30366099963430315,0.055111000619945116,11.366889999408158,0,1
453,1276025.png,0.6846939995739376,0.20870899970759638,19.18402799856267,0.6957339992368361,0.10679600018193014,20.912908999889623,0,7
454,1276027.png,0.7473580008081626,0.3172310007357737,16.427182001280016,0.3051710009458475,0.05813099960505497,17.893339001602726,0,2
455,1276029.png,0.7511090007028542,0.24485299945808947,10.241636999126058,0.34051800139422994,0.061217999245855026,11.6772729998047,0,2
456,1276036.png,0.7795839992468245,0.24665199998707976,11.074288999225246,0.3560459990694653,0.06494400076917373,12.563132000650512,0,1
457,1276042.png,0.7351679996645544,0.25385699882463086,10.493515999769443,0.29359299878706224,0.05823199899168685,11.88354599980812,0,2
458,1281002.png,0.6601379991479916,0.2152739998564357,10.083443999974406,0.2996040002472,0.05631800013361499,11.349209000400151,0,21
459,1281012.png,0.6343929999275133,0.21202799871389288,10.034753999207169,0.2758289992925711,0.054041000112192705,11.24225499916065,0,3
460,1281015.png,0.7346389993472258,0.21461000142153352,15.62204200126871,0.6364279997796984,0.10727600056270603,17.35509500031185,0,1
461,1281016.png,0.7604710008308757,0.31534799927612767,15.465856999071548,0.3454929992585676,0.05914100074733142,16.989165000268258,0,2
462,1281020.png,0.6979230001888936,0.25945099878299516,11.604175000684336,0.3813919993262971,0.06795400076953229,13.061924000794534,0,1
463,1281023.png,0.6882540001242887,0.2518170003895648,10.738377999587101,0.331768998876214,0.05952399988018442,12.106645001040306,0,3
464,1281028.png,0.7483810004487168,0.22390600133803673,14.65899899994838,0.393975000406499,0.0691660006850725,16.129119001561776,0,6
465,1281029.png,0.7541809991380433,0.32280000050377566,14.648330999989412,0.4023850015073549,0.06865300019853748,16.236914998444263,0,1
466,1281032.png,0.8307440002681687,0.2582809993327828,10.726470998633886,0.294553999992786,0.05538100049307104,12.211376999403,0,3
467,1281038.png,0.7603340000059688,0.21645400011038873,10.866788999919663,0.2989250006066868,0.05639800110657234,12.238514998898609,0,6
468,1281041.png,0.6802469997637672,0.217988999793306,10.780229998999857,0.2988200012623565,0.06095299977459945,12.079058000381337,0,2
469,1281051.png,0.6858379983896157,0.21418700089270715,10.371283000495168,0.2799869998852955,0.10967799971695058,11.7004759995325,0,3
470,1283007.png,0.817845000710804,0.2758250011538621,11.046771000110311,0.32595199991192203,0.058894000176223926,12.561503001052188,0,3
471,1283008.png,0.8251600011135451,0.24400199981755577,10.538967000684352,0.3153159996145405,0.05712200072593987,12.0178670003952,0,1
472,1283020.png,0.7812110015947837,0.24100700102280825,10.462006001034752,0.23556000087410212,0.023760001568007283,11.779510999986087,0,0
473,1283028.png,0.860857999214204,0.22220199934963603,25.06889700089232,0.6989700013946276,0.10341399865865242,26.99959100027627,0,1
474,1283029.png,0.7724719998805085,0.3195510016666958,12.969514998985687,0.3136340001219651,0.18427699978929013,14.595071999792708,0,1
475,1283035.png,0.88985599904845,0.2496840006642742,10.259443999530049,0.21632199968735222,0.024046999897109345,11.68139499895915,0,0
476,1283042.png,0.8585420000599697,0.2310759991814848,18.51426800021727,0.86171499970078,0.11599099889281206,20.625483000912936,0,1
477,1283045.png,0.9114580007008044,0.33787200118240435,19.177508998836856,0.37873299879720435,0.06705799933115486,20.921055000144406,0,4
478,1283046.png,0.8731960006116424,0.24515400036762003,14.648233000116306,0.5185400004847907,0.08975399941846263,16.42339600039122,0,2
479,1283051.png,1.2936519997310825,0.32112400003825314,14.684943998872768,0.36596800055122003,0.05866200081072748,16.78188199912256,0,2
480,1283052.png,0.8698250003362773,0.24618599854875356,10.78077100100927,0.31095099984668195,0.058042000091518275,12.300325999603956,0,4
481,1290007.png,0.8756949991948204,0.24169400057871826,10.811014999489998,0.339509999321308,0.055930999224074185,12.366595999992569,0,5
482,1290009.png,0.8510429997841129,0.2533549995860085,12.979725001059705,0.2989250006066868,0.16388699987146538,14.582908001102624,0,4
483,1292003.png,0.8563909996155417,0.24223100081144366,10.613328999170335,0.2851780009223148,0.055559999964316376,12.094691999664064,0,1
484,1292004.png,0.7615100003022235,0.21706400002585724,10.722053000790766,0.29877199995098636,0.05850299930898473,12.09673700031999,0,1
485,1292011.png,0.8909709995350568,0.22800899932917673,17.413420999218943,0.7669509996048873,0.10521600052015856,19.466853000267292,0,3
486,1292019.png,0.8003179991646903,0.3211839994037291,22.35382900107652,0.3636049987107981,0.05899099960515741,23.935447999974713,0,9
487,1294008.png,0.9088949991564732,0.24974999905680306,16.243324998868047,0.4709509994427208,0.06908999966981355,17.990154001381597,0,2
488,1294013.png,0.8968129986897111,0.24366700017708354,11.49754300058703,0.33569200058991555,0.06271200072660577,13.08443800007808,0,4
489,1294017.png,0.9016960011649644,0.22859499949845485,12.117402000512811,0.5609250001725741,0.08254299973486923,13.940130000264617,0,4
490,1294019.png,0.948765000430285,0.30955699912738055,12.475652001739945,0.3717359995789593,0.07015799928922206,14.222988998881192,0,1
491,1295010.png,0.887492000401835,0.24102899988065474,11.240829000598751,0.3712430006999057,0.06153799949970562,12.843697999414871,0,5
492,1295011.png,0.8519479997630697,0.37618399983330164,10.645748998285853,0.30101899938017596,0.06476999988080934,12.282484000024851,0,5
493,1296006.png,0.7758419997117016,0.2233989998785546,10.684421999030747,0.3528400011418853,0.06192500040924642,12.139013999330928,0,8
494,1296008.png,0.8311450001201592,0.22639599956164602,10.519609999391832,0.2972860002046218,0.058769999668584205,11.975415000051726,0,5
495,1296009.png,0.8510169991495786,0.2231029993708944,10.853814999791211,0.30001999948581215,0.05774199962615967,12.32606399935321,0,3
496,1296015.png,0.7452179997926578,0.22668000019621104,10.354748001191183,0.2889740007958608,0.05685299947799649,11.712808998709079,0,1
497,1296025.png,0.982952999038389,0.2708289994188817,10.491453000213369,0.2973400005430449,0.056834000133676454,12.170784000772983,0,7
498,1296027.png,0.7176969993452076,0.2137810006388463,10.860988999411347,0.2970240002468927,0.057234999985666946,12.179040999399149,0,2
499,1296029.png,0.7128300003387267,0.23771499945723917,11.09507000001031,0.314799999614479,0.0605610002821777,12.454497000362608,0,5
500,1296030.png,0.7694039995840285,0.22731299941369798,20.21484699980647,0.6741010001860559,0.10275199929310475,22.03152800029784,0,7
501,1297013.png,0.7175439986895071,0.24158099950000178,11.038427001039963,0.37490000067919027,0.06297799882304389,12.475686000470887,0,2
502,1297032.png,0.7082360007188981,0.2292039989697514,10.399770999356406,0.31140300052356906,0.0578479994146619,11.741639998945175,0,1
503,1298006.png,0.7964589985931525,0.21743700017395895,9.762702000443824,0.2796360004140297,0.0525759987795027,11.142359000587021,0,6
504,1298007.png,0.926955000977614,0.2363719995628344,10.174082000958151,0.2875739992305171,0.05346099896996748,11.721479999323492,0,6
505,1298016.png,0.795924999692943,0.2063349984382512,10.163144001126057,0.2820110003085574,0.05328099905455019,11.540383999090409,0,3
506,1298029.png,0.7715869996900437,0.22880599863128737,10.194540000156849,0.28710700098599773,0.053230998673825525,11.567810999622452,0,2
507,1298031.png,0.8560759997635614,0.32022699997469317,10.31114099896513,0.37611100015055854,0.10967299931508023,12.017379000099027,0,5
508,1298035.png,0.7717919997958234,0.31338600092567503,10.032617999968352,0.2867009989131475,0.05811499977426138,11.496868999529397,0,2
509,1298050.png,0.7664169988856884,0.2190730010624975,10.193983000135631,0.2839129992935341,0.05563899867411237,11.557109999557724,0,1
510,1301002.png,0.7615699996676994,0.236272999245557,11.299169000267284,0.29679399995075073,0.05616999987978488,12.684257000728394,0,4
511,1301014.png,0.7261410009959945,0.21569100135820918,10.522984000999713,0.3368279994901968,0.06104500062065199,11.902356000064174,0,1
512,1301016.png,0.8369720017071813,0.30730000071343966,21.722595000028377,0.6566789998032618,0.1524639992567245,23.723718000837835,0,1
513,1302008.png,0.7514520002587233,0.31221300014294684,19.911543000489473,0.3301230008219136,0.0595559995417716,21.405883999250364,0,1
514,1302020.png,0.7169159998738905,0.24747300085437018,10.710794000260648,1.288403000216931,0.06380999911925755,13.064859998848988,0,4
515,1302033.png,0.7314260001294315,0.24099700021906756,12.154576999819255,0.37626099947374314,0.06145399856904987,13.599953999801073,0,2
516,1302038.png,0.8173450005415361,0.24594199931016192,14.033760999154765,0.39471899981435854,0.06902699897182174,15.605754000716843,0,3
517,1303009.png,0.8310169996548211,0.24323700017703231,19.402256000830675,0.35218700031691696,0.056864000725909136,20.931884000674472,0,3
518,1303010.png,0.7886559997132281,0.23693600087426603,10.240883000733447,0.318362001053174,0.05762000000686385,11.679103999995277,0,1
519,1303012.png,0.7485860005544964,0.23151799905463122,10.44320599976345,0.3207850004400825,0.05838799916091375,11.836351999590988,0,6
520,1303013.png,0.8048840008996194,0.22143900059745647,10.221122000075411,0.3389960002095904,0.0555990009161178,11.682643000312964,0,5
521,1303019.png,0.8428180008195341,0.21684599960281048,10.232806998828892,0.31589900027029216,0.05562100159295369,11.696989000483882,0,6
522,1303021.png,0.8943610009737313,0.24309400032507256,21.000728998842533,0.5849869994563051,0.09690000115369912,22.862244999487302,0,1
523,1303023.png,0.8033680005610222,0.2941780003311578,13.787273001071298,0.3119160010101041,0.05797199992230162,15.296117000616505,0,3
524,1303029.png,0.8266589993581874,0.22886100123287179,11.837190999358427,0.6363169995893259,0.10040199958893936,13.674324998646625,0,2
525,1303035.png,0.816783998743631,0.2825740011758171,18.319323000469012,0.31357099942397326,0.05551899994316045,19.826845000352478,0,1
526,1304005.png,0.7467129998985911,0.22085899945523124,10.729777000960894,0.2920419992733514,0.06264100011321716,12.084527999832062,0,3
527,1304009.png,0.7565440009784652,0.23702799990132917,11.542504000317422,0.24563000079069752,0.022328000341076404,12.836457000958035,0,0
528,1304010.png,0.7520269991800888,0.22445699869422242,12.69444199897407,0.33942799927899614,0.06196799949975684,14.104476000284194,0,17
529,1304014.png,0.7602129990118556,0.22266199994191993,13.267439000628656,0.37596900074277073,0.06719200064253528,14.727593999850797,0,8
530,1304018.png,0.8799780007393565,0.24763299916230608,14.778130998820416,0.5717530002584681,0.0977119998424314,16.62288700026693,0,2
531,1304025.png,0.8425190007983474,0.29328900018299464,22.196236001036596,0.5771650012320606,0.09161900015897118,24.03852600036771,0,2
532,1304028.png,0.6958129997656215,0.2801159989758162,11.224622001464013,0.3218849997210782,0.05446800059871748,12.620657000297797,0,2
533,1305001.jpg,0.7772110002406407,0.257759998930851,10.225556001387304,0.28120299975853413,0.05918399983784184,11.635872999249841,0,9
534,1305002.jpg,0.7684120009798789,0.22252099915931467,10.047931000372046,0.2792329996736953,0.05366099867387675,11.405489000026137,0,3
535,1305003.jpg,0.790603999121231,0.21837500025867485,10.25286000003689,0.3007579998666188,0.054058000387158245,11.655459999019513,0,5
536,1305005.jpg,0.8419700006925268,0.2510759986762423,10.863925999728963,0.3755889993044548,0.07238299986056518,12.44204999966314,0,4
537,1305009.jpg,0.9620420005376218,0.33416400037822314,20.06380300008459,0.6061610001779627,0.0976330011326354,22.123568000097293,0,3
538,1305012.jpg,0.8312570007547038,0.28026099971611984,22.42604700040829,0.5921070005570073,0.09423000119568314,24.268785000458593,0,16
539,1305014.jpg,0.8872239995980635,0.31755399868416134,21.131339999556076,0.3268709988333285,0.05577400042966474,22.760705000109738,0,5
540,1305016.jpg,0.8838939993438544,0.252554998951382,10.486627999853226,0.28673900123976637,0.05377500019676518,12.00519499980146,0,4
541,1307005.png,0.8074720008153236,0.21196200032136403,10.45688600061112,0.29589499899884686,0.07597900003020186,11.887788999956683,0,3
542,1307007.png,0.8451470002910355,0.23563000104331877,11.514721001731232,0.2986250001413282,0.0568409996049013,12.984496999706607,0,3
543,1307012.png,0.793404000432929,0.27343900001142174,10.597914000754827,0.3405860006751027,0.059170999520574696,12.098230999981752,0,3
544,1307018.png,0.8512570002494613,0.2241000001959037,10.162605000004987,0.47386200094479136,0.07219600047392305,11.823797000033665,0,2
545,1307047.png,0.870292000399786,0.23049199990055058,10.647176999555086,0.4342900010669837,0.07023100079095457,12.300591999519384,0,2
546,1309001.png,1.136118000431452,0.261684999713907,21.507529001610237,0.5728209998778766,0.0883939992490923,23.607789000379853,0,1
547,1309005.png,0.7935810008348199,0.30399900060729124,16.850528998475056,0.254726999628474,0.028421000024536625,18.276253000294673,0,0
548,1309022.png,0.8213100009015761,0.27572900035011116,11.416756999096833,0.4382719998829998,0.07621099939569831,13.077232000796357,0,2
549,1309025.png,0.8530690010957187,0.26559599973552395,11.470891999124433,0.3331160005473066,0.060504999055410735,13.034598001468112,0,3
550,1309033.png,0.8993330011435319,0.2683489983610343,10.840719000043464,0.34507100099290255,0.058662999435910024,12.454412999431952,0,6
551,1309037.png,0.7899339998402866,0.2539209999667946,11.098521001258632,0.3346800003782846,0.06245099939405918,12.579373998960364,0,4
552,1310005.png,0.8496919999743113,0.23500600036641117,11.17590499961807,0.33194999923580326,0.0626599994575372,12.694652999925893,0,11
553,1310014.png,0.881981999555137,0.25172499954351224,10.773288000564207,0.3324389999761479,0.061945998822920956,12.346079000053578,0,5
554,1310016.png,0.7762620007270016,0.24327800019818824,10.602139000184252,0.30394500026886817,0.12006900033156853,12.091728000086732,0,3
555,1310017.png,0.7866169999033445,0.3258009983255761,10.001637998357182,0.3141190009046113,0.058865000028163195,11.530007999681402,0,3
556,1310023.png,0.7831460006855195,0.24073299937299453,11.15046000086295,0.3537659995345166,0.06264300100156106,12.633872000151314,0,6
557,1310024.png,0.8217230006266618,0.23589699958392885,12.368495999908191,0.3637569989223266,0.07044199992378708,13.902846001656144,0,1
558,1311009.png,0.8892259993444895,0.27361300089978613,12.927791000038269,0.463660999230342,0.08757400064496323,14.695933999973931,0,2
559,1312022.png,1.0003169991250616,0.3261900001234608,11.365065998688806,0.34641799902601633,0.06084699998609722,13.142912999683176,0,1
560,1312023.png,0.9579580000718124,0.23752600100124255,10.737972999777412,0.34699000025284477,0.06656200093857478,12.391959999149549,0,1
561,1312024.png,0.9758679989317898,0.2995140002894914,11.67677200101025,0.3555050006980309,0.06608300100197084,13.418258000456262,0,1
562,1312027.png,0.9999390003940789,0.29143499887140933,11.528596000061953,0.3243160008423729,0.06274000043049455,13.260777999676066,0,1
563,1312028.png,0.9220270003424957,0.23337899983744137,10.559737998846686,0.3235770000173943,0.05946900091657881,12.137867999626906,0,1
564,1312031.png,0.9323310005129315,0.25517399990349077,10.813970999151934,0.3007020004588412,0.05846900057804305,12.397647000398138,0,1
565,1313011.png,0.8531289986422053,0.21615199875668623,10.695601000406896,0.3158410017931601,0.06048299837857485,12.175417999969795,0,1
566,1313012.png,0.8724010003788862,0.22088500008976553,10.392971998953726,0.2914929991675308,0.055280999731621705,11.87517700054741,0,2
567,1313026.png,0.7726879994152114,0.21315799858712126,10.626839999531512,0.30226300077629276,0.056382999900961295,12.011286000415566,0,4
568,1313027.png,0.7948590009618783,0.21837299937033094,10.784049998619594,0.3484880016912939,0.06028399911883753,12.247845999809215,0,8
569,1313029.png,0.7892360008554533,0.2253399998153327,10.844667000128538,0.3411620000406401,0.06216300062078517,12.30042299903289,0,3
570,1313030.png,0.7915860005596187,0.237816999288043,10.989110998707474,0.4124629995203577,0.06797100104449783,12.547815998914302,0,1
571,1313032.png,0.7933760007290402,0.2437309995002579,10.540827999648172,0.29333600105019286,0.05574600072577596,11.963943999944604,0,3
572,1313041.png,0.8423229992331471,0.2175939989683684,10.704878999604261,0.3084050003963057,0.057537999964552,12.168263001512969,0,2
573,1313043.png,0.8711569989827694,0.22762299886380788,10.504129999389988,0.28196499988553114,0.056364999181823805,11.98553200083552,0,1
574,1313047.png,0.8522600001015235,0.21618299979309086,10.089827999763656,0.2947569992102217,0.05603899990092032,11.54978900012793,0,2
575,1314002.png,0.8706240005267318,0.2161249994969694,10.070701000586268,0.2994639999087667,0.053607000154443085,11.549903998457012,0,2
576,1314003.png,0.9016100011649542,0.20780299928446766,10.670564999600174,0.3081089998886455,0.0582370012125466,12.178585000583553,0,2
577,1314006.png,0.9590299996489193,0.22170000011101365,11.191806001079385,0.34719799987215083,0.06189699888636824,12.823745000787312,0,4
578,1314008.png,0.983007999820984,0.2426529990771087,10.78437800060783,0.3006050010299077,0.05674499880115036,12.412979998771334,0,1
579,1314014.png,0.8227990001614671,0.2529579996917164,10.649157000443665,0.3039359999092994,0.05716099985875189,12.128731999837328,0,2
580,1314017.png,0.8892549994925503,0.2370490001339931,10.068256000522524,0.28740499874402303,0.05268099994282238,11.577917000977322,0,5
581,1314020.png,0.7585950006614439,0.21678099983546417,10.046477000287268,0.2967100008390844,0.05719099863199517,11.408965001464821,0,1
582,1314022.png,0.7952899995871121,0.21701500008930452,9.943958999429015,0.2852670004358515,0.05302699901221786,11.331931000313489,0,3
583,1314024.png,0.7839970003260532,0.21583299894700758,9.745625000505242,0.27827399935631547,0.05329000123310834,11.1160349988495,0,12
584,1314027.png,0.9061870005098172,0.22300899945548736,9.949769000741071,0.30633299866167363,0.05476399928738829,11.474873999759438,0,1
585,1314031.png,0.9024199989653425,0.21297200146364048,10.009031000663526,0.28705099975923076,0.055219999921973795,11.499710000862251,0,4
586,1314038.png,0.8739880013308721,0.2216259999840986,14.859308999803034,0.2888180006266339,0.05648099977406673,16.34001200000057,0,1
587,1314043.png,0.8991869999590563,0.22554200040758587,10.201375000178814,0.3344349988765316,0.05725799928768538,11.760133000279893,0,2
588,1314044.png,0.8724649997020606,0.22103599985712208,10.104314000273007,0.27894599952560384,0.05524100015463773,11.57299199985573,0,1
589,1314051.png,0.8426760014117463,0.21510899932764005,9.936379001374007,0.2926319994003279,0.05274499926599674,11.371321999831707,0,3
590,1314054.png,0.8779550007602666,0.21206800010986626,10.010513999077375,0.293735998639022,0.0545919992873678,11.481813999125734,0,4
591,1314057.png,0.8725229999981821,0.2163500012102304,10.36450399988098,0.4904259985778481,0.0690260003466392,12.05384800050524,0,1
592,1315003.png,0.9886349998851074,0.23087900081009138,10.033791999376263,0.2953469993371982,0.052703999244840816,11.635861999820918,0,5
593,1315020.png,0.9108600006584311,0.21996900068188552,10.019100998761132,0.2841610003088135,0.05377999877964612,11.520467000082135,0,8
594,1315052.png,0.8991429986053845,0.22103999981482048,10.60038699870347,0.34819900065485854,0.054014000852475874,12.165756999820587,0,2
595,1315054.png,1.0008569988713134,0.23808100013411604,10.349838999900385,0.3235460007999791,0.06390500129782595,12.020967000353266,0,1
596,13160014.png,0.9155440002359683,0.27644400142889936,10.584158000710886,0.3183349999744678,0.05874900125490967,12.203693999254028,0,6
597,13160020.png,0.8824439992167754,0.23292100013350137,10.740206998889334,0.316478999593528,0.060097998357377946,12.29695500114758,0,3
598,13160024.png,0.985046001005685,0.2273779991810443,11.483506999866222,0.3469759994914057,0.060835000113002025,13.150130998837994,0,4
599,13160028.png,0.8085099998424994,0.22778099992137868,10.8537999985856,0.311999998302781,0.06956399920454714,12.318219000007957,0,2
600,13160030.png,0.8842749994073529,0.2185060002375394,10.606850000840495,0.3311529999336926,0.05796100049337838,12.148014999183943,0,6
601,13160037.png,0.846674000058556,0.3392270009499043,27.635305999865523,0.7640490002813749,0.11672700020426419,29.74571499908052,0,3
602,13160038.png,0.9024920000229031,0.3304370002297219,21.87178999884054,0.3696910007420229,0.0632820010650903,23.58437499970023,0,5
603,13160042.png,0.8651620009914041,0.2352760002395371,12.176590000308352,0.32221400033449754,0.06059800034563523,13.699785000426346,0,3
604,13160044.png,0.8681050003360724,0.24561200007156003,11.305420001008315,0.36910500057274476,0.06753000161552336,12.900974999865866,0,4
605,13160046.png,0.9028429994941689,0.2997880001203157,10.754020999229397,0.32819700027175713,0.05643099939334206,12.384532999931253,0,6
606,13160048.png,0.7762400000501657,0.21933800053375307,10.156303998883232,0.29456199990818277,0.054859998272149824,11.542304999238695,0,3
607,1317006.png,0.6700519988953602,0.21779400049126707,10.63920099841198,0.31506199957220815,0.06264400144573301,11.93844000044919,0,5
608,1317008.png,0.7349440002144547,0.22514000011142343,10.212423998382292,0.33613400046306197,0.05664799937221687,11.606640999161755,0,1
609,1318018.png,0.7366620011453051,0.20776899873453658,10.073481000290485,0.28784700043615885,0.1017380000121193,11.438129999078228,0,3
610,1318025.png,0.7649460003449349,0.21729299987782724,10.827833999428549,0.6716090010741027,0.09312600013799965,12.615158999324194,0,4
611,1319010.png,0.9471479988860665,0.34267199953319505,16.203364999455516,0.43382100011513103,0.0825040006020572,18.06384299925412,0,4
612,1319011.png,0.9593670001777355,0.3794149997702334,23.31441500064102,0.5894450005143881,0.09741299982124474,25.408700999832945,0,3
613,1319021.png,0.7850679994589882,0.30465800045931246,11.251136998907896,0.30307300039567053,0.05905499892833177,12.73962599952938,0,18
614,1319024.png,0.8567479999328498,0.22857099975226447,21.464628998728585,0.6887540002935566,0.1062360006471863,23.38683400012087,0,3
615,1319029.png,0.8323789988935459,0.3062650011997903,26.213338000161457,0.3437140003370587,0.06673700045212172,27.80746200005524,0,1
616,1319031.png,0.8696540007804288,0.24702599876036402,14.656080000349903,0.609124999755295,0.09552700066706166,16.517482999915956,0,1
617,1320014.png,0.8121589999063872,0.2883300003304612,17.939637999006663,0.5743410001741722,0.09734700142871588,19.75650699932885,0,5
618,1320017.png,0.759833999836701,0.29391299904091284,14.323507000881364,0.3282349989603972,0.06006000148772728,15.802035000888282,0,2
619,1320025.png,0.8124599989969283,0.22979900131758768,10.448938000990893,0.2939219994004816,0.05525900087377522,11.882673999934923,0,3
620,1320037.png,0.8008309996512253,0.22415499915950932,12.091876000340562,0.36328200076241046,0.06501800089608878,13.58591499956674,0,2
621,1320038.png,0.7857199998397846,0.2340159990126267,13.366404999032966,0.5112340004416183,0.06863399903522804,15.011309000328765,0,9
622,1320041.png,0.8480230007990031,0.31837099959375337,11.199454000234255,0.313979000566178,0.05811800110677723,12.776296998708858,0,5
623,1320047.png,0.797333999798866,0.21826200099894777,10.504465999474633,0.3179639988957206,0.055885999245219864,11.937021999983699,0,4
624,1320060.png,0.8986320008261828,0.2631010011100443,10.595402000035392,0.29606299904116895,0.055485001212218776,12.15284199861344,0,1
625,13210003.png,0.8017330001166556,0.21717200070270337,10.452647000420257,0.35510799898474943,0.06291299905569758,11.928984000405762,0,5
626,13210005.png,0.8305860010295874,0.252685000305064,10.566007000306854,0.3196340003341902,0.059205000070505776,12.069960999724572,0,14
627,13210008.png,0.7901499993749894,0.21784499949717429,10.298676999809686,0.3752649990929058,0.07394000022031832,11.821734999102773,0,15
628,13210009.png,0.7927700007712701,0.23664299988013227,10.87229400036449,0.3053600012208335,0.06012700032442808,12.303122999583138,0,7
629,13210018.png,0.770411999837961,0.22078000074543525,23.953383000844042,0.6961480012250831,0.12048300050082617,25.79800799867371,0,4
630,13210021.png,0.9343639994767727,0.2852520010492299,27.278453000690206,0.37607099875458516,0.09994399988499936,29.03587599939783,0,2
631,13210030.png,0.8677410005475394,0.26674900072976016,13.201788999140263,0.3978059994551586,0.07257499964907765,14.858660000754753,0,5
632,13210033.png,0.973395000983146,0.3523800005496014,10.596051000902662,0.3528039997036103,0.0665320003463421,12.395531000947813,0,1
633,13210035.png,1.003792998744757,0.2740720010478981,10.148264998861123,0.3066279987251619,0.06078099977457896,11.841739998999401,0,3
634,13210039.png,0.8312350000778679,0.24946699886641,10.317172000213759,0.32706100137147587,0.06294099875958636,11.833751999802189,0,1
635,13210056.png,0.8557040000596317,0.25542100047459826,10.855448001166224,0.3465310001047328,0.06531200051540509,12.425548000464914,0,3
636,1322021.png,0.8287560012831818,0.2339510010642698,10.64848200076085,0.37533099930442404,0.06160200064186938,12.18813999912527,0,4
637,1322027.png,0.847340999825974,0.23337099992204458,10.355775999414618,0.3208029993402306,0.058311001339461654,11.857784000312677,0,2
638,1322031.png,0.8217120011977386,0.22833199909655377,10.523150000153692,0.3219600002921652,0.05856400093762204,11.988436999672558,0,3
639,1322044.png,0.9241129992005881,0.22681199880025815,10.241232999760541,0.2874689998861868,0.05680699905497022,11.773295000239159,0,1
640,1325004.png,0.8447639993391931,0.21921599909546785,10.436804999699234,0.24284599930979311,0.026734000130090863,11.806986000010511,0,0
641,1325025.png,0.8276030002889456,0.2247039992653299,10.59708499997214,0.30184300157998223,0.07285699939529877,12.061636998623726,0,2
642,1325030.png,0.9266990000469377,0.22499299848277587,10.289634999935515,0.30775200139032677,0.06222000047273468,11.852152001665672,0,3
643,1325032.png,0.8289160014101071,0.22670199905405752,10.33872900006827,0.306029000057606,0.05728300129703712,11.797594001109246,0,2
644,1325034.png,0.8584850002080202,0.22710400116920937,10.482022000360303,0.314188000629656,0.053736001063953154,11.97701499950199,0,7
645,1325037.png,0.8722629991098074,0.23164800040831324,10.289478999766288,0.3228369987482438,0.05328899896994699,11.809853998784092,0,5
646,1325044.png,0.8673250013089273,0.2327229994989466,10.913369998888811,0.3339239992783405,0.05582699850492645,12.443164001524565,0,3
647,1325050.png,0.8927620001486503,0.23696899916103575,10.651580001649563,0.29472300047928,0.05715199949918315,12.179059000118286,0,5
648,1325051.png,0.8719430006749462,0.22828300097899046,10.678099999495316,0.3045149987883633,0.057711999033926986,12.180501000329969,0,1
649,1329013.png,0.7586709998577135,0.2204770007665502,10.485031998541672,0.32499400003871415,0.05805999899166636,11.880613999892375,0,3
650,1329020.png,0.7492240001738537,0.22188599905348383,9.843171999818878,0.2738680013862904,0.051745999371632934,11.173786000654218,0,1
651,1329021.png,0.7084220014803577,0.235893998251413,15.040301001135958,0.6610280015593162,0.10069300151371863,16.781277001427952,0,3
652,1329051.png,0.8074879988271277,0.3804499992838828,19.57282699913776,0.2990259999933187,0.056386001233477145,21.16259799913678,0,3
653,1329052.png,0.72456399902876,0.23756500013405457,10.270333999869763,0.30056099967623595,0.05801100087410305,11.631780000243452,0,2
654,1330010.png,0.8159950011759065,0.22614800036535598,9.92674200097099,0.30116100060695317,0.14059199929761235,11.452651999206864,0,1
655,1330016.png,0.7341780001297593,0.21207200006756466,10.978258000250207,0.32127199847309384,0.058579998949426226,12.336626999967848,0,1
656,1330027.png,0.9209620002366137,0.2305509988218546,10.755909001090913,0.30096599948592484,0.057147000916302204,12.314379999224911,0,1
657,1330031.png,0.8235170007537818,0.22141699992062058,10.686096000426915,0.3165119996992871,0.056881001000874676,12.141792998590972,0,2
658,1330034.png,0.8592269987275358,0.23822100047254935,10.426683998957742,0.28667199876508676,0.05491999945661519,11.909675999049796,0,1
659,1330037.png,0.8293930004583672,0.21401500089268666,10.405936000097427,0.31778899938217364,0.058379999245516956,11.85956500012253,0,1
660,1330040.png,0.8934829984355019,0.22022099983587395,10.669067998605897,0.2991640012623975,0.05671700091625098,12.178885999674094,0,3
661,1330047.png,0.8889260006981203,0.22466399968834594,10.6671470002766,0.241265001022839,0.02324900015082676,12.087907000022824,0,0
662,1331006.png,0.8369380011572503,0.23208400125440676,10.43166899944481,0.3051629992114613,0.04998700023861602,11.896520998561755,0,3
663,1331012.png,0.9658979997766437,0.29646999973920174,10.645372998624225,0.3084069994656602,0.05881000106455758,12.330241999734426,0,3
664,1331014.png,0.8881769990694011,0.22534500021720305,10.971789999530301,0.3633440010162303,0.060819000282208435,12.55203300024732,0,8
665,1331015.png,0.8926650007197168,0.22357200032274704,10.580621999906725,0.3110109992121579,0.06156499875942245,12.109445999158197,0,7
666,1331025.png,0.8176600003935164,0.21979899975121953,23.627542999747675,0.666205000015907,0.10433199895487633,25.480451999101206,0,1
667,1331027.png,0.8498919996782206,0.3129309989162721,20.457385000554495,0.319184000545647,0.054754000302636996,22.036763999494724,0,1
668,1331032.png,0.769231999584008,0.22200399871508125,10.003104000134044,0.5826280012115603,0.06375399971147999,11.676051000904408,0,3
669,1331043.png,0.7518880011048168,0.2329540002392605,19.997813998998026,0.34741899980872404,0.05576299918175209,21.419827000499936,0,4
670,1331044.png,0.7690100010222523,0.22547399930772372,13.833000999511569,0.3296349987067515,0.05823599894938525,15.249750000293716,0,4
671,1332002.png,0.8229930008383235,0.25087200083362404,10.904659999141586,0.2658929988683667,0.023042000975692645,12.311342001339654,0,0
672,1332005.png,0.783284000135609,0.2293210000061663,13.84985900040192,0.32205800016527064,0.05598700045084115,15.275812000254518,0,1
673,1332006.png,0.935918998948182,0.22008899941283744,10.393713000667049,0.2866260001610499,0.05648200021823868,11.935406000702642,0,2
674,1332010.png,0.8366980000573676,0.22722699941368774,14.023679999809247,0.3561570010788273,0.06228699930943549,15.547213000900229,0,2
675,1332014.png,0.8069199993769871,0.23522199990111403,11.014510000677546,0.29963899942231365,0.05894899913982954,12.458576000426547,0,1
676,1332020.png,0.7996749991434626,0.22500900013255887,10.933786999885342,0.28554499840538483,0.05141600013303105,12.32951400015736,0,1
677,1332035.png,0.8145190004142933,0.22692300080962013,10.427664999951958,0.30987900026957504,0.062258999605546705,11.883719998877496,0,2
678,1332039.png,0.7959419999679085,0.23139900076785125,10.349350999604212,0.28392199965310283,0.05403199975262396,11.749073999453685,0,2
679,1332042.png,0.8988429999590153,0.2514359985070769,21.345175000533345,0.6430329995055217,0.1014219997159671,23.285908999241656,0,4
680,1333007.png,0.9000160007417435,0.31771000067237765,11.398599001040566,0.23833299928810447,0.024093000320135616,12.916952999148634,0,0
681,1333024.png,0.8995580010378035,0.24637600108690094,10.37013400127762,0.392068001019652,0.05642700125463307,12.001013001281535,0,4
682,1333037.png,0.8951950003392994,0.2191359999414999,10.372282000389532,0.2853940004570177,0.055423000958398916,11.869074000060209,0,1
683,1333044.png,0.9277590015699388,0.21274699975037947,10.36718499926792,0.2908609985752264,0.05595199945673812,11.894920000486309,0,9
684,1335002.png,0.8147869993990753,0.2320040002814494,10.4529399995954,0.2884879995690426,0.056228000175906345,11.884703999385238,0,5
685,1335016.png,0.7999320005183108,0.21383099920058157,10.795243000757182,0.39678199937043246,0.06958800076972693,12.317206999796326,0,8
686,1335018.png,0.8068860006460454,0.24465199931000825,11.328243999741971,0.24847700115060434,0.024585999199189246,12.688338001680677,0,0
687,1335020.png,0.9472090005147038,0.2473740005370928,12.90724200043769,0.6801300005463418,0.11013800030923449,14.937166999516194,0,4
688,1340006.png,0.979666001512669,1.0989290003635688,11.754819999623578,0.37561899989668746,0.061760998505633324,14.31912499901955,0,2
689,1340021.png,0.9469140004512155,0.24245100030384492,24.675758999364916,0.6985809995967429,0.10722800107032526,26.722238999354886,0,1
690,1358001.png,0.9349209994979901,0.3333910008223029,27.49357399989094,0.706927999999607,0.106458999653114,29.623111000546487,0,30
691,1358012.png,1.0040840006695362,0.33466300010331906,28.02126400092675,0.7314649992622435,0.11148299927299377,30.252570999437012,0,4
692,1358013.png,1.0264899992762366,0.33570199957466684,15.637918999345857,0.3527490007400047,0.058165000154986046,17.459722001149203,0,1
693,1363003.png,0.8111890001600841,0.23182699987955857,13.50864899904991,0.33797300056903623,0.05879299897060264,14.985992000219994,0,1
694,1363005.png,1.015126999845961,0.2574039990577148,10.614564000206883,0.3175919991917908,0.05569399945670739,12.3056339998584,0,14
695,1363017.png,0.8923259993025567,0.2441870001348434,10.224474999631639,0.30814299861958716,0.05346199941413943,11.76260800093587,0,8
696,1363018.png,0.8031500001379754,0.22941899987927172,10.141623000890831,0.30484600029012654,0.05201600106374826,11.574850999750197,0,2
697,1363025.png,0.7922860004327958,0.22248599998420104,10.636293000061414,0.3161080003337702,0.05641400093736593,12.064239999745041,0,10
698,1363035.png,0.9093699991353787,0.23987799977476243,14.389578998816432,0.6302399997366592,0.0994929996522842,16.311302000758587,0,2
699,1367007.png,0.7902939996711211,0.31212999965646304,19.02945300025749,0.40259500019601546,0.06697100070596207,20.648289000746445,0,14
700,1367024.png,0.8745589984755497,0.25762100085557904,11.834942000859883,0.38847900032124016,0.05974499981675763,13.462457000059658,0,4
701,1379038.png,0.8609860014985316,0.24212400057876948,10.918740999841248,0.36708100014948286,0.06570299956365488,12.49590800034639,0,5
702,1395002.png,0.9675590008555446,0.3962359987781383,15.765374000693555,0.3674910003610421,0.06175700036692433,17.601883999304846,0,4
703,1395005.png,0.9587200001988094,0.24458299958496355,11.4951720006502,0.3964540010201745,0.06998299977567513,13.212746000135667,0,8
704,1395008.png,1.2477330001274822,0.3557640011422336,11.16273200022988,0.3511459999572253,0.05618899922410492,13.227372999608633,0,2
705,1395009.png,1.0008039989770623,0.23502799922425766,10.572126999250031,0.31651300014345907,0.060224998378544115,12.227774001075886,0,4
706,1395011.png,0.8116709996102145,0.23046500064083375,10.555584000030649,0.31554199995298404,0.060850999943795614,12.007150000499678,0,11
707,1395012.png,0.8735790015634848,0.28350300090096425,10.832096999365604,0.3026649992534658,0.05794500066258479,12.387231001412147,0,7
708,1395013.png,0.8123650004563387,0.2389130004303297,10.755605999293039,0.3259940003772499,0.05789100032416172,12.224600999616086,0,4
709,1395020.png,0.8608560001448495,0.23888200121291447,11.06003899985808,0.3289130017947173,0.06139899960544426,12.59581399972376,0,13
710,1399017.png,0.9076289989025099,0.23476400019717403,10.774324999147211,0.37015199995948933,0.06119499994383659,12.396070000249892,0,13
711,1399019.png,0.900819999515079,0.26629300009517465,10.626450999552617,0.33918899862328544,0.05811499977426138,12.25114499902702,0,7
712,1399020.png,0.8635409994894871,0.3388779987290036,10.85360000070068,0.3207359986845404,0.0586989990551956,12.47000500006834,0,8
713,1399021.png,0.7982799997989787,0.23260700072569307,11.183663998963311,0.36583100154530257,0.06694000148854684,12.694970000666217,0,6
714,1399022.png,0.8429250010522082,0.26649199935491197,11.310002999380231,0.3477970003586961,0.0601720003032824,12.868448999142856,0,4
715,1424005.png,0.8968649999587797,0.22905900004843716,10.586962000161293,0.29881199952797033,0.05930299994361121,12.115723999158945,0,20
716,1424012.png,0.8441560003120685,0.23369500013359357,10.470031000295421,0.3076269986195257,0.057373999879928306,11.954579998928239,0,6
717,1424017.png,0.8502380005666055,0.374052000552183,10.59120199897734,0.29662599990842864,0.05676500040863175,12.212215000545257,0,10
718,1424018.png,0.8483689998683985,0.242697999055963,10.928445999525138,0.30070100001466926,0.05891600085305981,12.419580001733266,0,15
719,1424035.png,0.84571700062952,0.22110600002633873,11.179701999935787,0.3038619997823844,0.057613000535639,12.64377999905264,0,8
720,1424037.png,0.8157049996952992,0.219628000195371,10.630534001393244,0.2802119997795671,0.05515299926628359,12.042454998663743,0,18
721,1427008.png,0.6701210004393943,0.22340800023812335,10.021898000559304,0.27268099984212313,0.05477299964695703,11.275668999587651,0,6
722,1427011.png,0.8357259994227206,0.23444500038749538,9.973004998755641,0.27835099899675697,0.05414799852587748,11.407531999793719,0,5
723,1429004.png,0.8532550000381889,0.22446100047091022,10.249835999275092,0.2903080003306968,0.055623000662308186,11.716046999936225,0,3
724,1429015.png,0.8501920001435792,0.23291700017580297,10.46849399972416,0.3083890005655121,0.06000000030326191,11.958938999669044,0,7
725,1429023.png,0.8681420003995299,0.22823400104243774,10.212515000603162,0.28151500009698793,0.05328999941411894,11.68032200075686,0,2
726,1429025.png,0.7117219993233448,0.2306770002178382,10.41706899923156,0.28779000058420934,0.08251899998867884,11.763468000935973,0,13
727,1431002.png,0.8324190002895193,0.21909300085098948,10.249892000501859,0.34540299930085894,0.05598499956249725,11.7351349999808,0,4
728,1431007.png,0.7533769985457184,0.214023999433266,10.2615390005667,0.29369399999268353,0.05545899875869509,11.612831000093138,0,3
729,1431009.png,0.7658270005777013,0.23549999968963675,9.99574500019662,0.2860750009858748,0.052909999794792384,11.376369000572595,0,31
730,1431014.png,0.6844660001661396,0.20247000065864995,10.033928001575987,0.2767409987427527,0.05442800102173351,11.289799000223866,0,1
731,1431021.png,0.7251710012496915,0.21302399909473024,10.185885999817401,0.2835830000549322,0.05352199877961539,11.494624000988551,0,8
732,1433001.png,0.7914299985714024,0.2136570001312066,10.245518998999614,0.5566789986914955,0.07216000085463747,11.913063999600126,0,1
733,1433012.png,1.030130000799545,0.23315700127568562,10.000652999224258,0.2935600005002925,0.05262299964670092,11.649084999589832,0,8
734,1433016.png,0.710358999640448,0.21224000010988675,20.025316000101157,0.7846139997127466,0.19965800129284617,21.966349000649643,0,6
735,2109015.png,0.800117999460781,0.3798199995799223,17.77582800059463,0.3138660013064509,0.05966299977444578,19.377334001546842,0,4
736,2109020.png,0.7583860005979659,0.22738799998478498,10.013639999669977,0.2862050005205674,0.05307199899107218,11.37504500002251,0,10
737,2110004.png,0.833254998724442,0.22103999981482048,10.088250999615411,0.28460899920901284,0.05212600080994889,11.51288300025044,0,4
738,2110006.png,0.7672760002606083,0.2125470000464702,10.222760000033304,0.28208499861648306,0.05282799975248054,11.569936001251335,0,1
739,2110007.png,0.8206029997381847,0.22121500114735682,9.97337700027856,0.29731900031038094,0.052893999963998795,11.406128000089666,0,5
740,2110012.png,0.8272880004369654,0.2133470006810967,9.874125000351341,0.30273099946498405,0.06020599903422408,11.310800000501331,0,3
741,3000005.png,0.8254130007117055,0.23045099987939466,10.135993999938364,0.29118600104993675,0.056135000704671256,11.58142699932796,0,19
742,3000011.png,0.803241000539856,0.24484900131938048,10.553173999142018,0.43261999962851405,0.05854399933014065,12.12727799975255,0,26
743,3000021.png,0.927107999814325,0.22118899869383313,10.589471999992384,0.27560099988477305,0.054232001275522634,12.101328999051475,0,1
744,3000023.png,0.93168599960336,0.22049200015317183,10.298766001142212,0.2951790011138655,0.05568999949900899,11.834942000859883,0,1
745,3000032.png,0.8280640013254015,0.23322400011238642,10.317402999135084,0.2907449998019729,0.05782699918199796,11.76223099901108,0,1
746,3000046.png,0.8929710002121283,0.2191439998568967,23.98603599976923,0.7071660002111457,0.10683300024538767,25.955298999178922,0,4
747,3000058.png,0.9159180008282419,0.320728000588133,14.984256000388996,0.2925059998233337,0.056412000049022026,16.617948000202887,0,11
748,3000062.png,0.8603899987065233,0.22591999913856853,10.980884999298723,0.3449969990469981,0.06378500074788462,12.516908998804865,0,14
749,3000066.png,0.9062619992619148,0.2303730016137706,11.714935000782134,0.34306300040043425,0.057782001022133045,13.299610000103712,0,8
750,3000080.png,0.9726440002850723,0.22469100076705217,10.007439999753842,0.38381299964385107,0.02657100048963912,11.660332000246854,0,0
751,3000083.png,0.8835879998514429,0.24331699933100026,10.110901999723865,0.21229699996183626,0.022073998479754664,11.505947999467026,0,0
752,3000089.png,0.9091920001083054,0.22203600019565783,10.605614999803947,0.30338699980347883,0.05736999992222991,12.139038000896107,0,6
753,3000108.png,0.9380119990964886,0.2316899990546517,9.856759999820497,0.3026209997187834,0.05493100070452783,11.420414000895107,0,4
754,3000109.png,0.8173620008165017,0.2158150000468595,9.838288999162614,0.3193339998688316,0.10030199882749002,11.354989999745158,0,2
755,3000113.png,0.8982999988802476,0.24779799969110172,10.096826999870245,0.3455059995758347,0.056677999964449555,11.67826999881072,0,6
756,3000120.png,0.7936439997138223,0.21436899987747893,10.458746000949759,0.28664799901889637,0.05538099867408164,11.84205500067037,0,3
757,3000121.png,0.8518670001649298,0.22102900038589723,9.96593299896631,0.28864100022474304,0.05255900032352656,11.476050000055693,0,3
758,3000124.png,0.8797959999355953,0.24491800104442518,9.829779000938288,0.2884249988710508,0.05440799941425212,11.331646999678924,0,13
759,3000129.png,0.7933380002214108,0.31878000118013006,16.889802000150667,0.33782100035750773,0.05500800034496933,18.434032001096057,0,14
760,3000130.png,0.9069120005733566,0.23229600083141122,10.312992000763188,0.31404899891640525,0.056490000133635476,11.860244998388225,0,15
761,3000131.png,0.8283469996968051,0.22113100021670107,10.870694000914227,0.3019520008820109,0.05900300129724201,12.314911000430584,0,17
762,3000133.png,0.8004120008990867,0.22829699992144015,10.077036000438966,0.2903969998442335,0.07508700036851224,11.506356999234413,0,15
763,3000134.png,0.8298100001411512,0.21092099996167235,10.344639000322786,0.28987900077481754,0.05580700053542387,11.771362000217778,0,9
764,3000140.png,0.9034249997057486,0.21538100008910988,10.175301000344916,0.3080240003328072,0.05499200051417574,11.690115999954287,0,19
765,3000145.png,0.9202750006807037,0.2428110001346795,10.04772800115461,0.2846430015779333,0.05439000051410403,11.586500999328564,0,16
766,3000147.png,0.6687359982606722,0.20541400044749025,10.21130699882633,0.2938759989774553,0.058853000155068,11.476051000499865,0,19
767,3000148.png,0.6825710006523877,0.23329999930865597,10.894359000303666,0.3277590003563091,0.061003000155324116,12.241501999596949,0,8
768,3000149.png,0.752642001316417,0.2538190001359908,10.22155099963129,0.33295699904556386,0.06002100053592585,11.659764999421895,0,19
769,3000151.png,0.6929009996383684,0.22430299941333942,10.988247999193845,0.29521400028897915,0.06883199966978282,12.30464100081008,0,22
770,3000152.png,0.689159998728428,0.21813400053360965,10.99027300006128,0.3072559993597679,0.05867100117029622,12.298110999836354,0,16
771,3000156.png,0.7538809986726847,0.22422400070354342,10.694686001443188,0.31624300027033314,0.05424100163509138,12.086246999388095,0,14
772,3000183.png,0.863604000187479,0.24081199990177993,10.496892000446678,0.44572899969352875,0.06489299994427711,12.151269000241882,0,8
773,3000186.png,0.8114520005619852,0.2161840002372628,10.32808899981319,0.2811230006045662,0.05520000013348181,11.726634000297054,0,11
774,3000190.png,0.8059140000113985,0.21939399994153064,10.993359001076897,0.28320499950496014,0.05679199966834858,12.39306299976306,0,15
775,3000194.png,0.8547519992134767,0.22235300093598198,10.706675000619725,0.2944429998024134,0.05662100011250004,12.176410999018117,0,9
776,3000197.png,0.812204998510424,0.23916299869597424,11.40561899956083,0.6046109992894344,0.07371199899353087,13.171642000088468,0,24
777,3000204.png,0.9527929996693274,0.26961399998981506,14.46151500022097,0.3077139990637079,0.07835500036890153,16.113125999254407,0,9
778,3000212.png,0.9089949999179225,0.23236299966811202,15.548435998425703,0.42269400000805035,0.06491000021924265,17.21676099987235,0,4
779,3000246.png,0.9138289988186443,0.23973099996510427,10.442924000017229,0.3164230001857504,0.05223100015427917,12.01425999897765,0,7
780,3002009.png,0.7665100001759129,0.22754800011171028,10.429753998323577,0.33885299853864126,0.0601800002186792,11.865383999975165,0,12
781,3002017.png,0.789019999501761,0.24384700009250082,10.852769000848639,0.3398930002731504,0.06368899994413368,12.32965700000932,0,18
782,3002022.png,0.7121400012692902,0.23878399952081963,11.069375999795739,0.3537210013746517,0.06020799992256798,12.474552999265143,0,34
783,3002026.png,0.931985001443536,0.23804099873814266,10.888322000027983,0.3225899999961257,0.06106999899202492,12.493386000642204,0,25
784,3002029.png,0.7954980010254076,0.223098999413196,10.75360300092143,0.228054999752203,0.024701001166249625,12.058898999384837,0,0
785,3002033.png,0.9650700012571178,0.28316499992797617,10.64506100010476,0.2958719996968284,0.05789699935121462,12.284889000511612,0,3
786,3002034.png,0.8309260010719299,0.237607999224565,10.201294999205857,0.2911589999712305,0.05503799911821261,11.650352000287967,0,5
787,3002036.png,0.8318239997606725,0.21662899962393567,10.227416998532135,0.30728999990969896,0.051263999921502545,11.668156001178431,0,11
788,3002039.png,0.8202009994420223,0.2270380009576911,10.304274999725749,0.3224579995730892,0.0566060007258784,11.764505001337966,0,12
789,3002056.png,0.8494200010318309,0.21173399909457657,10.083307999593671,0.28360000032989774,0.052757000958081335,11.514006999277626,0,3
790,3002057.png,0.872677999723237,0.21194999862927943,10.531416999583598,0.3038300001207972,0.05749099909735378,12.01735199902032,0,5
791,3002059.png,0.8072710006672423,0.21929499962425325,10.596262000035495,0.3017430008185329,0.057962999562732875,12.024157000269042,0,12
792,3002062.png,0.731083999198745,0.2347130011912668,10.444704999827081,0.3321509993838845,0.05889000021852553,11.837658001240925,0,11
793,3002064.png,0.8868209988577291,0.28188600117573515,10.674426001060056,0.30118899849185254,0.0587009999435395,12.240250000104425,0,8
794,3002075.png,0.8781189990259008,0.3474669993011048,11.025416000848054,0.33458999860158656,0.061550001191790216,12.693241000306443,0,11
795,3002080.png,0.8485779999318765,0.251085999479983,21.76154900007532,0.3924829998140922,0.06330899850581773,23.365135999483755,0,7
796,3002087.png,0.9005379997688578,0.2678500004549278,11.23507400006929,0.5362829997466179,0.06436700095946435,13.046822999967844,0,14
797,3002094.png,0.9998069999710424,0.2696530009416165,19.478184998661163,0.37375899955804925,0.06441900040954351,21.23232099984307,0,8
798,3002096.png,0.8947199985414045,0.2517499997338746,11.135894999824814,0.32371100132877473,0.06340599975374062,12.719321000986383,0,15
799,3002106.png,0.8995360003609676,0.24767499962763395,10.431726001115749,0.3214579992345534,0.05940799928794149,12.004274998616893,0,16
800,3002108.png,0.9538490012346301,0.29845399876649026,21.97443899967766,0.6733789996360429,0.10691199895518366,24.076149999018526,0,14
801,3002109.png,0.8242629992309958,0.2718420000746846,10.519666999243782,0.31140300052356906,0.05514999975275714,12.02147000003606,0,5
802,3002110.png,0.951224999880651,0.2451799991831649,10.2573210006085,0.34068600143655203,0.05775800127594266,11.887222999575897,0,10
803,3002112.png,0.824293998448411,0.22352800078806467,10.072623001178727,0.28347300030873157,0.05353899905458093,11.490740000226651,0,5
804,3002119.png,0.7481439988623606,0.2232509996247245,9.96160099930421,0.32297200050379615,0.056662000133655965,11.35124599932169,0,4
805,3002131.png,0.8717599994270131,0.218655999560724,15.197523000097135,0.6718670010741334,0.10337400090065785,17.10528399962641,0,3
806,3002137.png,0.8401599989156239,0.31391899938171264,24.128357999870786,0.657816999591887,0.10440299956826493,26.08800200141559,0,9
807,3002148.png,0.762806999773602,0.2969859997392632,18.88257900100143,0.42277099964849185,0.07936799920571502,20.49096299924713,0,3
808,3002152.png,0.8939670005929656,0.31061299887369387,11.776196000937489,0.34792800033756066,0.0641269998595817,13.455606000206899,0,10
809,3002154.png,0.8371439998882124,0.2519800000300165,10.949118999633356,0.3183589997206582,0.06146200030343607,12.466864000089117,0,4
810,3002155.png,0.7605800001329044,0.271521999820834,10.447317001307965,0.3022420005436288,0.05755100028181914,11.874440000610775,0,10
811,3002161.png,0.8186840004782425,0.34710699947027024,10.315338999134838,0.28762399961124174,0.05465200047183316,11.857960000270396,0,5
812,3002170.png,0.7910360000096262,0.23332999990088865,11.063906000345014,0.3533019989845343,0.060826998378615826,12.537528999018832,0,2
813,3002191.png,1.035434999721474,0.22640099996351637,10.489443999176729,0.31869300073594786,0.05789500028186012,12.177708000308485,0,6
814,3002197.png,0.876243999300641,0.21825600015290547,10.141699000087101,0.3534799998305971,0.061205999372759834,11.696732999553205,0,34
815,3002203.png,0.9236099995177938,0.2255099989270093,10.623259000567487,0.2868350002245279,0.06096800098021049,12.161733000539243,0,19
816,3002204.png,0.8596299994678702,0.216025999179692,10.486874998605344,0.3240330006519798,0.07789300070726313,12.000700999124092,0,7
817,3002213.png,0.8666649991937447,0.22414100021705963,10.67825500103936,0.3096170003118459,0.057766999816522,12.171800999567495,0,1
818,3002228.png,0.8238340014941059,0.22368200006894767,10.161564001464285,0.35685900002135895,0.05703799979528412,11.6668379996554,0,4
819,3002230.png,0.7443989998137113,0.22168300165503751,10.000738999224268,0.2880470001400681,0.055073998737498187,11.342903000695514,0,33
820,3002232.png,0.7315500006370712,0.21297400053299498,19.65200700033165,0.6518339996546274,0.10135799857380334,21.39029899990419,0,3
821,3002238.png,0.7774149999022484,0.3330589988763677,16.18656299979193,0.35097100044367835,0.06018100066285115,17.822841999077355,0,21
822,3002243.png,0.8213689998228801,0.45906699961051345,10.505483998713316,0.37965099909342825,0.07229999937408138,12.27766400006658,0,9
823,3002244.png,0.7587029995193006,0.2240289995825151,15.62401199953456,0.3042839998670388,0.05756000064138789,17.002769998725853,0,35
824,3003005.png,0.8117729994410183,0.2542260008340236,10.38952399903792,0.5596179998974549,0.0907379999262048,12.147274999733781,0,5
825,3003010.png,0.7846339995012386,0.277279999863822,10.957437001707149,0.2961549998872215,0.055325999710476026,12.410631999955513,0,8
826,3003013.png,0.7882569989305921,0.22548499873664696,10.442589999001939,0.3119140001217602,0.05665500066243112,11.860511000122642,0,14
827,3003016.png,0.8000630004971754,0.23339899962593336,10.66651200017077,0.360898000508314,0.06743700032529887,12.162996999904863,0,7
828,3003018.png,0.7384939999610651,0.2339450002182275,10.452767000970198,0.21741899945482146,0.022030000764061697,11.700560000463156,0,0
829,3003029.png,0.6998869994276902,0.3234800005884608,10.200496000834391,0.3062110008613672,0.054291000196826644,11.615071000051103,0,4
830,3003033.png,0.7266330012498656,0.21153099987714086,10.119190001205425,0.2854840004147263,0.054801999795017764,11.437013999966439,0,14
831,3003036.png,0.7349280003836611,0.21399400066002272,14.074505999815301,0.34570099887787364,0.060436001149355434,15.469947999008582,0,1
832,3003047.png,0.9042199999385048,0.22545899992110208,14.502979000099003,0.3111499991064193,0.059326999689801596,16.048838000642718,0,2
833,3003048.png,0.8263899999292335,0.24220999875979032,10.162130000026082,0.2769540005829185,0.05492099990078714,11.599944000408868,0,2
834,3003049.png,0.8324350001203129,0.21576200015260838,9.831731998929172,0.27915700047742575,0.05355500070436392,11.25210300051549,0,7
835,3003069.png,0.9044689995789668,0.2223229985247599,10.52342100047099,0.28658900009759236,0.054806001571705565,12.031836000460316,0,4
836,3003078.png,0.7941999992908677,0.2158839997719042,22.096747999967192,0.21709800057578832,0.024962999304989353,23.388605999571155,0,0
837,3003083.png,0.7813920001353836,0.22972899932938162,10.128818999874056,0.28109199956816155,0.05471400072565302,11.519067000335781,0,25
838,3003094.png,0.7832680003048154,0.22287700085144024,10.980904000462033,0.2963329989142949,0.05613899884338025,12.372333998428076,0,8
839,3003105.png,0.7601529996463796,0.2185280009143753,18.560982000053627,0.6066000005375827,0.13642399972013664,20.324479999544565,0,3
840,3003106.png,0.9314819999417523,0.3312859989819117,19.442349999735598,0.389078999432968,0.06812599895056337,21.213710000665742,0,9
841,3003121.png,0.7655990011699032,0.2490070000931155,12.373068000670173,0.3322160009702202,0.0641959995846264,13.822509999954491,0,4
842,3003125.png,0.8603890000813408,0.2381229987804545,10.503903999051545,0.2851610006473493,0.054923999414313585,11.987766998572624,0,3
843,3003139.png,0.8528549988113809,0.26921700009552296,13.790893000987126,0.36032800016982947,0.06407699947885703,15.39062899973942,0,3
844,3003152.png,0.9640480002417462,0.31968399889592547,22.365910999724292,0.35791299887932837,0.0280679996649269,24.09053800147376,0,0
845,3003160.png,0.8462790010526078,0.30965999940235633,14.014644000781118,0.32280199957313016,0.05693200000678189,15.583972999593243,0,4
846,3003164.png,0.7664519998797914,0.22275400078797247,14.116053000179818,0.3368739999132231,0.059922000218648463,15.53486100056034,0,3
847,3003166.png,0.8976110002549831,0.24082100026134867,13.441855999190011,0.32980200012389105,0.06148200009192806,15.017067000371753,0,2
848,3003168.png,0.8231939991674153,0.29038800130365416,10.996597000485053,0.32145600016519893,0.060675998611259274,12.536704000012833,0,4
