index,filename,preprocess_ms,host_to_device_ms,inference_ms,postprocess_ms,output_to_cpu_ms,processing_total_ms,deadline_missed,num_detections
1,0001003.png,1.22400899999775,0.3763569984585047,18.797401997289853,0.47374800124089234,0.07918600022094324,21.006035000027623,0,6
2,0001020.png,1.0855129985429812,0.24227299945778213,16.47959700130741,0.4075599972566124,0.06022600064170547,18.327622001379495,0,1
3,0001023.png,1.0370220006734598,0.23463899924536236,14.577963996998733,0.38783399941166863,0.07225700028357096,16.350572997907875,0,7
4,0001031.png,1.0756599986052606,0.23043400142341852,14.331479997053975,0.34910499744000845,0.06774099892936647,16.106505998322973,0,6
5,0001043.png,1.0702510007831734,0.22401599926524796,14.402198998141102,0.3602520009735599,0.062320999859366566,16.16872800150304,0,3
6,0001047.png,1.047386002028361,0.23897500068414956,14.53251200291561,0.39262999780476093,0.06510299863293767,16.328630998032168,0,7
7,0001052.png,0.8372329975827597,0.2165830010198988,28.257580997888,0.6716919997415971,0.10618600208545104,30.134675002045697,0,9
8,0001053.png,0.8298760003526695,0.2985110004374292,29.654243000550196,0.6820710004831199,0.10822900003404357,31.6324480008916,0,4
9,0001054.png,0.8469870008411817,0.30598499870393425,16.662458001519553,0.3892659988196101,0.0672330024826806,18.310740997549146,0,2
10,0001060.png,0.89524800205254,0.2569560019765049,13.861320996511495,0.32416700196336024,0.10190600005444139,15.494383998884587,0,1
11,0001068.png,0.8524859986209776,0.21235599706415087,13.957051996840164,0.3807559987762943,0.06369099719449878,15.508585001953179,0,2
12,0001071.png,0.869971998326946,0.22804800028097816,14.360533001308795,0.37607900230796076,0.0632110022706911,15.948245996696642,0,3
13,0001072.png,0.85910499910824,0.2483870011928957,14.056446998438332,0.3663019997475203,0.06563799979630858,15.638542001397582,0,4
14,0001073.png,0.854875997902127,0.23088099987944588,14.81554100246285,0.6660930012003519,0.13881700215279125,16.749135000281967,0,10
15,0001074.png,0.8169560023816302,0.34961200071848,14.28993900117348,0.3898290015058592,0.06777300222893246,15.960762000759132,0,1
16,0001083.png,0.8797129994491115,0.2574240024841856,13.810991000354989,0.42993300303351134,0.07292499867617153,15.504820003116038,0,7
17,0001085.png,0.8998189987323713,0.268430001597153,14.278061000368325,0.4266049982106779,0.1277270021091681,16.05939299770398,0,4
18,0001086.png,0.966022998909466,0.32063799881143495,14.01473499936401,0.4089860012754798,0.07313400055863895,15.836982001928845,0,10
19,0001088.png,0.8733049980946817,0.2651229988259729,14.282737000030465,0.37528900065808557,0.0764439973863773,15.924136001558509,0,2
20,0002015.png,0.880794003023766,0.23052000324241817,14.381842000148026,0.38782399860792793,0.06564299837918952,15.993841996532865,0,3
21,0002037.png,0.9864700004982296,0.2158269999199547,13.985754001623718,0.36267800169298425,0.06576099985977635,15.659074997529387,0,1
22,0002040.png,0.9786410009837709,0.2375170006416738,14.085303999308962,0.38636099998257123,0.0710239983163774,15.807044997927733,0,3
23,0002043.png,0.9935410016623791,0.25429600282222964,14.910724999936065,0.36409400127013214,0.06569299875991419,16.643478000332834,0,1
24,0002045.png,0.9562410014041234,0.28986300094402395,14.855175999400672,0.3694020015245769,0.07100999937392771,16.59472800020012,0,8
25,0002046.png,1.0053420010081027,0.25000700043165125,14.862975000141887,0.40806900142342784,0.07366900172200985,16.655403000186197,0,2
26,0002049.png,0.95130100089591,0.25346799884573556,15.113452001969563,0.3937459987355396,0.07697699766140431,16.83416599917109,0,8
27,0002061.png,1.0127909990842454,0.31428600050276145,16.35856199936825,0.3962379996664822,0.07738299973425455,18.214747000456555,0,23
28,0002065.png,1.0926760005531833,0.2762909971352201,15.821493998373626,0.40308499956154265,0.06524699711007997,17.73193300323328,0,7
29,0002075.png,0.935022999328794,0.22203600019565783,14.220828001271002,0.37257800067891367,0.06602500070584938,15.866794001340168,0,6
30,00030001.png,0.8917390005080961,0.2342449988645967,19.607197002187604,0.7201410007837694,0.1192720010294579,21.636315999785438,0,11
31,00030004.png,0.9247349989891518,0.37120399792911485,32.771572998171905,0.6822729992563836,0.10869300240301527,34.90628100189497,1,2
32,00030006.png,0.9795110017876141,0.3304410020064097,28.33637000003364,0.4898040024272632,0.07922999793663621,30.26783899986185,0,6
33,00030015.png,1.1101210002379958,0.2784809985314496,22.129523000330664,0.4718689997389447,0.09953300104825757,24.145128998497967,0,4
34,00030016.png,1.0621529982017819,0.3596220012695994,23.588963002111996,0.7127120006771293,0.11208899741177447,25.949529001081828,0,4
35,00030017.png,0.9075050002138596,0.3289050000603311,30.352238998602843,0.6758429990441073,0.1071519982360769,32.42213599878596,0,2
36,0006002.png,0.9937479990185238,0.32247999843093567,23.751806998916436,0.3727469993464183,0.06369900074787438,25.556368000252405,0,8
37,0006013.png,0.9992629966291133,0.2614289987832308,14.140635001240298,0.36353700124891475,0.06689099973300472,15.875552999204956,0,17
38,0008009.png,0.8108690017252229,0.23302399858948775,14.393022000149358,0.356819000444375,0.0600889979978092,15.894571999524487,0,5
39,0008034.png,0.9050990011019167,0.24560400197515264,13.728588000958553,0.4114399998798035,0.06533999840030447,15.397956001834245,0,5
40,0009007.png,0.93791300241719,0.2960759993584361,13.761856000201078,0.3496550016279798,0.061800001276424155,15.449132999492576,0,2
41,0009020.png,0.9504859990556724,0.2634209995449055,14.599640999222174,0.36456800080486573,0.06748400119249709,16.287442998873303,0,4
42,0009028.png,1.0317650012439117,0.24525399931007996,14.097880997724133,0.34761200004140846,0.06527200093842112,15.839490002690582,0,2
43,0009029.png,1.0216989976470359,0.24365900026168674,15.021795999928145,0.3572099994926248,0.06380600098054856,16.758388999733143,0,3
44,0009030.png,0.9803819993976504,0.22507799803861417,14.041992002603365,0.3516809993016068,0.06325100184767507,15.71272899673204,0,7
45,0009032.png,0.9174480001092888,0.22468899987870827,13.739635000092676,0.35753999691223726,0.06496500282082707,15.353556998888962,0,7
46,0009036.png,0.8348159972229041,0.23006600167718716,13.929791002738057,0.4018619983980898,0.0928959998418577,15.532845001871465,0,21
47,0009045.png,1.0072359982586931,0.21039199782535434,14.530964999721618,0.37761299972771667,0.06967000081203878,16.237978998105973,0,3
48,0009053.png,1.0813429980771616,0.24656900131958537,15.328506997320801,0.37036100184195675,0.06084900087444112,17.128862997196848,0,10
49,0011005.png,1.043199998093769,0.2900020008382853,13.891881000745343,0.36686399835161865,0.06216700057848357,15.711146999819903,0,11
50,0011006.png,1.108897999074543,0.32879299760679714,14.615211999625899,0.5841550009790808,0.08696900113136508,16.787757998827146,0,9
51,0011014.png,1.7496729997219518,0.3943269985029474,15.210560999548761,0.38036399928387254,0.06846199903520755,17.87446999878739,0,6
52,0011016.png,1.1716310000338126,0.29818999973940663,15.872564999881433,0.4769200022565201,0.09300300007453188,17.972382996958913,0,8
53,0011022.png,1.2184160004835576,0.3187059992342256,20.61314999809838,0.47854600052232854,0.0873949975357391,22.776182999223238,0,11
54,0011025.png,1.727552997181192,0.4167829974903725,20.90576399859856,0.420117998146452,0.07570100206066854,23.611644999618875,0,8
55,0011026.png,1.2009450001642108,0.35579500035964884,16.226562001975253,0.43280400132061914,0.08396300108870491,18.369379999057855,0,6
56,0011031.png,1.4206409978214651,0.2677369993762113,14.303674000984756,0.3677480017358903,0.0647529996058438,16.48127600128646,0,4
57,0011034.png,1.8295299996680114,0.22813000032329,13.784466002107365,0.3517200020723976,0.06287199721555226,16.321048999088816,0,15
58,0011036.png,1.3000980034121312,0.23662400053581223,13.766521002253285,0.3752390002773609,0.0656060001347214,15.79823099746136,0,21
59,0012002.png,1.479702001233818,0.23120400146581233,14.39884900173638,0.35670899887918495,0.06539799869642593,16.58279999901424,0,3
60,0012003.png,1.0853000021597836,0.22674100182484835,14.181839000229957,0.3486780005914625,0.0894130025699269,15.9840729975258,0,4
61,0012005.png,1.6012790001695976,0.23565399897051975,14.91539400012698,0.3855299983115401,0.0650629990559537,17.255285998544423,0,3
62,0012006.png,1.0427640008856542,0.24880099954316393,14.785824001592118,0.3680139998323284,0.06631699943682179,16.56314099818701,0,18
63,0012008.png,1.6544499994779471,0.3446299997449387,14.418700000533136,0.3526359978422988,0.06749800013494678,16.89944600002491,0,11
64,0012011.png,1.779219997843029,0.4749120016640518,30.544493998604594,0.45355600013863295,0.07664000077056699,33.40916000161087,1,4
65,0013002.png,1.6461289997096173,0.26631100263330154,15.212782996968599,0.4156180002610199,0.06889100041007623,17.668253000010736,0,1
66,0013003.png,0.7254820011439733,0.23616500038770027,14.491218000330264,0.3661029986687936,0.06255200059968047,15.921965998131782,0,2
67,0013008.png,1.3610659989353735,0.26546799927018583,15.085140999872237,0.39656700027990155,0.07974699838086963,17.256176000955747,0,3
68,0013012.png,0.889530001586536,0.3152210010739509,14.987353999458719,0.38556299841729924,0.06617500184802338,16.69298699926003,0,4
69,0013021.png,1.030419000016991,0.272477998805698,14.746167002158472,0.34689400126808323,0.06115400174167007,16.516242998477537,0,2
70,0014011.png,1.523057999293087,0.24719700013520196,14.08903400078998,0.3555939983925782,0.061483999161282554,16.32647599763004,0,1
71,0014017.png,1.4679119994980283,0.2761760006251279,14.464166000834666,0.27681500068865716,0.03127700256300159,16.57490800062078,0,0
72,0014020.png,1.1883719998877496,0.24953499814728275,14.59508300104062,0.38562799818464555,0.061740996898151934,16.533524998521898,0,6
73,0014023.png,1.2441959988791496,0.24185000074794516,15.309505000914214,0.3683080030896235,0.06664300235570408,17.27877399753197,0,2
74,0014029.png,1.0518349990888964,0.44221400094102137,14.601008999306941,0.361624999641208,0.06779499744880013,16.586810001172125,0,5
75,0015004.png,1.7362739999953192,0.3291930006525945,16.333461997419363,0.4427429994393606,0.07979400106705725,18.99559100274928,0,8
76,0015006.png,1.2918590000481345,0.41947800127672963,15.650512999854982,0.38846499955980107,0.07334099791478366,17.90479199917172,0,23
77,0015013.png,1.372594000713434,0.25325900060124695,15.809237000212306,0.44015100138494745,0.07143299808376469,17.999170999246417,0,9
78,0016002.png,0.9476510022068396,0.25373499738634564,14.463905998127302,0.37452899778145365,0.06764299905626103,16.15977099936572,0,6
79,0016006.png,0.9244399989256635,0.21815199943375774,14.66756299851113,0.44952399912290275,0.06402400322258472,16.37043899972923,0,6
80,0016007.png,1.2037500018777791,0.23296099971048534,14.914349998434773,0.5098149995319545,0.08204300320358016,16.992155000480125,0,7
81,0016009.png,1.4836539994576015,0.40288899981533177,14.665747999970336,0.35011799991480075,0.06338199818856083,17.03420199919492,0,13
82,0016014.png,0.9899480028252583,0.39152000317699276,15.429643000970827,0.3687690004881006,0.0639870013401378,17.305272001976846,0,6
83,0016015.png,0.8350930002052337,0.28021899925079197,14.02846699784277,0.43733499842346646,0.06720599776599556,15.704715999163454,0,4
84,0016017.png,1.058212001225911,0.2666279979166575,14.103364999755286,0.43470899981912225,0.07546599954366684,15.990150001016445,0,3
85,0020006.png,1.343541000096593,0.3214900025341194,14.301285998953972,0.35994700010633096,0.06797000241931528,16.4454490004573,0,10
86,0022008.png,1.109384000301361,0.2495499975339044,16.999276998831192,0.6948699992790353,0.10998899961123243,19.21470800152747,0,14
87,0022010.png,1.3443709976854734,0.34033799965982325,29.147110999474535,0.7170530006987974,0.11420100054237992,31.72990199891501,0,6
88,0022030.png,1.4056339969101828,0.38835499799461104,25.760838001588127,0.4327380011091009,0.07481700231437571,28.13880599933327,0,8
89,0022039.png,1.3922699981776532,0.280443000519881,14.260755000577774,0.3779929975280538,0.06290099918260239,16.43168300142861,0,7
90,0023007.png,1.6577319984207861,0.30490899735013954,15.172387000347953,0.3697020001709461,0.06791000123484991,17.634568001085427,0,8
91,0023014.png,1.7480790011177305,0.267289000476012,14.47041299979901,0.38234999738051556,0.06527699952130206,16.991348002193263,0,1
92,0024022.png,0.8983730003819801,0.27511100051924586,14.346718999149743,0.3551119989424478,0.061244001699378714,15.986465998139465,0,6
93,0024038.png,1.4519310025207233,0.23811800201656297,14.419683997402899,0.3683119975903537,0.06132099952083081,16.59080500030541,0,35
94,0024047.png,1.1146290016768035,0.2680690013221465,14.740167000127258,0.3639169990492519,0.06182300057844259,16.600497998297215,0,28
95,0024054.png,1.1547499998414423,0.26242099920636974,27.367524002329446,0.7423639981425367,0.10629999815137126,29.687082998862024,0,9
96,0024061.png,1.6489900008309633,0.3657609995570965,29.819858998962445,0.7245159977173898,0.10983800166286528,32.72237299825065,0,8
97,0025003.png,1.8557170005806256,0.3375129999767523,17.559521002112888,0.3620769966801163,0.06339800165733323,20.22918500006199,0,7
98,0025006.png,1.5467500015802216,0.267063998762751,15.17302899810602,0.4028549992654007,0.06583999856957234,17.50839200030896,0,7
99,0025013.png,1.118605003284756,0.4804050004167948,31.68941200055997,0.7456899984390475,0.11384299796191044,34.20644599827938,1,4
100,0025016.png,1.0954469980788417,0.37766300010844134,21.526487998926314,0.3867430023092311,0.06458999996539205,23.506045999965863,0,8
101,0025017.png,1.293518998863874,0.35914499676437117,17.078734999813605,0.3848609994747676,0.06964099884498864,19.237584998336388,0,12
102,0025024.png,1.3289630005601794,0.3759399987757206,14.680719999887515,0.44997799705015495,0.08397000055992976,16.9930160009244,0,8
103,0025034.png,1.5034799980639946,0.39161700260592625,14.736185999936424,0.3983839997090399,0.07280600038939156,17.166699999506818,0,10
104,0026005.png,1.595502999407472,0.31238500014296733,14.851404997898499,0.389192999136867,0.07280199861270376,17.281612002989277,0,12
105,0026012.png,1.3447020028252155,0.32314200143446214,15.165166001679609,0.43539199759834446,0.08244099808507599,17.411165001249174,0,13
106,0026013.png,1.1097050009993836,0.370434998330893,14.68125700193923,0.36547000127029605,0.06899599975440651,16.647411001031287,0,12
107,0100017.png,1.1666680002235807,0.27110299924970604,14.13998200223432,0.3569809996406548,0.0597120015299879,16.045802000007825,0,10
108,0100021.png,1.0326859992346726,0.23088600210030563,14.986397000029683,0.3760010004043579,0.059768000937765464,16.73481300167623,0,5
109,0100022.png,1.5236760009429418,0.2382929997111205,14.686941001855303,0.36094399911235087,0.0694699992891401,16.92960200307425,0,11
110,0100030.png,1.2249569990672171,0.25569799981894903,19.644002997665666,0.7266920001711696,0.1140569984272588,22.01757099828683,0,4
111,0100041.png,0.9958449991245288,0.35656299951369874,21.949685000436148,0.3748380004253704,0.06671200026175939,23.796718000085093,0,5
112,0100056.png,0.9533689990348648,0.24653800210217014,26.534196000284282,0.7563750004919712,0.10941199798253365,28.641262997552985,0,2
113,0100057.png,0.9164289986074436,0.3509089983708691,28.61476099860738,0.3838540033029858,0.06513100015581585,30.39038499991875,0,1
114,0100059.png,1.0408750022179447,0.26261599850840867,14.282451000326546,0.37599400093313307,0.06234499960555695,16.0773280003923,0,6
115,0100067.png,0.9389209990331437,0.23727899679215625,14.086609000514727,0.3816270000243094,0.06907599890837446,15.76221299910685,0,4
116,0100073.png,0.9181179993902333,0.24655800007167272,14.27627899829531,0.3799840014835354,0.0701809985912405,16.02421899951878,0,3
117,0100074.png,0.8742739992158022,0.26009900102508254,14.66906099813059,0.3980770015914459,0.07440400077030063,16.314388998580398,0,4
118,0100075.png,1.0149580011784565,0.3669139987323433,15.404975001729326,0.3889340005116537,0.07025100057944655,17.305984001723118,0,3
119,0100083.png,1.0411930015834514,0.24922900047386065,13.921387999289436,0.4249720004736446,0.06587499956367537,15.75842500096769,0,5
120,0101008.png,1.044603999616811,0.23374899683403783,14.116015998297371,0.35016899710171856,0.0642729974060785,15.865050998399965,0,8
121,0101018.png,1.1159360001329333,0.2822189999278635,14.266166999732377,0.3814070005319081,0.0659079996694345,16.165273998922203,0,9
122,0101020.png,1.062789000570774,0.23484999837819487,13.735494001593906,0.3456369995546993,0.06410600326489657,15.491296999243787,0,5
123,0101022.png,1.0832140033016913,0.23344999863184057,18.32959900275455,0.45056100134388544,0.07861099948058836,20.226782999088755,0,5
124,0101032.png,1.0552640014793724,0.2684030005184468,14.886721000948455,0.4324770015955437,0.06354900324367918,16.768145997048123,0,1
125,0101056.png,1.2167449967819266,0.35361100162845105,14.09928800057969,0.3566609993868042,0.06724400009261444,16.14672199866618,0,8
126,0101058.png,1.026231999276206,0.24492900047334842,14.184847997967154,0.38103699989733286,0.0636690019746311,15.950109002005775,0,3
127,0101071.png,0.9694430009403732,0.24673900043126196,14.298919999419013,0.35273799949209206,0.06674700125586241,15.975485999661032,0,2
128,0101072.png,1.2394329969538376,0.25758500123629346,14.016754998010583,0.3586189995985478,0.0663799983158242,15.989755000191508,0,4
129,0102006.png,1.5156059998844285,0.26580099802231416,14.92987500023446,0.4235140004311688,0.07359599840128794,17.262724999454804,0,1
130,0102007.png,1.586892998602707,0.3939740017813165,14.83529799952521,0.369672998203896,0.061332000768743455,17.313415999524295,0,4
131,0102010.png,1.3662149976880755,0.2521089991205372,17.05024300099467,0.4275779974705074,0.0846069997351151,19.233527000324102,0,2
132,0102016.png,1.7718790004437324,0.4171369982941542,18.612405998283066,0.4459869996935595,0.147711001773132,21.476518999406835,0,1
133,0102020.png,1.2703169995802455,0.27817999944090843,24.079462000372587,0.714819001586875,0.10447900058352388,26.501194999582367,0,2
134,0102025.png,1.1791010001616087,0.33793100010370836,23.96400300131063,0.3682970018417109,0.06645399844273925,25.96850500049186,0,4
135,0102032.png,1.1587129993131384,0.2963599981740117,14.747504003025824,0.43896999704884365,0.07260200072778389,16.772856000898173,0,2
136,0102033.png,1.1013340008503292,0.24715399922570214,17.99400100208004,0.4991770001652185,0.07473200093954802,19.967711999925086,0,7
137,0102040.png,1.347547000477789,0.4075049982930068,19.703624999237945,0.4883010005869437,0.07315200127777644,22.08109200000763,0,1
138,0102041.png,1.1245250025240239,0.26928199804387987,21.1408510003821,0.5162560009921435,0.08144599996739998,23.184920999483438,0,2
139,0102050.png,1.0310619982192293,0.28180099980090745,19.197354002244538,0.4148700027144514,0.0978620009846054,21.07800799785764,0,4
140,0103013.png,0.9818399994401261,0.2648110021254979,14.337123000586871,0.39137199928518385,0.06869400021969341,16.090419001557166,0,2
141,0103016.png,0.970938999671489,0.2536430001782719,14.388602998224087,0.39528200068161823,0.0655149997328408,16.11581800170825,0,1
142,0103018.png,0.9648570012359414,0.23889800286269747,14.024536998476833,0.37594900277326815,0.06465499973273836,15.740639999421546,0,1
143,0103026.png,1.0802040014823433,0.25178599753417075,14.212463000149,0.36680100311059505,0.06594500155188143,16.023420001147315,0,2
144,0103028.png,1.0710559981816914,0.24704300085431896,14.468764999037376,0.3781220002565533,0.06696399941574782,16.282921002130024,0,1
145,0103036.png,0.9579560028214473,0.24763699912000448,14.706960999319563,0.3682179994939361,0.06152700007078238,16.382386998884613,0,3
146,0103042.png,1.0990629998559598,0.2547129988670349,14.634740000474267,0.409432002925314,0.0666900014039129,16.514154001924908,0,1
147,0104011.png,1.0220059994026087,0.2503640025679488,14.462188999459613,0.38887999835424125,0.06747500083292834,16.233262002060656,0,4
148,0104012.png,1.0985279986925889,0.2668009983608499,26.705961998231942,0.6898380015627481,0.1084930008801166,28.91898400048376,0,3
149,0104013.png,0.9795480000320822,0.36168899896438234,29.2511090010521,0.6812819992774166,0.1199630023620557,31.441224997251993,0,2
150,0104016.png,0.8522709977114573,0.3158149993396364,26.840408998396015,0.37862200042582117,0.06697199933114462,28.49345600043307,0,7
151,0104020.png,1.0174080016440712,0.26774200159707107,14.945102997444337,0.4343999971752055,0.07438800093950704,16.79419200081611,0,8
152,0104040.png,0.9897079980873968,0.2716249982768204,14.268448001530487,0.39498499972978607,0.06619499981752597,16.033969997806707,0,1
153,0104042.png,1.0423690000607166,0.2583090026746504,14.080842996918363,0.39097899934859015,0.06879200009279884,15.883239000686444,0,1
154,0104043.png,1.0328680000384338,0.3143879985145759,15.019708996987902,0.3547910018824041,0.06130100155132823,16.828420000820188,0,1
155,0105001.png,1.0565900010988116,0.25195999842253514,14.980725001805695,0.4033699988212902,0.08804099707049318,16.832076998980483,0,2
156,0105002.png,1.0318500026187394,0.27293099992675707,14.568533999408828,0.3773970020120032,0.06437999763875268,16.36115899964352,0,9
157,0105007.png,1.1070420005125925,0.26885199986281805,15.138366998144193,0.395866998587735,0.07757099956506863,17.045052998582833,0,5
158,0105010.png,1.0491850007383619,0.25771199943847023,14.355036000779364,0.4044540000904817,0.07133899998734705,16.178724999917904,0,4
159,0105014.png,1.0822369986271951,0.2620330014906358,15.364514998509549,0.3778120008064434,0.06928400034666993,17.208144003234338,0,5
160,0105017.png,1.1363619996700436,0.2694530012377072,21.570012002484873,0.6868010023026727,0.11014700066880323,23.82596000097692,0,1
161,0105026.png,1.0174230010306928,0.3472720018180553,30.314940002426738,0.689278997015208,0.10968300193781033,32.531629000004614,0,4
162,0105029.png,0.9807630012801383,0.32981600088533014,26.86665000146604,0.40244500269182026,0.0677030002407264,28.689990998827852,0,2
163,0105034.png,1.002166001853766,0.26206000256934203,15.045249998365762,0.3840870012936648,0.07569800072815269,16.813686001114547,0,2
164,0105040.png,0.9722689974296372,0.29051700039417483,14.163561001623748,0.26990200058207847,0.030511000659316778,15.770623998832889,0,0
165,0106006.png,0.9856729993771296,0.24558199947932735,16.827158000523923,0.4594650017679669,0.07862299753469415,18.63903300181846,0,1
166,0106007.png,0.9998040004575159,0.26581700149108656,15.444657001353335,0.365815001714509,0.06371899871737696,17.199124999024207,0,7
167,0106008.png,0.9898200005409308,0.2473619970260188,14.4620160026534,0.3583690013329033,0.06527000005007721,16.16338299936615,0,8
168,0106012.png,1.1527919996296987,0.400286000513006,14.449081998463953,0.39037899841787294,0.06692399983876385,16.556888997001806,0,2
169,0106014.png,1.0014949984906707,0.24051400032476522,14.767564996873261,0.37794500167365186,0.06531799954245798,16.496334999828832,0,2
170,0106016.png,1.2716470009763725,0.35229599961894564,14.220510998711688,0.4633349999494385,0.08330399941769429,16.452659998321906,0,2
171,0106021.png,1.115252001909539,0.30669199986732565,19.48115999766742,0.4061839972564485,0.07132699829526246,21.441016000608215,0,3
172,0107008.png,0.8958660000644159,0.2544879971537739,14.955121001548832,0.4079300015291665,0.07400100002996624,16.627594999590656,0,3
173,0107025.png,1.0192689987889025,0.27624500216916203,15.018296002381248,0.35990800097351894,0.06773199856979772,16.787229000328807,0,2
174,0107030.png,1.2387130009301472,0.25867499789455906,14.421082996705081,0.3896060006809421,0.06657900303252973,16.428296999947634,0,1
175,0108001.png,0.9577990022080485,0.285979996988317,14.803925998421619,0.3759699975489639,0.06934300108696334,16.54032599981292,0,2
176,0108008.png,0.8857970024109818,0.22977999833528884,14.865255001495825,0.3657020024547819,0.061591999838128686,16.459471997222863,0,1
177,0108014.png,0.9373710017825942,0.27238599795964547,14.962496003136039,0.38992500049062073,0.06564900104422122,16.679092001140816,0,3
178,0108015.png,0.9165590017801151,0.23833799787098542,14.736511999217328,0.35728899820242077,0.05953000072622672,16.351269998267526,0,3
179,0108021.png,0.8873650003806688,0.233007001952501,13.915752999309916,0.34535299710114487,0.05939200127613731,15.488730001379736,0,2
180,0108023.png,0.8605830007581972,0.2374400028202217,14.083017998927971,0.35827900137519464,0.06572300117113627,15.653072998247808,0,2
181,0108026.png,0.9298069999204017,0.23192599837784655,14.237726001738338,0.3599179981392808,0.06316500002867542,15.872072999627562,0,2
182,0108028.png,0.9267770001315512,0.2404670012765564,14.535323000018252,0.36274500234867446,0.07380300303339027,16.188839999813354,0,1
183,0108033.png,1.0103960012202151,0.3135859988105949,14.383128000190482,0.3361589988344349,0.057370998547412455,16.161044000909897,0,1
184,0108035.png,1.072137998562539,0.3007509985764045,13.955973001429811,0.6152079986350145,0.08363400047528557,16.08627899986459,0,1
185,0108041.png,1.0779010008263867,0.362308001058409,14.94692300184397,0.4160070020589046,0.07689999983995222,16.9343529996695,0,1
186,0200006.png,0.8092360003502108,0.32750399986980483,15.186813001491828,0.3725400019902736,0.0693160000082571,16.814657999930205,0,4
187,0200008.png,1.1493239981064107,0.24560599922551773,14.149184000416426,0.356321001163451,0.06215000030351803,16.012017000321066,0,1
188,0200010.png,1.1379909992683679,0.2622400024847593,14.523170997563284,0.37963499926263466,0.08964500011643395,16.443423999589868,0,6
189,0200012.png,0.9432090009795502,0.2699610013223719,22.578779000468785,0.7823019986972213,0.12255100227775984,24.751521999860415,0,2
190,0200016.png,1.2121520012442488,0.4935750002914574,19.837561001622817,0.48205500206677243,0.11600300058489665,22.21595700029866,0,2
191,0200025.png,0.996143000520533,0.4143650003243238,17.370485998981167,0.4344020017015282,0.0842890003696084,19.374247000087053,0,1
192,0200028.png,1.0092490010720212,0.3491489987936802,16.50499400057015,0.37929800237179734,0.07188800009316765,18.377583000983577,0,5
193,0200031.png,1.1411250015953556,0.2698419993976131,14.400812000531005,0.36645499858423136,0.06586400195374154,16.296981000778032,0,1
194,0200032.png,0.8425829983025324,0.24408900208072737,15.196000000287313,0.3676020023704041,0.06871599907753989,16.770109999924898,0,2
195,0200036.png,1.1748010001610965,0.2762379990599584,14.39867700173636,0.34872399919549935,0.06277099964790978,16.311037001287332,0,1
196,0201005.png,1.0340640001231804,0.25293500220868737,14.32780399773037,0.37516300290008076,0.06861400106572546,16.106045000924496,0,1
197,0201007.png,0.8367139998881612,0.25721800193423405,14.135102999716764,0.3474320001259912,0.061779999668942764,15.675959999498446,0,1
198,0201019.png,0.7599370001116768,0.23290600074687973,13.941449000412831,0.3500659986457322,0.06299699816736393,15.396592003526166,0,1
199,0202003.png,0.8996600008686073,0.24715999825275503,18.658920998859685,0.4338100006862078,0.07422999988193624,20.36159900308121,0,2
200,0202005.png,1.1608820022956934,0.2714099973673001,14.933321999706095,0.37076799708302133,0.06777500311727636,16.85771700067562,0,2
201,0202014.png,0.9152259990514722,0.2609289986139629,14.509578999422956,0.4154409980401397,0.07086299956426956,16.221910998865496,0,3
202,0203001.png,0.8931049997045193,0.24902600125642493,14.421396997931879,0.37702700137742795,0.06968700108700432,16.059348999988288,0,2
203,0203007.png,1.170322000689339,0.3143460016872268,14.840682000794914,0.36589599767467007,0.06853699960629456,16.815396997117205,0,3
204,0203008.png,1.0031450001406483,0.30779200096731074,14.571955001883907,0.3508560002956074,0.06250899969018064,16.34758500222233,0,1
205,0203009.png,1.0359619991504587,0.2371359987591859,13.875044998712838,0.3731969991349615,0.06300099994405173,15.629542998794932,0,1
206,0203010.png,0.7751379998808261,0.2371139999013394,13.93655799984117,0.3612930013332516,0.06756799848517403,15.416754002217203,0,2
207,0203012.png,0.9398929978488013,0.25487800303380936,14.387033003004035,0.36436500158743,0.06672399831586517,16.067706001194892,0,2
208,0203015.png,0.9146339980361518,0.25390099835931323,19.339438000315567,0.5083720025140792,0.10286699762218632,21.17158300097799,0,8
209,0203016.png,1.0041300010925625,0.3549780012690462,15.002561998699093,0.4855470033362508,0.07301499863388017,16.981472999759717,0,5
210,0203020.png,0.7404489988402929,0.24701800066395663,14.545030000590486,0.3909129991370719,0.07051200009300373,16.03778400021838,0,2
211,0203021.png,0.7905290003691334,0.24972399842226878,14.797224001085851,0.5530150010599755,0.1197199999296572,16.553061999729834,0,3
212,0204002.png,1.008421000733506,0.3188559967384208,14.54081400152063,0.37005099875386804,0.06356199810397811,16.355244999431306,0,1
213,0204018.png,0.9823510008573066,0.24927000049501657,14.391049997357186,0.3642819974629674,0.06469700019806623,16.101600998808863,0,2
214,0204020.png,0.7810220013197977,0.2430319982522633,14.204392002284294,0.3564269973139744,0.06842800212325528,15.703723998740315,0,2
215,0204023.png,0.7799560007697437,0.24382700212299824,14.163329000439262,0.36490499769570306,0.06720300007145852,15.666620998672443,0,3
216,0205001.png,0.842289999127388,0.23523699928773567,14.926709998690058,0.397465999412816,0.08040200191317126,16.53265300046769,0,2
217,0205002.png,0.9285529995395336,0.37321199852158315,15.107629998965422,0.3921160023310222,0.06530300015583634,16.94366200172226,0,1
218,0205011.png,0.8273159983218648,0.23479100127588026,14.21482899968396,0.3959639980166685,0.0660519981465768,15.777954999066424,0,2
219,0400002.png,0.8635340018372517,0.23088400121196173,17.180373997689458,0.46690599992871284,0.07757600178592838,18.861650001781527,0,3
220,0400024.png,0.9288660003221594,0.2539179986342788,18.76448799885111,0.5447949988592882,0.08543700096197426,20.62453100006678,0,3
221,0400025.png,1.0179589990002569,0.3220590006094426,25.019878998136846,0.7638819988642354,0.120830001833383,27.300090998323867,0,1
222,0400027.png,0.9744150011101738,0.41239500205847435,15.320580001571216,0.37426299968501553,0.06269099685596302,17.196303997479845,0,6
223,0400028.png,1.0334489998058416,0.31242200202541426,14.262615997722605,0.35996899896417744,0.06230300277820788,16.090195000288077,0,2
224,0400036.png,1.1087329985457473,0.38889999996172264,14.618294997490011,0.4142910001974087,0.0765550030337181,16.69544499964104,0,2
225,0401014.png,0.8499049981764983,0.2527110009395983,15.532039000390796,0.3720069980772678,0.07037099931039847,17.124606998550007,0,8
226,0401015.png,0.842254998133285,0.2565850008977577,13.979783998365747,0.3564409998944029,0.06421799844247289,15.551069998764433,0,1
227,0401029.png,0.9003810009744484,0.2500970003893599,17.344423999020364,0.6778949973522685,0.1136070022766944,19.349273999978323,0,1
228,0401031.png,0.8484640020469669,0.33233099748031236,26.442970996868098,0.37638100184267387,0.06621900320169516,28.108988000894897,0,2
229,0401035.png,0.9758539999893401,0.2502730021660682,19.27277999857324,0.6879069987917319,0.10892399950535037,21.33661200059578,0,1
230,0401039.png,0.9698979993117973,0.32969500171020627,29.50051299922052,0.6740410026395693,0.10666999878594652,31.622395999875152,0,2
231,0401040.png,0.9345809994556475,0.31149200003710575,29.341956000280334,0.4943750027450733,0.10167999789700843,31.23406000304385,0,2
232,0401045.png,1.0246359997836407,0.2776530018309131,15.64268199945218,0.3997230014647357,0.08644699846627191,17.48443599717575,0,1
233,0401075.png,0.950884998019319,0.241012003243668,14.503356000204803,0.387590000173077,0.0649150024401024,16.197847999137593,0,6
234,0402005.png,0.871528001880506,0.24335900161531754,19.14307200058829,0.5250290014373604,0.09043899990501814,20.919450998917455,0,1
235,0402006.png,0.9092149994103238,0.31202700120047666,19.78134700038936,0.4772420033987146,0.0835190003272146,21.611460000713123,0,4
236,0402014.png,0.8881930007191841,0.2944659972854424,15.577663001749897,0.36298000122769736,0.06171700078994036,17.238878001080593,0,8
237,0402017.png,0.9182360008708201,0.2300909982295707,14.544174999173265,0.36315400211606175,0.0654600007692352,16.162937001354294,0,3
238,0402018.png,0.9398609981872141,0.23510900064138696,14.01344699843321,0.4066059991600923,0.06543400013470091,15.70777199958684,0,1
239,0402019.png,0.9535569988656789,0.2285759983351454,14.690044001326896,0.40588299816590734,0.06937500074855052,16.388885997002944,0,1
240,0402022.png,1.1079959986091126,0.3393420010979753,13.703541000722907,0.3443929999775719,0.07697899854974821,15.63354600148159,0,3
241,0402023.png,1.0103349995915778,0.3336490008223336,15.067222000652691,0.45546899855253287,0.07565699706901796,17.00462900043931,0,1
242,0402028.png,1.010816002235515,0.3057750000152737,14.554257002600934,0.3652659979707096,0.06396300159394741,16.354919000150403,0,2
243,0402032.png,0.9311049980169628,0.2711870001803618,14.556581998476759,0.38283799949567765,0.06468499850598164,16.25068399880547,0,3
244,0403009.png,0.9382879979966674,0.24843700157362036,14.356004001456313,0.36630899921874516,0.06589600161532871,16.02563100095722,0,4
245,0403012.png,0.9051540000655223,0.2448230006848462,15.225916002236772,0.42564199975458905,0.06595000013476238,16.91734800260747,0,4
246,0403017.png,0.8122149993141647,0.2501400012988597,14.374332000443246,0.37471500036190264,0.05907900049351156,15.91293299861718,0,1
247,0403020.png,0.8403940009884536,0.23894699916127138,13.779421999061015,0.356396001734538,0.06158100222819485,15.31387800059747,0,2
248,0403023.png,0.8170389992301352,0.2410689994576387,13.719853999646148,0.34715600122581236,0.08010000237845816,15.25381700048456,0,1
249,0403030.png,0.7906680002633948,0.25320200074929744,13.817344999552006,0.3983789974881802,0.0630490030744113,15.364987000793917,0,1
250,0403032.png,0.8190240005205851,0.236521998886019,14.121674001216888,0.36753499807673506,0.06317299994407222,15.64932399924146,0,9
251,0403035.png,0.96525700064376,0.24770599702605978,14.62753699888708,0.4282789996068459,0.07007200110820122,16.38935599839897,0,2
252,0403036.png,0.9394180015078746,0.2815349980664905,14.297469999291934,0.38408800173783675,0.05911599873797968,16.006609999749344,0,2
253,0403037.png,1.0473969996382948,0.24950000079115853,14.015552998898784,0.3484250009933021,0.0586159985687118,15.765659998578485,0,1
254,0403045.png,0.9261929990316276,0.2381490012339782,14.049768000404583,0.35218300035921857,0.058363999414723366,15.671305001887958,0,6
255,0403046.png,0.8816119989205617,0.2313799996045418,14.152990999718895,0.3635020002548117,0.0633570016361773,15.741012000944465,0,1
256,0403051.png,0.8139899982779752,0.32286699934047647,13.993663000292145,0.35692800156539306,0.06038399806129746,15.594776003126753,0,5
257,0404005.png,1.304730998526793,0.2502900024410337,13.818623003317043,0.37437900027725846,0.062005998188396916,15.862091997405514,0,1
258,0404014.png,1.407136001944309,0.2588459974504076,13.820265001413645,0.30064199745538644,0.03068799924221821,15.86867899823119,0,0
259,0404018.png,1.3657290000992361,0.25812400053837337,14.387147999514127,0.3579050026019104,0.06251899685594253,16.482167000503978,0,1
260,0404025.png,1.3727990008192137,0.29992700001457706,14.459014997555641,0.36270399868953973,0.087317999714287,16.63298299899907,0,5
261,0404026.png,1.4820129981671926,0.2731550011958461,14.488657998299459,0.367496999388095,0.05948600301053375,16.724798999348423,0,2
262,0404029.png,1.4288870006566867,0.24560899692005478,15.87990700136288,0.35449499773676507,0.06038400169927627,18.020895000518067,0,2
263,0404032.png,1.4470900023297872,0.23351600248133764,15.046071002871031,0.46601099893450737,0.07830899994587526,17.320892999123316,0,3
264,0404034.png,1.4332799983094446,0.32339300014427863,17.811026998970192,0.3878700008499436,0.06853599916212261,20.081802002096083,0,1
265,0404043.png,1.3038880024396349,0.2911690025939606,14.555255002051126,0.38390999907278456,0.07193100100266747,16.67972400173312,0,2
266,0404044.png,0.9687999991001561,0.28041900077369064,14.148070000373991,0.37683700065826997,0.0670769986754749,15.894342002866324,0,2
267,0404049.png,0.8826830016914755,0.25956000172300264,13.88928400047007,0.35684500107890926,0.058464000176172704,15.501190999202663,0,2
268,06000003.png,0.9115220018429682,0.23635699835722335,14.32514599946444,0.3690049998112954,0.13253199722385034,16.023443000449333,0,1
269,06000014.png,0.9502030006842688,0.3404660019441508,14.136317997326842,0.38867699913680553,0.06716599818901159,15.950044999044621,0,5
270,06000019.png,0.978181000391487,0.27773699912359007,14.87478999843006,0.3728360024979338,0.06804499935242347,16.626935997919645,0,7
271,06000022.png,1.0155989984923508,0.2732209977693856,15.985983998689335,0.45408499863697216,0.0810390010883566,17.867961003503297,0,2
272,06000023.png,1.1672060027194675,0.2722610006458126,15.442128002177924,0.3732859986484982,0.06582000060006976,17.365947001962923,0,1
273,06000029.png,0.8608549978816882,0.251203997322591,15.505864001170266,0.30793800033279695,0.03705500057549216,17.01401499667554,0,0
274,06000044.png,1.5776939981151372,0.5092989995318931,19.119975000648992,0.39796499913791195,0.06272800237638876,21.75848100159783,0,10
275,06000053.png,1.07663800008595,0.2655139978742227,14.532581000821665,0.36194400308886543,0.06328599920379929,16.355067000404233,0,15
276,06000063.png,1.0463100006745663,0.28371399821480736,14.200059998984216,0.4059060011059046,0.0608000009378884,16.041177997976774,0,2
277,06000077.png,0.9275960001104977,0.23258899818756618,21.256244002870517,0.6136759984656237,0.08458199954475276,23.162150999269215,0,2
278,06000093.png,1.6489039990119636,0.3676550004456658,18.80354599779821,0.5198709986871108,0.08721099948161282,21.495829001651146,0,4
279,06000094.png,0.9774450008990243,0.29262300085974857,19.37713799998164,0.4714189999504015,0.07655299850739539,21.250281999527942,0,2
280,06010001.png,0.8824100004858337,0.27069399948231876,18.200471000454854,0.4298999992897734,0.07249000191222876,19.907974998204736,0,3
281,06010015.png,0.8362080006918404,0.2711529996304307,14.353260998177575,0.35192900031688623,0.06319399835774675,15.922095000860281,0,4
282,06010017.png,0.9525820023554843,0.32865699904505163,14.052626000193413,0.3629669990914408,0.06450200089602731,15.81848999921931,0,2
283,06010018.png,0.9665600009611808,0.2803569987008814,14.29927700155531,0.4181459989922587,0.08515199806424789,16.09928499965463,0,19
284,06010022.png,1.1292740018689074,0.37491200055228546,15.671322998969117,0.3844320017378777,0.0711130014678929,17.701609001960605,0,1
285,06010026.png,0.9235479992639739,0.2504330004740041,14.424540000618435,0.38402499922085553,0.07039199772407301,16.10330299808993,0,4
286,06010028.png,0.9689440012152772,0.28457499865908176,14.561063002474839,0.4071439980180003,0.07068400009302422,16.350018999219174,0,2
287,06010030.png,0.8918359999370296,0.24808699890854768,14.45769299971289,0.381295001716353,0.06386699897120707,16.09832599933725,0,2
288,06010032.png,1.044073000230128,0.29280899980221875,14.678916999400826,0.3631170002336148,0.06834799933130853,16.496484000526834,0,6
289,06010035.png,0.9396179993927944,0.2629980008350685,14.23888600038481,0.3542609993019141,0.060529997426783666,15.99138800156652,0,4
290,06010039.png,0.9599549994163681,0.3650700018624775,19.180223000148544,0.3919869996025227,0.062076000176602975,21.04125499681686,0,6
291,0800006.png,0.8732700007385574,0.23260099987965077,13.968123999802629,0.36768299833056517,0.06036600098013878,15.549455001746537,0,4
292,0800007.png,0.865892998263007,0.25986800028476864,14.340164001623634,0.38691099689458497,0.06174200098030269,15.953743997670244,0,6
293,0800008.png,0.9478579995629843,0.22568399799638428,14.204168997821398,0.35466500048642047,0.05981700087431818,15.832357003091602,0,3
294,0800011.png,0.9283469989895821,0.23297900042962283,14.098641000600765,0.3532939990691375,0.06443399979616515,15.727442001661984,0,3
295,0800012.png,1.0073980010929517,0.23128099928726442,14.950423999835039,0.3425390023039654,0.06476300040958449,16.642705999402096,0,3
296,0800018.png,0.9356880000268575,0.25634700068621896,14.338226003019372,0.3684189978230279,0.06126700100139715,16.002240998204798,0,7
297,0800019.png,0.9324950005975552,0.26057300055981614,14.476611002464779,0.3579459989850875,0.06673700045212172,16.143900000315625,0,7
298,0800026.png,0.9655180001573171,0.37788000190630555,14.079870001296513,0.35354000283405185,0.06371299969032407,15.899060999799985,0,8
299,0800029.png,1.2253220011189114,0.38693899841746315,14.687994997075293,0.3271389978181105,0.03973099956056103,16.741111998271663,0,0
300,0800034.png,0.8974410011433065,0.3065450000576675,14.39828499860596,0.41409500045119785,0.072334998549195,16.134999998030253,0,4
301,0800037.png,0.9327920015493874,0.30683200020575896,15.393957000924274,0.42026699884445406,0.07774899859214202,17.1775169983448,0,1
302,0800041.png,1.003269000648288,0.41304300248157233,15.302061001420952,0.3689129989652429,0.0711840002622921,17.2148819983704,0,1
303,1000006.png,0.9160379995591938,0.3014979993167799,14.867999001580756,0.36145999911241233,0.07046400060062297,16.57036999677075,0,1
304,1000012.png,0.8819210015644785,0.25618699874030426,14.907095002854476,0.3887940001732204,0.06678700083284639,16.549034000490792,0,5
305,1000019.png,1.413589998264797,0.29327499942155555,15.250849999574712,0.3639720016508363,0.06741600009263493,17.456139001296833,0,3
306,1000025.png,0.8851209968270268,0.2725310005189385,14.555880999978399,0.37105999945197254,0.06968199886614457,16.20730300055584,0,4
307,1000044.png,0.9477810017415322,0.26344599973526783,14.338861998112407,0.35753400152316317,0.06431600195355713,16.023410000343574,0,2
308,1000055.png,0.8980329985206481,0.2658989978954196,20.039295999595197,0.4018580002593808,0.07429999823216349,21.729364998464007,0,3
309,1119001.png,1.1575949974940158,0.4382480001368094,16.10941899707541,0.5350520004867576,0.11226000060560182,18.43353300137096,0,1
310,1119004.png,1.061076000041794,0.31453699921257794,18.446427002345445,0.3635519969975576,0.06756400034646504,20.320635001553455,0,2
311,1119014.png,0.8770430031290743,0.24278400087496266,14.821407999988878,0.3641889998107217,0.06679099897155538,16.42303699918557,0,2
312,1119017.png,0.9107590012717992,0.252001998887863,14.28036299694213,0.3692219979711808,0.06667300112894736,15.932518999761669,0,1
313,1119018.png,0.8605869988969062,0.24116699933074415,14.071967998461332,0.37431999953696504,0.06197800030349754,15.651981997507391,0,2
314,1119024.png,0.9189820011670236,0.23731399778625928,14.941106001060689,0.35685499824467115,0.06566199954249896,16.572915999859106,0,1
315,1119026.png,0.9161150010186248,0.2370609981880989,15.281632000551326,0.3603270015446469,0.06681599916191772,16.91206599934958,0,1
316,1119031.png,0.9779350002645515,0.23958199744811282,14.31765999950585,0.36267599716666155,0.0624999993306119,16.009682000003522,0,6
317,1119032.png,0.9037470008479431,0.23084399799699895,15.037928998935968,0.3962139999202918,0.06331600161502138,16.68064399927971,0,2
318,1119043.png,0.885410001501441,0.23274399791262113,15.04605599984643,0.3580619995773304,0.09556800068821758,16.65856199906557,0,2
319,1119045.png,0.8839929978421424,0.389461998565821,15.03051499821595,0.4368370027805213,0.07056700269458815,16.87610899898573,0,2
320,1120011.png,0.9602409991202876,0.277584000286879,15.009763999842107,0.4226199998811353,0.08076299855019897,16.807251999125583,0,1
321,1120018.png,1.083504997950513,0.34168900310760364,14.633973001764389,0.3608369988796767,0.0618860030954238,16.544426001928514,0,6
322,1120022.png,0.9878780001599807,0.25437099975533783,13.747787001193501,0.33969400101341307,0.0653060014883522,15.445073000591947,0,4
323,1120037.png,0.9228119997715112,0.2420130003883969,14.076807001401903,0.39519900019513443,0.0948449996940326,15.777396998601034,0,3
324,1120039.png,0.9658390008553397,0.26084300043294206,15.048343000671593,0.37976200110279024,0.08226199861383066,16.80429299813113,0,9
325,1120041.png,0.9570030015311204,0.2517890025046654,14.311260001704795,0.35975200080429204,0.06012499943608418,15.99162700222223,0,1
326,1120058.png,0.9028450003825128,0.2376120028202422,14.283644002716755,0.3613010012486484,0.062003997300053015,15.896201999566983,0,9
327,1120060.png,0.907449000806082,0.23520999820902944,14.105467998888344,0.36283200097386725,0.06774800203857012,15.728554000816075,0,7
328,1121006.png,1.0747340020316187,0.32726800054661,14.908842000295408,0.3656490007415414,0.06407200271496549,16.795163002825575,0,7
329,1121013.png,1.017643000523094,0.25426200227229856,14.178616998833604,0.3508539994072635,0.05951399725745432,15.912143000605283,0,2
330,1128020.png,0.8813669992377982,0.2369700014241971,14.132598000287544,0.34869600131059997,0.0587050017202273,15.708490001998143,0,2
331,1128029.png,0.8905050017347094,0.2367569977650419,14.831921998847974,0.3689939985633828,0.06393800140358508,16.44115399903967,0,2
332,1128049.png,0.9334690003015567,0.2591939992271364,14.02157800112036,0.3718429979926441,0.08438700024271384,15.722273998107994,0,2
333,1128051.png,0.8808710008452181,0.2810400001180824,13.73716600210173,0.3448009993007872,0.05902799966861494,15.345142997830408,0,5
334,1128054.png,0.9387739992234856,0.25161600206047297,24.675936001585796,0.7162949987105094,0.10736699914559722,26.73758599848952,0,8
335,1130007.png,0.9659419993113261,0.339964000886539,29.406728001049487,0.6679119978798553,0.1089590004994534,31.54372100107139,0,1
336,1130014.png,0.8855109990690835,0.32318700323230587,26.168552998569794,0.36774500040337443,0.06275799751165323,27.85591499923612,0,7
337,1130021.png,0.8979830017779022,0.29103000269969925,15.688368999690283,0.745932000427274,0.12444599997252226,17.81350199962617,0,8
338,1130023.png,0.9746180003276095,0.3873130008287262,28.916944000229705,0.5521659986698069,0.08155899922712706,30.96393300074851,0,21
339,1130024.png,0.9906900013447739,0.30784299815422855,18.190815000707516,0.3689240002131555,0.06798500180593692,20.04751799904625,0,9
340,1130026.png,0.9279149999201763,0.2544670023780782,15.31071499994141,0.3815500022028573,0.06986199878156185,16.995653000776656,0,10
341,1130048.png,0.9024909995787311,0.2586450027592946,17.001460000756197,0.7432870006596204,0.10872399798245169,19.058923000557115,0,4
342,1130053.png,1.005829999485286,0.3238680001231842,29.595485000754707,0.7102980016497895,0.12698299906332977,31.81371400205535,0,4
343,1130054.png,0.9889979992294684,0.3272809990448877,29.557947000284912,0.6595100021513645,0.1088659992092289,31.686050999269355,0,1
344,1180002.png,0.9585680018062703,0.3169289993820712,18.83752300273045,0.39720499989925884,0.08407699715462513,20.644366002670722,0,8
345,1180022.png,0.8507290003763046,0.24105199918267317,15.870732000621501,0.37920099930488504,0.06969599780859426,17.461202998674707,0,7
346,1180027.png,0.8768070001679007,0.2395369992882479,14.478917997621465,0.3734380006790161,0.07461999848601408,16.09099300185335,0,2
347,1180033.png,0.9882710000965744,0.3387339966138825,14.308267996966606,0.40344400258618407,0.06900099833728746,16.158147001988254,0,2
348,1180035.png,0.9341199984191917,0.27254200176685117,14.549185001669684,0.3702690009959042,0.06740900062141009,16.244096001173602,0,6
349,1180042.png,0.9073379987967201,0.2415000017208513,17.156453999632504,0.4887769973720424,0.08627499846625142,18.939186000352493,0,2
350,1180045.png,0.881067000591429,0.29630700009875,15.463102001376683,0.3769329996430315,0.0634969983366318,17.132460001448635,0,3
351,1180047.png,1.0162600010517053,0.2900119980040472,13.969160998385632,0.3566939994925633,0.05929200051468797,15.743058000225574,0,2
352,1243003.png,0.9517030011920724,0.2352599985897541,13.978791997942608,0.35873100205208175,0.06587399911950342,15.633187998901121,0,2
353,1243006.png,0.9360199983348139,0.23247299759532325,14.046156000404153,0.35009400016861036,0.05981200229143724,15.672096000344027,0,5
354,1243014.png,1.0099259998241905,0.24436599778709933,14.782840997213498,0.37208300273050554,0.06536000000778586,16.51811499687028,0,4
355,1246017.png,0.9721630012791138,0.2407079991826322,26.257591001922265,0.3835080024146009,0.07051099964883178,27.977410001767566,0,1
356,1246024.png,0.9229799979948439,0.24892500005080365,14.33724200251163,0.37020899981143884,0.06441399818868376,16.001945001335116,0,1
357,1246048.png,0.9103550000872929,0.2519810004741885,14.797029998590006,0.3697850006574299,0.06455900074797682,16.444345001218608,0,2
358,1249001.png,0.943675000598887,0.2407730025879573,14.181427999574225,0.286548998701619,0.033085998438764364,15.737596000690246,0,0
359,1249008.png,0.9534969976812135,0.27458199838292785,14.91553700179793,0.4057650003232993,0.07437099702656269,16.677006002282724,0,3
360,1249017.png,0.9556029981467873,0.2370490001339931,14.253904999350198,0.3743329980352428,0.06231299994396977,15.936406001856085,0,4
361,1249027.png,0.9618619988032151,0.2713409994612448,14.094075999310007,0.35730300078284927,0.06827499964856543,15.801482997630956,0,3
362,1249037.png,0.9358769966638647,0.2392799979133997,14.747502998943673,0.37433199759107083,0.06334200224955566,16.408392002631444,0,2
363,1249039.png,1.1530360025062691,0.36028500107931904,18.8041900000826,0.3930240018235054,0.07229200127767399,20.84777500203927,0,4
364,1249041.png,0.9715300002426375,0.2909499999077525,14.45524500013562,0.3715839993674308,0.06043699977453798,16.219452998484485,0,2
365,1249044.png,0.9348019993922208,0.23466599668608978,14.358160999108804,0.3813799994532019,0.06372799907694571,16.020284001569962,0,1
366,1249047.png,0.9000709978863597,0.24173600104404613,13.84456699815928,0.36414900023373775,0.059314999816706404,15.449532002094202,0,2
367,1249049.png,0.9742490001372062,0.24252599905594252,14.577314999769442,0.3687050011649262,0.0652880007692147,16.27921100225649,0,5
368,1249057.png,0.9470980003243312,0.24103100076899864,14.796356001170352,0.3678029970615171,0.0660660007270053,16.46636000077706,0,3
369,1249058.png,0.9657869995862711,0.2706710001803003,14.423300002817996,0.35565700090955943,0.060579997807508335,16.125664002174744,0,2
370,1252020.png,0.9371630003442988,0.23579800108564086,14.28335399759817,0.3978649983764626,0.06376099918270484,15.969634001521626,0,1
371,1252023.png,1.0306610020052176,0.2798429995891638,14.696562000608537,0.3073350017075427,0.031085997761692852,16.393524001614423,0,0
372,1252036.png,0.8945260015025269,0.2446649996272754,14.308620000520023,0.36448500031838194,0.06077999933040701,15.923260001727613,0,1
373,1254012.png,0.9774320024007466,0.23210800281958655,14.370925000548596,0.3868229978252202,0.0649899993732106,16.07329200123786,0,2
374,1254021.png,0.864936999278143,0.23570400298922323,13.942800000222633,0.35598199974629097,0.06467300045187585,15.506851999816718,0,3
375,1255001.png,0.9888090025924612,0.2691490008146502,14.266882000811165,0.3600349991756957,0.0638310011709109,16.00005799991777,0,2
376,1255003.png,0.9298180011683144,0.2305430025444366,14.974723002524115,0.3595099988160655,0.06430499706766568,16.60946199990576,0,3
377,1255009.png,0.9208429983118549,0.2557739971962292,16.271513999527087,0.2895170000556391,0.029293001716723666,17.818166998040397,0,0
378,1255010.png,0.9343769997940399,0.2506730015738867,14.991166000982048,0.3537319971655961,0.061451999499695376,16.643077000480844,0,1
379,1256006.png,1.813265000237152,0.35211000067647547,14.904233001288958,0.4062129992234986,0.07170200115069747,17.617624998820247,0,5
380,1256033.png,0.9861550024652388,0.2715720002015587,14.382766999915475,0.3639269998529926,0.0700250020599924,16.127004000736633,0,2
381,1256036.png,1.3664179969055112,0.28201600071042776,14.32398199904128,0.3928869991796091,0.06472499808296561,16.48344199929852,0,2
382,1256045.png,1.0135970005649142,0.2621349995024502,15.06470700041973,0.4248569966875948,0.07458499749191105,16.883520998817403,0,4
383,1257015.png,1.05627399898367,0.47757799984537996,15.314003001549281,0.3749370007426478,0.06811499770265073,17.351652000797912,0,3
384,1257022.png,1.0428410023450851,0.3229309986636508,14.989078998041805,0.3758349994313903,0.06761300028301775,16.855600999406306,0,3
385,1257028.png,0.8889620003174059,0.24787300208117813,15.541606000624597,0.43201199878240004,0.08323600195581093,17.24753199960105,0,1
386,1257033.png,1.099815999623388,0.357162000000244,14.795379000133835,0.39260400080820546,0.06646999827353284,16.78709699990577,0,5
387,1257036.png,0.8847560020512901,0.23996799791348167,14.391541000804864,0.39530499998363666,0.06617100007133558,16.02405300218379,0,2
388,1262006.png,0.8607769996160641,0.2442049990349915,28.889532997709466,0.6802370007790159,0.10764900071080774,30.826297999738017,0,3
389,1262023.png,1.0032550017058384,0.3904789991793223,29.975325996929314,0.6810410013713408,0.1089469988073688,32.205401999817695,0,2
390,1262029.png,0.8845550000842195,0.3608780025388114,30.076688999542966,0.6907819988555275,0.10601699977996759,32.18339800150716,0,1
391,1265019.png,1.096812997275265,0.4421139965415932,28.412031999323517,0.37261200122884475,0.06984999708947726,30.45078400100465,0,4
392,1265032.png,1.3970119980513118,0.4489330021897331,15.244706999510527,0.595057997998083,0.06823899821029045,17.826773000706453,0,2
393,1265047.png,0.9770899996510707,0.2462029988237191,14.566830999683589,0.3616499998315703,0.06138800017652102,16.26413000121829,0,7
394,1265049.png,0.9405130003869999,0.23986800079001114,19.132953999360325,0.44943700049770996,0.07825899956515059,20.888876999379136,0,3
395,1265063.png,0.9225390022038482,0.3191340001649223,16.55977699920186,0.36591199750546366,0.06881399895064533,18.290492000232916,0,2
396,1265073.png,0.9447949996683747,0.2464179997332394,14.700846000778256,0.3607560029195156,0.06230100188986398,16.363860999263125,0,1
397,1265075.png,0.9784909998415969,0.2522850008972455,14.220260000001872,0.36406200160854496,0.06275200212257914,15.935244999127463,0,1
398,1265085.png,0.9436899999855086,0.27688599948305637,13.750803002039902,0.34113600122509524,0.06039300205884501,15.423685999849113,0,1
399,1265086.png,0.9267979985452257,0.22647500009043142,14.040885002032155,0.37271700057317503,0.06308199954219162,15.67610100028105,0,4
400,1265094.png,0.8700470025360119,0.40917599835665897,19.310869996843394,0.46124100117594935,0.07934200039017014,21.17543799977284,0,11
401,1265096.png,0.9183010006381664,0.29527300284826197,22.1928549981385,0.532903999555856,0.07974999971338548,24.063572000159184,0,3
402,1265097.png,0.917935001780279,0.30744600007892586,19.276023002021248,0.38562600093428046,0.0698710027791094,21.007657000154722,0,3
403,1265099.png,0.9477909989072941,0.2927880013885442,14.95347400123137,0.3657569977804087,0.0667589993099682,16.67550999991363,0,1
404,1265104.png,0.8398629979637917,0.281356002233224,14.515343998937169,0.36875600198982283,0.06278599903453141,16.110364002088318,0,1
405,1265109.png,0.9228380004060455,0.2407930005574599,14.763254999706987,0.3735749996849336,0.06864800161565654,16.414764999353793,0,2
406,1266007.png,0.9037559975695331,0.23847799820941873,14.356486000906443,0.38497599962283857,0.09032299931277521,16.025523000280373,0,4
407,1266016.png,1.0275679996993858,0.2561879991844762,14.255180998588912,0.39742200169712305,0.07407099838019349,16.05200199992396,0,2
408,1266024.png,1.1645830018096603,0.2921640007116366,14.932690999557963,0.38524699994013645,0.07227899914141744,16.893942000024254,0,1
409,1266032.png,0.8859770023263991,0.2499170004739426,13.76751600037096,0.3909269980795216,0.07082700176397339,15.410903997690184,0,4
410,1266033.png,1.0256030000164174,0.2822599999490194,13.868026002455736,0.3546840016497299,0.06522299736388959,15.646513002138818,0,7
411,1266044.png,1.0345659975428134,0.24324799960595556,14.16180600062944,0.38136699731694534,0.07689400081289932,15.947955998854013,0,9
412,1266049.png,1.0666689995559864,0.3068870028073434,15.568408998660743,0.40011499731917866,0.07469500269507989,17.47314699969138,0,4
413,1266056.png,1.3534630015783478,0.2677929987839889,14.843970002402784,0.3736910002771765,0.07078099952195771,16.965350998361828,0,1
414,1266060.png,0.984475998848211,0.2452119988447521,14.909279998391867,0.38469999708468094,0.15536799764959142,16.73105300142197,0,2
415,1267001.png,1.3212899975769687,0.6274189981922973,17.556470000272384,0.4604499990819022,0.0864590001583565,20.149252999544842,0,6
416,1267006.png,0.8445089988526888,0.28159599969512783,14.712772001075791,0.36894699951517396,0.05879799937247299,16.326183002092876,0,9
417,1267009.png,1.1761399982788134,0.26470499869901687,14.46675799888908,0.35401999775785953,0.06570600089617074,16.380279001168674,0,3
418,1267017.png,0.9011740003188606,0.24905499958549626,14.453204999881564,0.36004999856231734,0.06423499871743843,16.089716002170462,0,2
419,1267037.png,0.8557550027035177,0.25910399926942773,14.166453998768702,0.3622170006565284,0.06514100095955655,15.761088998260675,0,4
420,1267063.png,1.1224779991607647,0.24985699928947724,14.3032560008578,0.38175000008777715,0.08111500210361555,16.191229999094503,0,3
421,1267072.png,1.1664529993140604,0.3251369998906739,14.15305499904207,0.3671339982247446,0.06674699761788361,16.13831499707885,0,8
422,1267090.png,0.8648819966765586,0.23780599804013036,14.444495001953328,0.3714539998327382,0.06536300134030171,16.031011997256428,0,2
423,1267112.png,0.989354000921594,0.2637190009409096,14.037208002264379,0.3571249981177971,0.06183900040923618,15.74889599942253,0,6
424,1267114.png,1.1259259990765713,0.24592200134065934,14.225225000700448,0.35661400033859536,0.06387300163623877,16.069697001512395,0,8
425,1267120.png,1.0395220015197992,0.2529459998186212,14.077665000513662,0.3614800007198937,0.06519500311696902,15.846613998292014,0,7
426,1267122.png,1.0657209968485404,0.24569100060034543,14.776421001442941,0.3552000016497914,0.0759270005801227,16.571603999182116,0,1
427,1270003.png,0.7963170028233435,0.24179300089599565,14.516346000164049,0.37316099769668654,0.06449400098063052,16.03270700070425,0,2
428,1270005.png,1.020892999804346,0.23313400015467778,14.360395998664899,0.38616300298599526,0.06522900002892129,16.106086000945652,0,5
429,1270014.png,0.8274649990198668,0.2512099999876227,14.189525001711445,0.39037700116750784,0.062221002735896036,15.762358001666144,0,3
430,1270017.png,0.8043829984671902,0.22469200121122412,18.229631998110563,0.46151899732649326,0.08024500129977241,19.840879998810124,0,1
431,1270019.png,0.8609479991719127,0.30942699959268793,17.676447998383082,0.38800499896751717,0.06340599793475121,19.349950998730492,0,2
432,1270034.png,0.8346060021722224,0.23499599774368107,15.135696001379983,0.36640600228565745,0.0650649999442976,16.684058002283564,0,3
433,1270043.png,0.8155329996952787,0.270796001132112,14.402083997993032,0.35531299727153964,0.06688099892926402,15.949512002407573,0,6
434,1270056.png,0.8425490013905801,0.2502719980839174,14.29730100062443,0.36260299748391844,0.06855900210211985,15.87237700005062,0,2
435,1270059.png,0.8260979993792716,0.23680000231252052,14.070392000576248,0.3512820003379602,0.06371199924615212,15.59766600257717,0,7
436,1270062.png,0.8167129999492317,0.23991100169951096,14.11721299882629,0.4039230007037986,0.07998000000952743,15.711121002823347,0,8
437,1270063.png,0.8002340000530239,0.23618600243935362,14.094261998252477,0.4051989999425132,0.07249599730130285,15.651712001272244,0,3
438,1270072.png,0.8559649977541994,0.25211799948010594,14.075179999053944,0.35409500196692534,0.06474100155173801,15.651770998374559,0,4
439,1270083.png,0.8687860026839189,0.2372030030528549,14.358573000208708,0.36351499875308946,0.06546700024046004,15.943205999064958,0,6
440,1270090.png,0.831610999739496,0.2675059986358974,13.751183003478218,0.36909300251863897,0.06150999979581684,15.323605999583378,0,8
441,1270100.png,0.7933550004963763,0.23624999812454917,16.390914999647066,0.5037289993197192,0.08490000254823826,18.053029001748655,0,2
442,1274019.png,0.9729810008138884,0.2742289980233181,15.58872399982647,0.35592499989434145,0.06626199683523737,17.30828400104656,0,3
443,1274026.png,0.9131260012509301,0.23631200019735843,14.240372001950163,0.37772999712615274,0.0688559994159732,15.878178001003107,0,2
444,1274034.png,0.8752139983698726,0.23570199846290052,13.849704002495855,0.3904830009560101,0.06124799983808771,15.451475002919324,0,5
445,1274043.png,1.0226869999314658,0.26969300233758986,19.65193000069121,0.738687002012739,0.12887100092484616,21.86426100161043,0,1
446,1274044.png,0.97761000142782,0.3198570011591073,29.46360699934303,0.7104100004653446,0.10389899762230925,31.619053999747848,0,3
447,1276002.png,1.0614359998726286,0.32034799733082764,29.600546997244237,0.6929240007593762,0.12032399899908341,31.857402998866746,0,2
448,1276004.png,0.8774210000410676,0.36069000270799734,21.83230800073943,0.3913569998985622,0.07687699689995497,23.591990997374523,0,2
449,1276007.png,0.779601999965962,0.2438100018480327,15.463472998817451,0.35905699769500643,0.06404899977496825,16.959062002570136,0,2
450,1276009.png,1.125590999436099,0.49138000031234697,14.762676000827923,0.34875200071837753,0.06398999903467484,16.87437299915473,0,2
451,1276015.png,0.9967750011128373,0.41438499829382636,15.333167000790127,0.4197369999019429,0.07414199717459269,17.31166800163919,0,5
452,1276020.png,0.9009820023493376,0.3281360004621092,15.011489998869365,0.3890529987984337,0.07380199895123951,16.750083999795606,0,2
453,1276025.png,0.8578550005040597,0.2856579994841013,15.018026999314316,0.40189200080931187,0.06936399950063787,16.686159000528278,0,4
454,1276027.png,0.8397759993385989,0.2585099973657634,14.38193899957696,0.4080219987372402,0.06853499871795066,15.998651000700193,0,3
455,1276029.png,0.8449880006082822,0.29021799855399877,14.821429998846725,0.37258399970596656,0.0635149990557693,16.44005100024515,0,2
456,1276036.png,0.8595699982834049,0.28023300183122046,15.90519900128129,0.37311900086933747,0.06313899939414114,17.52418500109343,0,1
457,1276042.png,0.7722859991190489,0.23733700072625652,14.422229000047082,0.3941789982491173,0.06758900053682737,15.942674999678275,0,1
458,1281002.png,0.7523130007029977,0.24223299988079816,14.89309300086461,0.3564809994713869,0.06218000271474011,16.343803999916418,0,16
459,1281012.png,0.9433960003661923,0.2418529984424822,15.46015599888051,0.37884699850110337,0.0720430034562014,17.143794997537043,0,2
460,1281015.png,0.839008000184549,0.2562849986134097,16.825856000650674,0.3789139991567936,0.06541100083268248,18.40865499980282,0,1
461,1281016.png,0.8538869988115039,0.26866999905905686,15.214240000204882,0.38645300082862377,0.06711099922540598,16.84217200090643,0,3
462,1281020.png,0.7827420013200026,0.38209199919947423,14.953988000343088,0.3658050009107683,0.06739200034644455,16.59761900009471,0,2
463,1281023.png,1.0738669989223126,0.5320419986674096,15.699310002673883,0.39805199776310474,0.09002400111057796,17.87356800195994,0,2
464,1281028.png,0.8401519990002271,0.2958250006486196,15.297023001039634,0.40500199975213036,0.07765900227241218,16.960942000878276,0,7
465,1281029.png,0.8759509983065072,0.30522100132657215,16.3392920003389,0.4081470033270307,0.07456899766111746,18.054287000268232,0,1
466,1281032.png,0.8779970012255944,0.31156099794316106,14.940632001525955,0.3658679997897707,0.06960799873922952,16.62457199927303,0,3
467,1281038.png,0.868144998094067,0.2483200005372055,15.26344600279117,0.37095299921929836,0.0679240001772996,16.869732000486692,0,8
468,1281041.png,0.8244199998443946,0.29248499777168036,16.746990997489775,0.3701250025187619,0.06606099850614555,18.35103600024013,0,1
469,1281051.png,0.9659630013629794,0.26990599872078747,15.862697997363284,0.38803500137873925,0.07478399857063778,17.618977999518393,0,2
470,1283007.png,0.937277996854391,0.2636479985085316,14.726723999046953,0.3684350012918003,0.06918600047356449,16.418745999544626,0,2
471,1283008.png,1.025541001581587,0.393648002500413,14.650729001004947,0.37749699913547374,0.06901300002937205,16.578197999479016,0,3
472,1283020.png,0.96766599745024,0.33664199872873724,13.984987999720033,0.9686940029496327,0.18561700198915787,16.50243699987186,0,1
473,1283028.png,1.116984996770043,0.5523039981198963,23.822480001399526,0.4551269994408358,0.07582599937450141,26.09368399862433,0,2
474,1283029.png,0.8565419993828982,0.24673499865457416,15.31691800119006,0.36958099735784344,0.06550699981744401,16.8984529991576,0,1
475,1283035.png,0.9522180007479619,0.24241899882326834,14.224470000044676,0.34800300272763707,0.06295600178418681,15.879885002505034,0,1
476,1283042.png,0.9214960009558126,0.2516250024200417,13.796366001770366,0.37104999864823185,0.062046001403359696,15.46188900101697,0,1
477,1283045.png,0.9202020009979606,0.3584730002330616,14.631522000854602,0.3726940012711566,0.06702800237690099,16.409875999670476,0,4
478,1283046.png,1.0461479978403077,0.388542001019232,14.539451996824937,0.3507029978209175,0.06454500180552714,16.455396998935612,0,2
479,1283051.png,1.2554829991131555,0.3885139994963538,14.466450000327313,0.38632300129393116,0.07132199971238151,16.645693001919426,0,2
480,1283052.png,0.9473209975112695,0.30105299811111763,14.604544998292113,0.37746099769719876,0.06848799966974184,16.36040900120861,0,4
481,1290007.png,0.9756769977684598,0.25026200091815554,14.635077001003083,0.3668989993457217,0.06851099897176027,16.350164001778467,0,2
482,1290009.png,0.9553729978506453,0.2411579989711754,14.496828000119422,0.4285510003683157,0.07346599886659533,16.244149999693036,0,2
483,1292003.png,0.9358710012747906,0.3221639999537729,16.18441999744391,0.36785699921892956,0.07493399971281178,17.936319000000367,0,2
484,1292004.png,0.9367240018036682,0.2819199980876874,14.488322998658987,0.3882040000462439,0.06649499846389517,16.213734001212288,0,3
485,1292011.png,1.1335810013406444,0.3624160017352551,14.770362999115605,0.36088699926040135,0.08296899977722205,16.77527799984091,0,3
486,1292019.png,0.9063300021807663,0.24864700026228093,23.74584100107313,0.43844299943884835,0.06907100032549351,25.45051500055706,0,10
487,1294008.png,1.0109199974976946,0.294553999992786,15.420976000314113,0.5606320009974297,0.08249800157500431,17.438140999729512,0,2
488,1294013.png,1.104126000427641,0.3014290014107246,20.904503999190638,0.44795799840358086,0.07739799912087619,22.88846699957503,0,3
489,1294017.png,0.9727559991006274,0.2594420002424158,19.308093000290683,0.3707129981194157,0.06678900172119029,21.030979998613475,0,2
490,1294019.png,0.9706080018077046,0.25715700030559674,14.615456999308662,0.38655000025755726,0.06726499850628898,16.34729299985338,0,1
491,1295010.png,0.9025899998960085,0.266111997916596,14.97340800051461,0.3748880008060951,0.06803099677199498,16.62989599935827,0,2
492,1295011.png,0.8952440002758522,0.24444500013487414,13.80886799961445,0.36451599953579716,0.0658329990983475,15.42721100122435,0,5
493,1296006.png,0.810449000709923,0.2500490008969791,13.906596999731846,0.3669739999168087,0.0638960009382572,15.441071998793632,0,5
494,1296008.png,0.9101199975702912,0.2640750026330352,13.792022000416182,0.35316700086696073,0.06454799950006418,15.423783999722218,0,5
495,1296009.png,1.3338810022105463,0.2603959983389359,14.23385300222435,0.37900499955867417,0.06450200089602731,16.31998300217674,0,3
496,1296015.png,1.2431319992174394,0.2989509994222317,14.454494001256535,0.35870899955625646,0.06410099740605801,16.470736998599023,0,1
497,1296025.png,0.7820920000085607,0.26012500165961683,14.852447999146534,0.37067299854243174,0.07043399818940088,16.374816001189174,0,6
498,1296027.png,0.8124499981931876,0.2451230029691942,14.362459998665145,0.47268900016206317,0.09166699965135194,16.03217299998505,0,2
499,1296029.png,0.8097600002656691,0.2580860018497333,21.02004300104454,0.6762609991710633,0.10446899977978319,22.911628999281675,0,3
500,1296030.png,1.1563900006876793,0.31639900043956004,29.3185269983951,0.6644500026595779,0.10996799755957909,31.61384499981068,0,7
501,1297013.png,1.2982219996047206,0.2573140009189956,14.628753000579309,0.35997099985252135,0.06720700184814632,16.661661000398453,0,4
502,1297032.png,1.0886259988183156,0.36775500120711513,14.104272999247769,0.3439249994698912,0.0647550004941877,16.028615002142033,0,3
503,1298006.png,1.1378239978512283,0.36532400190480985,14.502998001262313,0.5693419989256654,0.08961099956650287,16.729391001717886,0,3
504,1298007.png,1.2239220013725571,0.37716099905082956,15.082303001690889,0.41669299753266387,0.06856499749119394,17.249006999918493,0,7
505,1298016.png,0.902001000213204,0.252767997153569,14.789615997869987,0.38766600118833594,0.06913900142535567,16.43772299939883,0,2
506,1298029.png,0.9281679995183367,0.4003530011686962,14.499911001621513,0.41488300121272914,0.08326500028488226,16.379895998397842,0,2
507,1298031.png,0.9524960005364846,0.31031500111566857,15.197256998362718,0.36969899883843027,0.06658799975411966,16.956768002273748,0,6
508,1298035.png,0.8673730008013081,0.2253259990538936,15.939354998408817,0.4857500025536865,0.08225399869843386,17.643780000071274,0,2
509,1298050.png,0.8960189989011269,0.2403819999017287,26.865982999879634,0.7131630009098444,0.10052400102722459,28.859767997346353,0,2
510,1301002.png,0.862115000927588,0.33007399906637147,18.1539730001532,0.35245199978817254,0.06335400030366145,19.804030998784583,0,4
511,1301014.png,1.0144540028704796,0.2596829981484916,14.188195000315318,0.35942999966209754,0.06471599772339687,15.941074001602829,0,1
512,1301016.png,0.8528359976480715,0.2485149998392444,13.907068001572043,0.36561199885909446,0.06602699795621447,15.489180001168279,0,1
513,1302008.png,0.8020990026125219,0.25589900178601965,14.26101499964716,0.2631720017234329,0.02865799979190342,15.652645997761283,0,0
514,1302020.png,0.8346319991687778,0.2584149988251738,13.993808999657631,0.3496350000204984,0.0631969996902626,15.551357002550503,0,4
515,1302033.png,0.8127850014716387,0.24970099912025034,14.371592998941196,0.37128899930394255,0.06517699875985272,15.911787002551137,0,1
516,1302038.png,0.8577500011597294,0.23737200172035955,14.378653999301605,0.39840899989940226,0.06507400030386634,15.979634998075198,0,2
517,1303009.png,0.8873650003806688,0.2391400012129452,14.58056800038321,0.36475700107985176,0.06534100248245522,16.178703001060057,0,5
518,1303010.png,0.9334710011899006,0.24508199931005947,14.711122999869986,0.3529499990690965,0.0778720022935886,16.37148900044849,0,1
519,1303012.png,0.9611179993953556,0.2459070019540377,14.156029999867314,0.3549329994712025,0.06388499969034456,15.832682001928333,0,4
520,1303013.png,0.9768919990165159,0.48906400115811266,14.583537002181401,0.3498700025375001,0.06305599890765734,16.569661998801166,0,7
521,1303019.png,1.1964580007770564,0.4186330006632488,29.879470999730984,0.8188390020222869,0.1235999989148695,32.50595899953623,0,4
522,1303021.png,1.1123479998786934,0.4314500001783017,30.319126999529544,0.7026700004644226,0.11573799929465167,32.73552900282084,0,3
523,1303023.png,1.0426820008433424,0.400095999793848,29.083429002639605,0.42247300007147714,0.07304300015675835,31.073463000211632,0,4
524,1303029.png,0.937645003432408,0.25871899924823083,14.468662997387582,0.3685249976115301,0.06670099901384674,16.149118997418554,0,1
525,1303035.png,0.9193130026687868,0.2519900008337572,14.36772600209224,0.36779199945158325,0.06967200170038268,16.021301002183463,0,1
526,1304005.png,0.8811900006548967,0.3201469990017358,14.366553001309512,0.37513699862756766,0.06629000199609436,16.052409999247175,0,4
527,1304009.png,0.8924049980123527,0.37337399771786295,14.619896999647608,0.3626239995355718,0.06246200064197183,16.35363900277298,0,1
528,1304010.png,0.914164000278106,0.27854500149260275,15.636637002899079,0.3927370016754139,0.07891399945947342,17.3526580001635,0,15
529,1304014.png,0.9057750030478928,0.25186899802065454,15.416442998684943,0.3662790004455019,0.06610399941564538,17.053906001819996,0,6
530,1304018.png,0.9030869987327605,0.25151400041067973,14.597896999475779,0.374775001546368,0.06756299990229309,16.247690000454895,0,2
531,1304025.png,0.8814559987513348,0.2535839994379785,14.331651000247803,0.3526899999997113,0.06508899969048798,15.935256000375375,0,2
532,1304028.png,0.7957929992699064,0.33749099748092704,14.494319002551492,0.39387200013152324,0.06896600098116323,16.139801999088377,0,1
533,1305001.jpg,0.9354659996461123,0.2679210010683164,26.815160999831278,0.7193909987108782,0.11306899978080764,28.905392999149626,0,7
534,1305002.jpg,0.9140779984591063,0.3409119999560062,29.56721699956688,0.5272200032777619,0.07678700058022514,31.480590001592645,0,3
535,1305003.jpg,1.0148740002478007,0.2844099981302861,15.971471002558246,0.3634709973994177,0.06487799691967666,17.75483500023256,0,5
536,1305005.jpg,1.0171630019613076,0.24156599829439074,15.255718997650547,0.3599359988584183,0.06505400233436376,16.989674000797095,0,8
537,1305009.jpg,0.8934730030887295,0.2539750021242071,13.910587000282248,0.381914996978594,0.06410100104403682,15.550346000964055,0,4
538,1305012.jpg,0.9188929980155081,0.23737000083201565,14.114358000369975,0.3768860005948227,0.06818800102337264,15.764504001708701,0,18
539,1305014.jpg,0.9453950005990919,0.2366640001127962,14.583249001589138,0.37770000199088827,0.06685100015602075,16.25019700077246,0,5
540,1305016.jpg,1.045855002303142,0.24862799909897149,14.153410997096216,0.35622100040200166,0.062080001953290775,15.915444000711432,0,4
541,1307005.png,0.9008240012917668,0.2425659986329265,14.368765998369781,0.3664680007204879,0.06453099922509864,15.984382000169717,0,2
542,1307007.png,0.9858939993137028,0.23972700000740588,14.300152000942035,0.3466119997028727,0.06415600000764243,15.984097997716162,0,4
543,1307012.png,0.9130010002991185,0.2310720010427758,14.074874998186715,0.3488360016490333,0.06390900307451375,15.682359000493307,0,2
544,1307018.png,0.9656520014686976,0.2280529988638591,13.703526001336286,0.3566779996617697,0.06153600043035112,15.363558999524685,0,2
545,1307047.png,0.950081001064973,0.2695809998840559,14.025327000126708,0.35368399767321534,0.06404200030374341,15.708475999417715,0,1
546,1309001.png,0.9085339988814667,0.2628389993333258,13.783926999167306,0.2736850001383573,0.0313279997499194,15.30955499765696,0,0
547,1309005.png,0.98241899831919,0.36254400038160384,14.379521002410911,0.3376500026206486,0.061350001487880945,16.190104000997962,0,1
548,1309022.png,1.056233002600493,0.35618200126918964,14.016609999089269,0.340919999871403,0.062229999457485974,15.893256997514982,0,3
549,1309025.png,1.0886689997278154,0.3804339976340998,14.69524599815486,0.82711799768731,0.155308996909298,17.216263000591425,0,2
550,1309033.png,0.9990759972424712,0.37339199843700044,18.6151849993621,0.5508280009962618,0.08590899960836396,20.698110001831083,0,4
551,1309037.png,0.8782719996816013,0.24818399833748117,14.80648900178494,0.3908690014213789,0.06659900100203231,16.43286100079422,0,5
552,1310005.png,0.8984209998743609,0.24629700055811554,14.590823000617092,0.4009529984614346,0.07215700316010043,16.25016000252799,0,11
553,1310014.png,0.8599489992775489,0.23476199930883013,14.844069002720062,0.42061500062118284,0.06703100007143803,16.46675200026948,0,4
554,1310016.png,0.8717339987924788,0.2617369973449968,14.309784997749375,0.3455240002949722,0.06914200275787152,15.89981199867907,0,3
555,1310017.png,0.8564509989810176,0.2363379971939139,15.02475199959008,0.3554760005499702,0.06597700121346861,16.583889999310486,0,2
556,1310023.png,0.8514469991496298,0.26325200087740086,14.11640300284489,0.3608840015658643,0.06360199768096209,15.706684000178939,0,10
557,1310024.png,0.8171310000761878,0.25746899700607173,13.8813300000038,0.3659750000224449,0.06370000119204633,15.427402999193873,0,1
558,1311009.png,0.8542100003978703,0.2570630022091791,27.16964999854099,0.737581001885701,0.1165530011348892,29.187516000092728,0,1
559,1312022.png,0.9736339998198673,0.3245959997002501,29.12901499803411,0.4040690000692848,0.06972499977564439,30.951558001106605,0,1
560,1312023.png,1.0035140003310516,0.26343400168116204,14.727046000189148,0.38377400051103905,0.06705700070597231,16.496746000484563,0,3
561,1312024.png,0.9908179999911226,0.2626609966682736,18.23306999722263,0.4390800022520125,0.07552299939561635,20.044799999595853,0,1
562,1312027.png,1.0124170003109612,0.3289010019216221,18.97604300029343,0.4766269994433969,0.07965400072862394,20.932602001266787,0,1
563,1312028.png,1.0416799996164627,0.3035570007341448,18.75130099870148,0.4390280009829439,0.07660000119358301,20.667646000219975,0,2
564,1312031.png,1.0568300021986943,0.27288400087854825,15.102931996807456,0.40703600097913295,0.0652980015729554,16.95826599825523,0,1
565,1313011.png,0.9766760013008025,0.24347699945792556,14.647771000454668,0.3692030004458502,0.06159800250316039,16.350845999113517,0,1
566,1313012.png,1.038613001583144,0.29667899798369035,28.093229000660358,0.6642949992965441,0.1087909986381419,30.255532998126,0,2
567,1313026.png,0.8572610022383742,0.33600199822103605,19.10262599994894,0.36945100146112964,0.06596400271519087,20.78097200137563,0,4
568,1313027.png,0.9885399995255284,0.31196200143313035,14.815759001066908,0.40825600081006996,0.088233999122167,16.669321001245407,0,8
569,1313029.png,0.9245789988199249,0.30568700094590895,14.620039000874385,0.4730949985969346,0.09069799853023142,16.476678003527923,0,3
570,1313030.png,0.8778749979683198,0.3362659990671091,15.717045997007517,0.4052009971928783,0.07379000089713372,17.465748998802155,0,1
571,1313032.png,0.8592300000600517,0.3002859994012397,14.72885499970289,0.4282670015527401,0.07985699994605966,16.440330000477843,0,5
572,1313041.png,1.0824159980984405,0.3500800012261607,16.68322600016836,0.4198339993308764,0.0795539999671746,18.67884300008882,0,1
573,1313043.png,0.9592450005584396,0.34933800270664506,14.235865000955528,0.37133400110178627,0.06685699918307364,16.038196001318283,0,1
574,1313047.png,0.9674969987827353,0.2468349994160235,14.39590899826726,0.3990140030509792,0.06634099918301217,16.12055999794393,0,3
575,1314002.png,0.9333380003226921,0.24700599897187203,15.417000999150332,0.3897749993484467,0.08147499829647131,17.110078999394318,0,2
576,1314003.png,1.0207909981545527,0.256232000538148,28.617953998036683,0.7458680011040997,0.11235799684072845,30.801967001025332,0,2
577,1314006.png,1.0276299981342163,0.3173709992552176,23.872276000474812,0.3671430022222921,0.06609000047319569,25.69641200170736,0,4
578,1314008.png,1.0351470009482,0.27173899798071943,14.53376700010267,0.37447599970619194,0.06121299884398468,16.32491499913158,0,2
579,1314014.png,0.8771309985604603,0.23793299988028593,13.780086999759078,0.3692310019687284,0.05864400009158999,15.385154001705814,0,1
580,1314017.png,0.8598759995948058,0.2557949992478825,13.846885001839837,0.4348479997133836,0.07183099660323933,15.509533001022646,0,3
581,1314020.png,0.9179330008919351,0.25703199935378507,14.482316000794526,0.46690200179000385,0.06829099947935902,16.263096000329824,0,1
582,1314022.png,0.896583002031548,0.23436300034518354,14.043017999938456,0.3749269999389071,0.06814099833718501,15.659270000469405,0,4
583,1314024.png,0.8829110010992736,0.2230360005341936,15.664336999179795,0.430714000685839,0.0711799984856043,17.315371998847695,0,13
584,1314027.png,1.0408220005047042,0.2507490025891457,14.372549001564039,0.36360400190460496,0.07071200161590241,16.141609998157946,0,2
585,1314031.png,1.080106998415431,0.3373730032762978,14.7953099985898,0.35737600046559237,0.0638350029475987,16.689725998730864,0,4
586,1314038.png,0.9807860005821567,0.2562040026532486,13.804734000586905,0.3436940023675561,0.06358699829434045,15.508952001255238,0,1
587,1314043.png,0.9258520003641024,0.22087600154918619,13.62878999862005,0.3777960009756498,0.05765999958384782,15.253128000040306,0,2
588,1314044.png,0.9408630030520726,0.22968100165599026,14.281070998549694,0.3588090003177058,0.06835199747001752,15.919471999950474,0,1
589,1314051.png,0.9714740008348599,0.22826299755251966,13.607357999717351,0.35869299972546287,0.06215599933057092,15.275768000719836,0,4
590,1314054.png,0.9780839973245747,0.3683539980556816,14.732449999428354,0.46861800001352094,0.088924996816786,16.691688000719296,0,5
591,1314057.png,1.3356409981497563,0.4479220006032847,22.3759210020944,0.3563130012480542,0.062129001889843494,24.64004699868383,0,1
592,1315003.png,1.0960669969790615,0.2673419985512737,14.242249002563767,0.37194300239207223,0.06432800000766292,16.093492002255516,0,8
593,1315020.png,1.0498599986021873,0.25088999973377213,14.010455000970978,0.37647800127160735,0.06576699888682924,15.804714999831049,0,7
594,1315052.png,1.0145820015168283,0.2549719974922482,14.357701998960692,0.3713570004038047,0.06446500265155919,16.112174998852424,0,2
595,1315054.png,1.19907399857766,0.3958099987357855,15.149071001360426,0.44869900011690333,0.09063299876288511,17.35151700268034,0,2
596,13160014.png,1.01768400054425,0.4045410023536533,15.752775001601549,0.3961729998991359,0.06946299981791526,17.703028999676462,0,7
597,13160020.png,0.942039998335531,0.2539059969421942,15.012035000836477,0.37155400059418753,0.06316100188996643,16.68607000101474,0,5
598,13160024.png,0.9839359991019592,0.2502019997336902,14.328207002108684,0.40664100015419535,0.06866900002933107,16.08824999857461,0,4
599,13160028.png,0.8019039996725041,0.23725800201646052,14.311502996861236,0.36210100006428547,0.06417400072677992,15.822416000446538,0,2
600,13160030.png,1.072514001862146,0.24461100110784173,14.107119000982493,0.34959299955517054,0.06123399725765921,15.884370997810038,0,10
601,13160037.png,0.9080839990929235,0.27514500106917694,16.06393499969272,0.34865099951275624,0.058903002354782075,17.701420998491812,0,4
602,13160038.png,1.0928129995591007,0.3669860016088933,13.666954000655096,0.4104210020159371,0.06602500070584938,15.66533599907416,0,8
603,13160042.png,0.958357999479631,0.28256899895495735,13.606403001176659,0.3630540013546124,0.06360800034599379,15.33087900315877,0,3
604,13160044.png,0.9301079990109429,0.24356400172109716,13.975604997540358,0.36938899938832037,0.06912400203873403,15.637233998859301,0,4
605,13160046.png,0.9269410002161749,0.2579989995865617,13.509633001376642,0.35865599784301594,0.06396800017682835,15.167399000347359,0,6
606,13160048.png,0.8514850014762487,0.2497950008546468,13.768616998277139,0.3662739982246421,0.06588900214410387,15.351687001384562,0,5
607,1317006.png,0.7863320024625864,0.24418600150966085,14.192498001648346,0.3730120006366633,0.06509699960588478,15.710121999291005,0,6
608,1317008.png,0.8312409991049208,0.2605300032882951,14.380409000295913,0.37999699998181313,0.0639019999653101,15.970184998877812,0,1
609,1318018.png,0.858683000842575,0.28787300107069314,13.852960997610353,0.36072099828743376,0.059941001381957904,15.471607999643311,0,2
610,1318025.png,1.2199039992992766,0.24584600032540038,13.803844001813559,0.37461800093296915,0.06175200178404339,15.755413001897978,0,4
611,1319010.png,0.8679200000187848,0.23979899924597703,13.94893000178854,0.363260001904564,0.06501800089608878,15.533884001342813,0,6
612,1319011.png,0.8876110005076043,0.26281399914296344,14.404937999643153,0.3644899989012629,0.06179000047268346,16.085374001704622,0,2
613,1319021.png,1.4314119980554096,0.24711000151000917,14.20922800025437,0.35694999678526074,0.06217000191099942,16.357078002329217,0,16
614,1319024.png,1.3729149977734778,0.23735799913993105,13.987684000312584,0.3369719997863285,0.05663100091624074,16.05157299854909,0,4
615,1319029.png,0.9984299977077171,0.23237500136019662,14.217331998224836,0.3563229984138161,0.06185299935168587,15.913245999399805,0,1
616,1319031.png,0.8938229984778445,0.23419500212185085,13.443417999951635,0.3385439995327033,0.05970600250293501,15.014358999906108,0,1
617,1320014.png,1.3356370000110473,0.22741200154996477,16.73494699934963,0.4243989969836548,0.07426799857057631,18.842342997231754,0,4
618,1320017.png,1.1469910023151897,0.4795320019184146,15.010461000201758,0.4099079997104127,0.07497399928979576,17.19287200103281,0,2
619,1320025.png,0.9007820008264389,0.2841399982571602,14.082589997997275,0.35955999919679016,0.061484999605454504,15.740795999590773,0,3
620,1320037.png,0.8900959983293433,0.22603999968850985,13.618172997666989,0.37544299993896857,0.06555299842148088,15.2239590024692,0,2
621,1320038.png,0.8738709984754678,0.23687799694016576,13.712253999983659,0.3858439995383378,0.06404099985957146,15.321785998821724,0,7
622,1320041.png,0.8782049990259111,0.2232730003015604,13.808875999529846,0.3854319984384347,0.06820799899287522,15.414158999192296,0,6
623,1320047.png,1.103290000173729,0.24378099988098256,13.764376999461092,0.35577699964051135,0.06045299960533157,15.57836100255372,0,3
624,1320060.png,0.8942370004660916,0.2829910008586012,14.94298200123012,0.3616209978645202,0.06256100095924921,16.597257999819703,0,1
625,13210003.png,0.9049990003404673,0.2532049984438345,14.106370999797946,0.406540999392746,0.07036999886622652,15.793243997904938,0,5
626,13210005.png,0.881216001289431,0.24561099780839868,13.84983000025386,0.36683600046671927,0.0625609973212704,15.448063997610006,0,10
627,13210008.png,0.9083249969989993,0.252989000728121,14.44044500021846,0.3624300006777048,0.07055400055833161,16.080250999948476,0,19
628,13210009.png,0.8362820008187555,0.25588499920559116,13.740641999902437,0.37408700154628605,0.05951099956291728,15.306872002838645,0,4
629,13210018.png,0.8882239999365993,0.2696250012377277,13.594625001132954,0.35856099930242635,0.05686599979526363,15.217572999972617,0,3
630,13210021.png,0.8405410007981118,0.22671600163448602,13.758424000116065,0.35277999995741993,0.061229002312757075,15.278497001418145,0,3
631,13210030.png,0.8847780009091366,0.25804500182857737,14.06385200243676,0.337526998919202,0.06239499998628162,15.653263999411138,0,5
632,13210033.png,0.8979760023066774,0.24578700322308578,13.441612001770409,0.374815001123352,0.06519499947899021,15.07462200243026,0,1
633,13210035.png,0.8865890013112221,0.22500200066133402,14.16090400016401,0.34280399995623156,0.05923199933022261,15.720857001724653,0,1
634,13210039.png,0.8446680003544316,0.2716250019147992,13.250043000880396,0.3518840021570213,0.06441100049414672,14.833706998615526,0,1
635,13210056.png,0.8482800003548618,0.22439700114773586,13.392065000516595,0.35638500048662536,0.06534799831570126,14.926708001439692,0,4
636,1322021.png,0.849793002998922,0.2242680020572152,13.159444999473635,0.36570699739968404,0.06168400068418123,14.699473998916801,0,3
637,1322027.png,0.9141890004684683,0.23375599994324148,13.19187299668556,0.36019399703945965,0.06243499956326559,14.80878399888752,0,3
638,1322031.png,0.844540998514276,0.23125499865273014,19.809068999165902,0.7028749969322234,0.10027199823525734,21.72888899804093,0,3
639,1322044.png,0.9757350017025601,0.3047639984288253,28.703053001663648,0.6753390007361304,0.10394600030849688,30.81803099848912,0,2
640,1325004.png,0.9652370026742574,0.33251500281039625,20.126293999055633,0.3702790017996449,0.07594699854962528,21.920956001849845,0,1
641,1325025.png,0.8550829988962505,0.23516799774370156,14.22964399898774,0.34662299731280655,0.06270599988056347,15.778795001097023,0,3
642,1325030.png,0.9031080007844139,0.2334749988222029,13.640909000969259,0.40000499939196743,0.06566500087501481,15.293317999748979,0,4
643,1325032.png,0.8613669997430407,0.24951800151029602,15.323624000302516,0.3626239995355718,0.06429800123441964,16.900579998036847,0,3
644,1325034.png,1.0461870006110985,0.3891689993906766,14.026247001311276,0.6005860013829079,0.09427500117453746,16.22499600125593,0,7
645,1325037.png,1.037966001604218,0.3252790011174511,16.9897289997607,0.3452770033618435,0.05950299964752048,18.809416997100925,0,6
646,1325044.png,0.8878629996615928,0.22782100131735206,13.578037996921921,0.3692290010803845,0.06351999763865024,15.165664997766726,0,3
647,1325050.png,0.8912690027500503,0.2538579974498134,13.335628998902394,0.33767800050554797,0.0619650018052198,14.925166997272754,0,7
648,1325051.png,0.9148140015895478,0.2426570026727859,13.931782999861753,0.3379560002940707,0.05831499947817065,15.532826000708155,0,1
649,1329013.png,0.8480310025333893,0.2252589983982034,14.44084600007045,0.375806001102319,0.061157999880379066,15.999999002815457,0,7
650,1329020.png,0.846635000925744,0.2376060001552105,15.316480003093602,0.3706030001922045,0.06368899994413368,16.883741998753976,0,2
651,1329021.png,0.8582509981351905,0.2523260009184014,13.785440001811367,0.35171299896319397,0.05777399928774685,15.356979001808213,0,3
652,1329051.png,0.7341339987760875,0.22794899996370077,13.537445996917086,0.33864999932120554,0.05891500040888786,14.946141000109492,0,1
653,1329052.png,0.8049520001804922,0.23420099751092494,13.914344999648165,0.3458889987086877,0.059174999478273094,15.400332998979138,0,1
654,1330010.png,0.903295000171056,0.22370199803845026,14.56156899803318,0.36790300146094523,0.06392800059984438,16.16713800103753,0,1
655,1330016.png,0.9050720000232104,0.3031330015801359,14.88129800054594,0.37905099816271104,0.06600499909836799,16.588084003160475,0,2
656,1330027.png,0.9354109970445279,0.2265879993501585,13.779504002741305,0.36241899942979217,0.05889100066269748,15.402529999846593,0,1
657,1330031.png,0.8598509994044434,0.21397000091383234,13.737918001424987,0.33800199889810756,0.05674299973179586,15.244619000441162,0,2
658,1330034.png,0.8728829998290166,0.2190850027545821,13.94577599785407,0.3795220000029076,0.06763399869669229,15.533460002188804,0,1
659,1330037.png,0.9116550027101766,0.24711399964871816,14.432258998567704,0.3827839973382652,0.066763001086656,16.084345999843208,0,2
660,1330040.png,1.236897998751374,0.38693299939041026,14.482629001577152,0.4143519981880672,0.06671799928881228,16.65738399969996,0,3
661,1330047.png,0.9310610003012698,0.2336270008527208,14.07533999736188,0.37310200059437193,0.06648999988101423,15.720772000349825,0,1
662,1331006.png,0.8665790010127239,0.23512899861088954,13.79478799935896,0.37026000063633546,0.06535399734275416,15.376400002423907,0,4
663,1331012.png,0.8836790002533235,0.28224899870110676,13.687138001841959,0.3629300008469727,0.058951998653355986,15.317710000090301,0,2
664,1331014.png,0.8898609994503204,0.2269180004077498,13.786865001748083,0.3836329997284338,0.06547999873873778,15.392418001283659,0,7
665,1331015.png,0.9449169992876705,0.23888299983809702,13.72896799875889,0.36254199949325994,0.05910199979552999,15.384595000796253,0,3
666,1331025.png,0.891666000825353,0.22126700059743598,13.851307001459645,0.38825400042696856,0.06186700193211436,15.451679999387125,0,2
667,1331027.png,0.888807000592351,0.2386740015936084,13.942671001132112,0.3437240011407994,0.0587860013183672,15.514008999161888,0,2
668,1331032.png,0.8875630010152236,0.231787002121564,13.738260000536684,0.3841200013994239,0.06329799725790508,15.354608000052394,0,3
669,1331043.png,0.835774997540284,0.27286800104775466,14.486281001154566,0.4016880011477042,0.06930900053703226,16.139831001055427,0,7
670,1331044.png,0.9084230005100835,0.26053100009448826,14.182019000145374,0.38901600055396557,0.0666739979351405,15.858912000112468,0,7
671,1332002.png,0.860936997924,0.23234599939314649,13.9037080007256,0.3760250001505483,0.06469500294770114,15.477654997084755,0,3
672,1332005.png,0.8942000022216234,0.2632270006870385,13.96949400077574,0.3736119979294017,0.06329099778668024,15.607458000886254,0,1
673,1332006.png,0.8597550004196819,0.23534399952040985,22.88342799874954,0.3826360007224139,0.06660100189037621,24.46969800075749,0,2
674,1332010.png,0.9287940010835882,0.25030300093931146,14.681371998449322,0.37311499909264967,0.06634600140387192,16.353330000129063,0,3
675,1332014.png,0.9254739998141304,0.28316099997027777,14.384105001226999,0.39633400228922255,0.06897099956404418,16.11399600005825,0,1
676,1332020.png,0.9988890014938079,0.33392499972251244,14.282853000622708,0.36912700306857005,0.06579099863301963,16.10988199900021,0,2
677,1332035.png,0.8877910004230216,0.2475869987392798,14.775270999962231,0.38894099998287857,0.06488399958470836,16.41563199882512,0,2
678,1332039.png,0.8850679987517651,0.25695699878269807,14.366248000442283,0.35625099917524494,0.06085399945732206,15.966922001098283,0,2
679,1332042.png,0.83855499906349,0.258940999628976,15.054301999043673,0.3861600016534794,0.06615800157305785,16.646475000015926,0,4
680,1333007.png,0.9170280027319677,0.23529899772256613,14.506554998661159,0.35997500162920915,0.05901299664401449,16.11753099859925,0,1
681,1333024.png,0.9538009981042705,0.24162500267266296,13.821782999002608,0.3461319975031074,0.059489000705070794,15.471351001906442,0,6
682,1333037.png,1.1977279973507393,0.32670800283085555,13.494327999069355,0.3427929987083189,0.10000700058299117,15.524868998909369,0,1
683,1333044.png,1.4191779991961084,0.3784669970627874,14.656005001597805,0.40330600313609466,0.07031600034679286,16.99603199813282,0,6
684,1335002.png,0.9567870001774281,0.34336500175413676,14.842155000224011,0.3790219998336397,0.06751999899279326,16.642467999190558,0,4
685,1335016.png,0.8488029998261482,0.25247300072805956,13.734641001065029,0.3725569986272603,0.061213002481963485,15.311176000977866,0,11
686,1335018.png,0.8434360024693888,0.22806400011177175,13.540599000407383,0.26354599685873836,0.02839900116669014,14.943956997740315,0,0
687,1335020.png,1.120791999710491,0.35452500014798716,15.324394997151103,0.4340999985288363,0.07181799810496159,17.360622001433512,0,2
688,1340006.png,1.025427998683881,0.25219499730155803,16.092762001790106,0.3678939974633977,0.06511100218631327,17.851988999609603,0,1
689,1340021.png,1.0495290007384028,0.23836500258767046,26.207094997516833,0.8156059993780218,0.12013599916826934,28.481560002546757,0,2
690,1358001.png,0.9420890019100625,0.3131660014332738,17.24656199803576,0.3582819990697317,0.06401700011338107,18.968442996992962,0,30
691,1358012.png,1.0631080003804527,0.25572300000931136,14.381361001142068,0.3449869982432574,0.05848000000696629,16.151093997905264,0,6
692,1358013.png,1.1091020023741294,0.26209499992546625,26.7028219968779,0.6677429992123507,0.1238389995705802,28.921280998474685,0,1
693,1363003.png,0.8276039989141282,0.3123280002910178,23.013735000859015,0.38793599742348306,0.06948900045244955,24.653691998537397,0,4
694,1363005.png,1.0317260021110997,0.2628860020195134,13.76302600328927,0.38029300048947334,0.061730999732390046,15.542886998446193,0,13
695,1363017.png,0.9166370000457391,0.3074810010730289,13.945228998636594,0.35082899921690114,0.0651299997116439,15.627217999281129,0,6
696,1363018.png,0.9719039990159217,0.3378239998710342,17.5288089994865,0.49122799828182906,0.08311900091939606,19.476592999126296,0,2
697,1363025.png,0.9110810024139937,0.280825999652734,14.734854998096125,0.3732779987331014,0.05936999878031202,16.403804998844862,0,10
698,1363035.png,0.9809500006667804,0.2773359992715996,14.325434000056703,0.3466279995336663,0.060143996961414814,16.035227999964263,0,2
699,1367007.png,0.9522479995212052,0.286888000118779,13.506379997124895,0.33541800075909123,0.05586699990089983,15.19515399922966,0,25
700,1367024.png,1.0396059988124762,0.3383940020285081,13.518908999685664,0.45917199895484373,0.07245500091812573,15.496160998736741,0,4
701,1379038.png,0.9211430005962029,0.27097299971501343,17.01104300082079,0.7235680022859015,0.1231420028489083,19.09821699882741,0,5
702,1395002.png,1.102562000596663,0.44619099935516715,29.131766001228243,0.6823750009061769,0.10285600001225248,31.533001998468535,0,8
703,1395005.png,0.9544370004732627,0.30461699861916713,25.981471000704914,0.37601599979097955,0.0672129972372204,27.72208100213902,0,9
704,1395008.png,1.082128997950349,0.33229399923584424,14.93633499921998,0.35949299854109995,0.06504100019810721,16.838386000017636,0,8
705,1395009.png,1.0010120022343472,0.23994900038815103,16.31338299921481,0.3616520007199142,0.06716799907735549,18.035432000033325,0,2
706,1395011.png,0.9181770001305267,0.24998200024128892,14.789916000154335,0.45391899766400456,0.09621100252843462,16.561197000555694,0,4
707,1395012.png,0.9897479976643808,0.365625000995351,15.190850001090439,0.36291699871071614,0.06749900057911873,17.039239002770046,0,4
708,1395013.png,0.9155119987553917,0.2610519986774307,14.45284100191202,0.36771099985344335,0.06607099930988625,16.11314099864103,0,1
709,1395020.png,0.9449439967283979,0.41703699753270485,14.323804000014206,0.4970340014551766,0.10006500087911263,16.349181001714896,0,16
710,1399017.png,1.319024002441438,0.45188000149209984,15.614285999618005,0.5715379993489478,0.0832699988677632,18.12154300205293,0,12
711,1399019.png,1.01868099955027,0.2872889999707695,18.670209999982035,0.42359199869679287,0.07453400030499324,20.54359500107239,0,10
712,1399020.png,0.928576999285724,0.27359100204193965,15.661637000448536,0.3551180016074795,0.07077199916238897,17.33010799944168,0,11
713,1399021.png,0.8476060029352084,0.24301000303239562,14.122660999419168,0.3428679992794059,0.06431099973269738,15.677881998271914,0,5
714,1399022.png,0.871226002345793,0.23250699814525433,14.069073000428034,0.3909480001311749,0.06581799971172586,15.679008000006434,0,5
715,1424005.png,0.884384000528371,0.24669199774507433,14.13538800261449,0.3430819997447543,0.06354200013447553,15.714570999989519,0,23
716,1424012.png,0.8965989982243627,0.24255500102299266,13.57965999704902,0.36417099909158424,0.05934599903412163,15.183919000264723,0,8
717,1424017.png,0.8793300003162585,0.2771520012174733,19.86390000092797,0.40453799738315865,0.06090099850553088,21.523172003071522,0,9
718,1424018.png,0.884035001945449,0.23880399749032222,13.721455998165766,0.37596799666062,0.0641209990135394,15.324829000746831,0,13
719,1424035.png,0.8699489990249276,0.2629349983180873,14.75739699890255,0.39283099977183156,0.07456200182787143,16.42034700125805,0,6
720,1424037.png,0.8748649997869506,0.23678599973209202,14.703660002851393,0.3762050000659656,0.06666899935225956,16.298462000122527,0,17
721,1427008.png,0.8070889998634811,0.25295100203948095,14.452075000008335,0.4128069995203987,0.06820999988121912,16.04463500189013,0,5
722,1427011.png,0.9398619986313861,0.24601000041002408,13.550299998314586,0.3371599996171426,0.061624999943887815,15.176108998275595,0,7
723,1429004.png,0.9610830020392314,0.2382099992246367,13.42645399927278,0.34319899714319035,0.06003799717291258,15.076016999955755,0,4
724,1429015.png,0.9294789997511543,0.24494399985997006,16.607760000624694,0.48985800094669685,0.07454799924744293,18.395993000012822,0,5
725,1429023.png,0.985504000709625,0.30236000020522624,14.202187001501443,0.3423199996177573,0.06271700112847611,15.948219999700086,0,1
726,1429025.png,0.9017230004246812,0.25644400011515245,14.34046700160252,0.34135500027332455,0.06320899774436839,15.95054499921389,0,16
727,1431002.png,1.0516839975025505,0.33116999838966876,13.845262998074759,0.43757599996752106,0.07722300142631866,15.789007000421407,0,3
728,1431007.png,0.9178750005958136,0.31894399944576435,13.914622999436688,0.5758580009569414,0.08098000034806319,15.865781999309547,0,2
729,1431009.png,0.8751429995754734,0.2550169992900919,14.075815000978764,0.398307998693781,0.07390000246232376,15.729455000837334,0,35
730,1431014.png,0.8028330012166407,0.2443189987388905,14.066994001041166,0.36983599784434773,0.06446600309573114,15.603239997290075,0,1
731,1431021.png,0.8359439998457674,0.2441160031594336,14.09834299920476,0.35191099959774874,0.059439000324346125,15.639393001038115,0,10
732,1433001.png,0.8867249998729676,0.2328059999854304,13.678052000614116,0.3812360009760596,0.06259499787120149,15.281813997717109,0,1
733,1433012.png,0.9896349984046537,0.2430200001981575,13.417706999462098,0.3509130001475569,0.06317199949990027,15.113978002773365,0,9
734,1433016.png,0.8027940020838287,0.24842299899319187,14.72734199705883,0.4438920004758984,0.08401800005231053,16.371639001590665,0,3
735,2109015.png,0.7992610007931944,0.26088900267495774,14.28554499943857,0.3586429993447382,0.06713299808325246,15.813565001735697,0,4
736,2109020.png,0.8718199969734997,0.24982800096040592,13.95047099867952,0.3551679983502254,0.07140500019886531,15.553213997918647,0,12
737,2110004.png,0.8969690024969168,0.22767300106352195,14.105482998274965,0.36080999780097045,0.06180600030347705,15.696157999627758,0,3
738,2110006.png,0.8980790007626638,0.24104799740598537,14.076483999815537,0.38289700023597106,0.06417099939426407,15.725839999504387,0,2
739,2110007.png,0.9035179973579943,0.24431200290564448,14.384444999450352,0.38414099981309846,0.06578999818884768,16.02309699956095,0,9
740,2110012.png,0.9045090009749401,0.23352999778580852,13.557742000557482,0.3369820005900692,0.06244999894988723,15.137910999328597,0,1
741,3000005.png,0.9207820003211964,0.2634089978528209,13.872269999410491,0.3565679980965797,0.06394099909812212,15.52568600163795,0,25
742,3000011.png,0.9255699987988919,0.23492200125474483,13.090780001220992,0.3694660008477513,0.05875400165678002,14.728873000422027,0,22
743,3000021.png,0.9892809976008721,0.22696400264976546,13.322717000846751,0.36528199780150317,0.07755399929010309,15.021825998701388,0,1
744,3000023.png,1.0777269999380223,0.26744799833977595,14.444540000113193,0.3767560010601301,0.06841899812570773,16.285521996906027,0,5
745,3000032.png,0.9794549987418577,0.26935899950331077,13.778650001768256,0.3613919980125502,0.06500999734271318,15.49762600188842,0,1
746,3000046.png,0.957365999056492,0.24300200311699882,13.98885200251243,0.3495029995974619,0.06482300159404986,15.645657000277424,0,3
747,3000058.png,0.9034960021381266,0.24814499920466915,13.269237999338657,0.3636129986261949,0.06304799899226055,14.886308999848552,0,12
748,3000062.png,0.8979860031104181,0.22764000095776282,13.352484998904401,0.35188299807487056,0.0649880021228455,14.935200997570064,0,11
749,3000066.png,0.9529269991617184,0.23481100288336165,14.358238997374428,0.3787889982049819,0.06641100117121823,16.03963999878033,0,8
750,3000080.png,0.9215739992214367,0.2313980003236793,17.715321999276057,0.4853040009038523,0.07652099884580821,19.492217998049455,0,2
751,3000083.png,0.9698049980215728,0.2763500015134923,18.448955997882877,0.46025399933569133,0.07751699740765616,20.282105000660522,0,1
752,3000089.png,0.9724000010464806,0.26667200290830806,19.089577999693574,0.49520900211064145,0.09404800221091136,20.967103002476506,0,5
753,3000108.png,1.1640079974313267,0.40803500087349676,19.154808000166668,0.38705800034222193,0.06596599996555597,21.32179800173617,0,7
754,3000109.png,0.9279630030505359,0.2464239987602923,14.028305002284469,0.3802659994107671,0.0672330024826806,15.691666998463916,0,3
755,3000113.png,0.9197750005114358,0.2553250014898367,28.727500000968575,0.6463819991040509,0.1111269993998576,30.7031240008655,0,8
756,3000120.png,0.9245309993275441,0.33970399817917496,22.27820899861399,0.47115500274230726,0.08629999865661375,24.1538189984567,0,2
757,3000121.png,0.9766420007508714,0.45323000085772946,18.130381999071687,0.40623600216349587,0.07162900146795437,20.091582999157254,0,5
758,3000124.png,1.0151470014534425,0.3185599998687394,16.59651699810638,0.40725299913901836,0.08574100138503127,18.47911799995927,0,8
759,3000129.png,0.9636680006224196,0.3512620023684576,14.112085998931434,0.3806529966823291,0.06643400047323667,15.92265699946438,0,17
760,3000130.png,0.9481119996053167,0.2653560004546307,14.406443999178009,0.35489999936544336,0.06473900066339411,16.08957200005534,0,13
761,3000131.png,0.9102900003199466,0.24576699797762558,14.059427001484437,0.34944900107802823,0.05939200127613731,15.674648999265628,0,15
762,3000133.png,0.8847030003380496,0.22684099894831888,13.693691998923896,0.37905100180068985,0.0649699977657292,15.296972000214737,0,15
763,3000134.png,0.9487459974479862,0.23682900064159185,13.613704999443144,0.3492949981591664,0.057705001381691545,15.259245999914128,0,8
764,3000140.png,0.9367229977215175,0.22585400074603967,16.37011899947538,0.45171799865784124,0.07515000106650405,18.10982800088823,0,25
765,3000145.png,0.9195960010401905,0.2501050003047567,18.017701000644593,0.4777289977937471,0.10249800106976181,19.818418000795646,0,23
766,3000147.png,0.7573859984404407,0.2405319974059239,13.870971000869758,0.3953830018872395,0.07067300248309039,15.397518000099808,0,19
767,3000148.png,0.8195699992938899,0.31057399974088185,14.279454997449648,0.3508480003802106,0.060727001255145296,15.878228998190025,0,12
768,3000149.png,0.8491349981341045,0.25498700051684864,13.737643999775173,0.35435500103631057,0.07301300138351507,15.318550998927094,0,23
769,3000151.png,0.7834589996491559,0.2560600005381275,13.592672999948263,0.3496769968478475,0.06413000301108696,15.091872999619227,0,19
770,3000152.png,0.7522490013798233,0.2672609989531338,14.524378999340115,0.5017260009481106,0.07891200220910832,16.172355000890093,0,21
771,3000156.png,0.831157998618437,0.2572430021245964,18.37958800024353,0.44501400043372996,0.07593500049551949,20.04052800111822,0,12
772,3000183.png,0.9091519968933426,0.2597359998617321,16.736737998144235,0.39003499841783196,0.06632599979639053,18.41327900183387,0,9
773,3000186.png,0.8880900022631977,0.23722400146652944,13.396942998952,0.3551279987732414,0.06638500053668395,14.986369998950977,0,6
774,3000190.png,0.9005290012282785,0.26405199969303794,14.620828002080088,0.3427949995966628,0.0625100001343526,16.228946999035543,0,12
775,3000194.png,0.9309020024375059,0.2856149985746015,14.563189000909915,0.3524169987940695,0.06414000017684884,16.248355997959152,0,11
776,3000197.png,0.9832270006882027,0.38445500103989616,13.899903999117669,0.3440949985815678,0.05952799983788282,15.732875999674434,0,24
777,3000204.png,1.193727999634575,0.30467400210909545,14.00518799709971,0.3644539974629879,0.06729499727953225,15.988011000445113,0,6
778,3000212.png,1.0430190013721585,0.24820100225042552,13.760958001512336,0.3608539991546422,0.06495599882327951,15.525327999057481,0,5
779,3000246.png,0.9441910005989484,0.23398899793392047,14.022115999978269,0.37917699955869466,0.06198399933055043,15.691988002799917,0,1
780,3002009.png,0.8551659993827343,0.2415390008536633,13.849025002855342,0.3623490010795649,0.0902519968803972,15.444786000443855,0,11
781,3002017.png,0.7607100014865864,0.2402359968982637,13.612120001198491,0.3562759993656073,0.06122100239736028,15.074871997057926,0,21
782,3002022.png,0.7587049985886551,0.2303990004293155,13.663980997080216,0.36888199974782765,0.0652149974484928,15.135625999391777,0,32
783,3002026.png,0.9190060009132139,0.265120997937629,14.370542001415743,0.377372998627834,0.06274200131883845,16.03758900091634,0,20
784,3002029.png,0.8637430000817403,0.3059699993173126,14.42348300042795,0.6640510000579525,0.09111200051847845,16.40209600009257,0,2
785,3002033.png,1.1240730018471368,0.3828759981843177,15.22584800113691,0.36416899820324033,0.06268899960559793,17.225342999154236,0,1
786,3002034.png,0.9953310000128113,0.2915740005846601,15.04043499880936,0.5007170002500061,0.07385100252577104,16.966322000371292,0,5
787,3002036.png,0.9408070000063162,0.3315290014143102,14.832760996796424,0.38967799991951324,0.062318998971022666,16.595039000094403,0,15
788,3002039.png,0.9249409995391034,0.25770800129976124,14.643509999586968,0.36973099850001745,0.0693260008119978,16.310547998727998,0,15
789,3002056.png,0.966820000030566,0.24015199960558675,13.667974999407306,0.3676769993035123,0.06059500083210878,15.354836999904364,0,5
790,3002057.png,0.9739069973875303,0.22159000218380243,16.686415001458954,0.44862399954581633,0.07609000022057444,18.45497400063323,0,7
791,3002059.png,0.8409129986830521,0.28197299980092794,17.178361002152087,0.3892839995387476,0.06404099985957146,18.798829998559086,0,13
792,3002062.png,0.8568949997425079,0.24128699806169607,13.919273998908466,0.45447000229614787,0.11960000119870529,15.646292999008438,0,6
793,3002064.png,0.9828350011957809,0.33559099756530486,14.19208500010427,0.38023199886083603,0.06445100007113069,16.010136001568753,0,8
794,3002075.png,0.8998829980555456,0.2815589978126809,13.591162998636719,0.36952799928258173,0.06403299994417466,15.25153200054774,0,11
795,3002080.png,0.8736349991522729,0.2417129981040489,14.74970599883818,0.42708500041044317,0.07512900265282951,16.414399000495905,0,11
796,3002087.png,0.8984919986687601,0.2761030009423848,16.978855997876963,0.418894000176806,0.0737549999030307,18.69124500080943,0,7
797,3002094.png,0.9139940011664294,0.2567230003478471,15.783737999299774,0.3473590004432481,0.06431000292650424,17.4115689987957,0,3
798,3002096.png,0.9309260021836963,0.25732100039022043,13.804305999656208,0.35296500209369697,0.06403199950000271,15.458833000593586,0,16
799,3002106.png,0.9202559995173942,0.2607099995657336,13.878297002520412,0.35746299909078516,0.06455599941546097,15.532099001575261,0,17
800,3002108.png,0.8881250032573007,0.23436799892806448,13.782273999822792,0.3694059996632859,0.0642790000711102,15.385634997073794,0,9
801,3002109.png,0.9883050006465055,0.38365299769793637,15.735264001705218,0.3536469994287472,0.06478399882325903,17.57686999917496,0,6
802,3002110.png,1.045975001034094,0.5579710013989825,13.754659998085117,0.5139599998074118,0.09511500320513733,16.019683000195073,0,11
803,3002112.png,0.9614009977667592,0.3435200014791917,14.260111998737557,0.4195889996481128,0.08454499766230583,16.11064099779469,0,2
804,3002119.png,0.9388670005137101,0.2391499983787071,14.559696002834244,0.42128600034629926,0.0728150007489603,16.27857700077584,0,2
805,3002131.png,0.9788429997570347,0.2747430007730145,16.469125999719836,0.36844799979007803,0.08439399971393868,18.226325999421533,0,4
806,3002137.png,0.9322639998572413,0.252986003033584,14.090707001741976,0.3639349997683894,0.06037099956301972,15.754717001982499,0,8
807,3002148.png,0.8435669988102745,0.252649999310961,13.94159200208378,0.34690699976636097,0.06026600021868944,15.494290000788169,0,4
808,3002152.png,0.7987940007296856,0.22967499899095856,13.541144002374494,0.3309839994471986,0.05897899973206222,15.00392500020098,0,12
809,3002154.png,0.8455749994027428,0.23230700026033446,13.65796699974453,0.3315560024930164,0.060005997511325404,15.171516002737917,0,8
810,3002155.png,0.8343800000147894,0.378286000341177,13.607139000669122,0.36107699997955933,0.06613400182686746,15.298669997719117,0,12
811,3002161.png,0.9851370014075655,0.24577400108682923,14.271534997533308,0.37935900036245584,0.06499899973277934,15.996575999452034,0,5
812,3002170.png,0.8617620005679782,0.23275399871636182,14.058127002499532,0.3452219971222803,0.06295200000749901,15.602294999553123,0,1
813,3002191.png,1.0268119985994417,0.24092199964798056,14.146993999020196,0.3467839997028932,0.059869998949579895,15.866367997659836,0,7
814,3002197.png,0.915153999812901,0.22595100017497316,14.215723000233993,0.3874520007229876,0.08381399675272405,15.879875998507487,0,28
815,3002203.png,0.9406839999428485,0.25540499700582586,14.259147999837296,0.35944000046583824,0.06484899859060533,15.925005998724373,0,18
816,3002204.png,0.9721999995235819,0.2565220020187553,19.12651599923265,0.4746960003103595,0.07541399827459827,20.95707500120625,0,6
817,3002213.png,1.1678910013870336,0.4260300011083018,22.230508999200538,0.6683669998892583,0.10900800043600611,24.674914002389414,0,6
818,3002228.png,0.9021920013765339,0.33264499870711006,30.500245000439463,0.6928239999979269,0.10419799946248531,32.57676399880438,0,5
819,3002230.png,0.82856399967568,0.3056310015381314,22.10518200081424,0.37323400101740845,0.06534499698318541,23.726492003333988,0,35
820,3002232.png,0.8415219999733381,0.2573849997133948,14.939046999643324,0.37872500251978636,0.07022199861239642,16.551870001421776,0,3
821,3002238.png,0.8701439983269665,0.2476720001141075,16.893232001166325,0.4304849971958902,0.07262099825311452,18.564310998044675,0,27
822,3002243.png,0.8297579988720827,0.2509080004529096,18.941970000014408,0.496259999636095,0.08285299918497913,20.651131999329664,0,25
823,3002244.png,0.9344799982500263,0.33082300069509074,24.181952998333145,0.651754999125842,0.10823699994944036,26.256168999680085,0,33
824,3003005.png,0.9128150013566483,0.33553799949004315,19.917510999221122,0.5167429990251549,0.07991500024218112,21.80334100194159,0,4
825,3003010.png,0.9461059999011923,0.41819200123427436,19.125291000818834,0.44877600157633424,0.07540399747085758,21.06550300231902,0,10
826,3003013.png,0.976277999143349,0.34610999864526093,21.169261999602895,0.6513890002679545,0.11301199992885813,23.315249000006588,0,12
827,3003016.png,0.9143000024778303,0.3293750014563557,19.88729799995781,0.3499099984765053,0.06651600051554851,21.592146000330104,0,9
828,3003018.png,0.8258820016635582,0.2419480006210506,17.321246999927098,0.3209690003131982,0.029079001251375303,18.788643999869237,0,0
829,3003029.png,0.8177019990398549,0.2511040001991205,17.954795999685302,0.3581409982871264,0.06942999971215613,19.508569999743486,0,5
830,3003033.png,0.8464150014333427,0.24119599765981548,14.161823000904405,0.3567259991541505,0.062488998082699254,15.71635100117419,0,15
831,3003036.png,0.8357029983017128,0.23495300047216006,14.028745998075465,0.393729998904746,0.06553899947903119,15.610156999173341,0,2
832,3003047.png,0.9364079996885266,0.2469970022502821,13.957859999209177,0.4079179998370819,0.07170499884523451,15.671584002120653,0,4
833,3003048.png,1.001822998659918,0.36652799826697446,14.300651997473324,0.38862899964442477,0.06522900002892129,16.180873000848806,0,3
834,3003049.png,0.9481460001552477,0.2510270023776684,14.06685199981439,0.3841139987343922,0.0683110010868404,15.769129000545945,0,4
835,3003069.png,1.065767999534728,0.31353200029116124,15.47698500144179,0.3950419995817356,0.06916300117154606,17.369641998811858,0,5
836,3003078.png,0.8923690002120566,0.34210100056952797,23.818769997888012,0.37180400249781087,0.07091899897204712,25.54010500170989,0,1
837,3003083.png,0.9144889991148375,0.2953080002043862,14.89791199855972,0.3754090030270163,0.06876500265207142,16.60337300199899,0,28
838,3003094.png,0.9177539977827109,0.2630460003274493,14.238278999982867,0.5612209970422555,0.07163499685702845,16.10271599929547,0,10
839,3003105.png,0.8975210002972744,0.26653600070858374,13.82491399999708,0.3833720002148766,0.0688479995005764,15.492128000914818,0,2
840,3003106.png,0.8163290003722068,0.24202400163630955,14.270425999711733,0.3790179980569519,0.06819999907747842,15.81912100300542,0,10
841,3003121.png,0.8391090013901703,0.23785399753251113,14.19572500162758,0.3648129968496505,0.0647590022708755,15.763377999974182,0,3
842,3003125.png,0.8718499993847217,0.2355760007048957,14.0679310025007,0.3421989968046546,0.07035100134089589,15.629702997102868,0,3
843,3003139.png,0.924765998206567,0.2561469991633203,14.286074001574889,0.3565320002962835,0.06084900087444112,15.92448899828014,0,4
844,3003152.png,0.9578009994584136,0.25162399833789095,14.170974998705788,0.37418200008687563,0.07650999759789556,15.883702999417437,0,1
845,3003160.png,0.9819670012802817,0.32517600266146474,13.527123002859298,0.3508119989419356,0.06371000199578702,15.299562997824978,0,4
846,3003164.png,0.9746260002430063,0.31902300179353915,13.61460600310238,0.35590900006354786,0.05977799810352735,15.373858997918433,0,3
847,3003166.png,0.9435129977646284,0.2480650000507012,14.045970998267876,0.38155099900905043,0.06427100015571341,15.728861999377841,0,1
848,3003168.png,0.8538289985153824,0.22499099941342138,14.374659000168322,0.36300800275057554,0.06431200017686933,15.920776000712067,0,5
