index,filename,preprocess_ms,host_to_device_ms,inference_ms,postprocess_ms,output_to_cpu_ms,processing_total_ms,deadline_missed,num_detections
1,0001003.png,1.1094900000898633,0.45481599954655394,15.389702999527799,0.3630880019045435,0.06507499711005948,17.434420002246043,0,6
2,0001020.png,1.0523719975026324,0.22591299784835428,14.82245900115231,0.3460730004007928,0.06307299918262288,16.55860299797496,0,1
3,0001023.png,1.0665490008250345,0.22670699763693847,13.540579999244073,0.35381199995754287,0.06277300053625368,15.302185001928592,0,7
4,0001031.png,1.1000090016750619,0.23134900038712658,14.57286300137639,0.36283199733588845,0.05852400136063807,16.37631699850317,0,6
5,0001043.png,1.017001999571221,0.23721600155113265,29.33189100076561,0.7130099984351546,0.12394800069159828,31.474490999244153,0,3
6,0001047.png,1.3015850017836783,0.39729800118948333,32.00806200038642,0.3945259995816741,0.06820699854870327,34.22547599984682,1,7
7,0001052.png,0.8631819982838351,0.22999499924480915,14.733100000739796,0.4135310009587556,0.06686799679300748,16.361270001652883,0,9
8,0001053.png,0.8789940002316143,0.21882099827053025,14.807840001594741,0.3752550001081545,0.06597299943678081,16.394539998145774,0,4
9,0001054.png,0.8804520002740901,0.2376140000706073,14.421165997191565,0.3610929998103529,0.06334799763862975,16.014983000786742,0,2
10,0001060.png,0.8419639998464845,0.23467199935112149,14.09791400146787,0.351938000676455,0.06845700045232661,15.63637899744208,0,1
11,0001068.png,0.8478019990434404,0.2504980002413504,14.628880999225657,0.39674700019531883,0.07200099935289472,16.236122999544023,0,2
12,0001071.png,1.0180839999520686,0.31436700010090135,14.556717997038504,0.35379799737711437,0.06595000013476238,16.371724999771686,0,3
13,0001072.png,0.8729900000616908,0.220161000470398,14.53535999826272,0.4206180019536987,0.07426199954352342,16.173037998669315,0,4
14,0001073.png,0.8748049986024853,0.31498099997406825,14.725440996699035,0.36353699761093594,0.06292599937296472,16.39370299744769,0,10
15,0001074.png,0.9241660009138286,0.25236799774575047,20.70147699851077,0.7368000005953945,0.11565699969651178,22.782246000133455,0,1
16,0001083.png,1.1574519994610455,0.4374490017653443,18.208784000307787,0.37324399818317033,0.06533399937325157,20.31166199958534,0,7
17,0001085.png,0.9124719981628004,0.23684099869569764,19.894510001904564,0.6674420001218095,0.10343299800297245,21.86898400032078,0,4
18,0001086.png,0.900850001926301,0.29523800185415894,31.524442998488666,0.7355730012932327,0.1101039997593034,33.627161999902455,1,10
19,0001088.png,0.9160989975498524,0.3378869987500366,18.746268000541022,0.36291700234869495,0.06838900299044326,20.477290003327653,0,2
20,0002015.png,0.9242550004273653,0.24029400083236396,14.319591002276866,0.3572189998521935,0.06191400098032318,15.954581002006307,0,3
21,0002037.png,1.0125310000148602,0.23507399964728393,14.306967001175508,0.43147299948032014,0.06788300015614368,16.103314999782015,0,1
22,0002040.png,0.9674289976828732,0.24136800129781477,13.88702699841815,0.35691999801201746,0.06404800296877511,15.561352000077022,0,3
23,0002043.png,0.9684050019131973,0.24458700136165135,13.692936998268124,0.3391169993847143,0.05775300087407231,15.348870998423081,0,1
24,0002045.png,0.9691949999250937,0.21801899856654927,14.012237999850186,0.38036800106056035,0.07447600000887178,15.70627399996738,0,8
25,0002046.png,0.9893030000966974,0.26101700132130645,15.129804000025615,0.39303100129473023,0.07149900193326175,16.897038000024622,0,2
26,0002049.png,0.9722470022097696,0.23592199795530178,14.362855999934254,0.3928580008505378,0.07518799975514412,16.09027699669241,0,8
27,0002061.png,0.8384400025533978,0.2743989971349947,14.423748998524388,0.3993259997514542,0.06992699854890816,16.04994599983911,0,23
28,0002065.png,0.8941300002334174,0.27276000037090853,13.85346999813919,0.39067900070222095,0.06684000254608691,15.522560999670532,0,7
29,0002075.png,0.8981439968920313,0.2177499991375953,14.111245000094641,0.3932599975087214,0.06459400174207985,15.725894998467993,0,6
30,00030001.png,0.8843599971442018,0.24009099797694944,14.828682000370463,0.45029999819234945,0.07948799975565635,16.529709999304032,0,11
31,00030004.png,1.0338859974581283,0.3526719992805738,14.886010998452548,0.37603599776048213,0.06040600055712275,16.76284799759742,0,2
32,00030006.png,0.9923889992933255,0.25925200316123664,15.117012000700925,0.41859900011331774,0.07198399907792918,16.906076001760084,0,6
33,00030015.png,1.0943400011456106,0.3250780027883593,15.91008499963209,0.4523429997789208,0.07100299990270287,17.916372999025043,0,4
34,00030016.png,0.9604990009393077,0.3534929965098854,13.923808997788,0.3535169998940546,0.08595599865657277,15.727505000540987,0,4
35,00030017.png,0.9274449985241517,0.2341110011911951,14.050370002223644,0.3603089971875306,0.06119499812484719,15.682601999287726,0,2
36,0006002.png,0.9966190009436104,0.2417190007690806,14.540493000822607,0.3565440019883681,0.06168500112835318,16.256497001450043,0,8
37,0006013.png,1.120523000281537,0.4124199986108579,13.555957000789931,0.45945599777041934,0.08348000119440258,15.67735600110609,0,17
38,0008009.png,0.8773449990258086,0.28151700098533183,13.665866001247196,0.35304800258018076,0.06144099825178273,15.291720999812242,0,5
39,0008034.png,1.0926459981419612,0.40480300231138244,15.076259998750174,0.43456300045363605,0.07597399962833151,17.15292099834187,0,5
40,0009007.png,0.9293190014432184,0.26468599753570743,14.156930999888573,0.39154600017354824,0.06974299685680307,15.857596998102963,0,2
41,0009020.png,1.0478310032340232,0.2804120013024658,14.220045999536524,0.38641200080746785,0.06694499825243838,16.05587199810543,0,4
42,0009028.png,0.9949440027412493,0.229697998292977,13.910600999224698,0.41132900150842033,0.0716600006853696,15.666150000470225,0,2
43,0009029.png,1.0242719981761184,0.251851997745689,14.23736899960204,0.3693100006785244,0.06695299816783518,16.002677999495063,0,3
44,0009030.png,1.0047300020232797,0.24095800108625554,14.41881700156955,0.39333899985649623,0.06759300231351517,16.172677002032287,0,7
45,0009032.png,0.9332079971500207,0.26226499903714284,14.573422002285952,0.37679800152545795,0.06638299964834005,16.2589339997794,0,7
46,0009036.png,0.8520340015820693,0.3204669992555864,16.18433400290087,0.4022350003651809,0.0681000019540079,17.872963999252534,0,21
47,0009045.png,1.0443309984111693,0.2712280002015177,16.71127599911415,0.41755599886528216,0.07920599819044583,18.577923998236656,0,3
48,0009053.png,1.1074260000896174,0.2631620009196922,15.088136999111157,0.36380899837240577,0.06391799979610369,16.940605000854703,0,10
49,0011005.png,0.8973699987109285,0.2560499997343868,14.739788999577286,0.3651950028142892,0.06613500227103941,16.370880999602377,0,11
50,0011006.png,0.882970001839567,0.24780300009297207,14.525380000122823,0.37379100103862584,0.0643599996692501,16.13694600018789,0,9
51,0011014.png,0.974288002907997,0.24445499730063602,14.346448999276618,0.36155799898551777,0.06426600157283247,16.04243099791347,0,6
52,0011016.png,1.0134570002264809,0.431439999374561,15.233524001814658,0.416758000937989,0.07162900146795437,17.24347200070042,0,8
53,0011022.png,1.0192270019615535,0.29622099827975035,15.076442003191914,0.5597950002993457,0.07694700252613984,17.086096999264555,0,11
54,0011025.png,0.977953000983689,0.3174150006088894,14.302060000773054,0.4069680035172496,0.06968600064283237,16.11830399997416,0,8
55,0011026.png,1.020732001052238,0.26829699709196575,14.755129999684868,0.3905320008925628,0.07050999920465983,16.56262700271327,0,6
56,0011031.png,0.9372509994136635,0.45270299960975535,14.558726998075144,0.3605490019253921,0.06619399937335402,16.435633002402028,0,4
57,0011034.png,1.0026460004155524,0.2524029987398535,14.124377998086857,0.4036559985252097,0.07546199776697904,15.907535998849198,0,15
58,0011036.png,1.0160310011997353,0.299777999316575,15.05333199747838,0.4046909998578485,0.06982499689911492,16.89867799723288,0,21
59,0012002.png,0.9165360024780966,0.2405459999863524,15.40570200086222,0.39321000076597556,0.07069099956424907,17.068545002985047,0,3
60,0012003.png,0.971504003246082,0.2582159977464471,14.907472999766469,0.3975869985879399,0.06886399933137,16.653949998726603,0,4
61,0012005.png,0.9272689967474435,0.23459399744751863,14.550370000506518,0.3576039998733904,0.06501899770228192,16.17765900300583,0,3
62,0012006.png,0.8745779996388592,0.27041400244343095,14.812072997301584,0.3771699994103983,0.06258799839997664,16.441280000435654,0,18
63,0012008.png,0.9212859986291733,0.2555980026954785,15.317246998165501,0.37056400105939247,0.0657620003039483,16.973719000816345,0,11
64,0012011.png,0.9269190013583284,0.23779999901307747,13.773950999166118,0.3611819993238896,0.058723999245557934,15.397185998153873,0,4
65,0013002.png,0.9464270005992148,0.2182830030506011,13.503800000762567,0.361546000931412,0.06565500007127412,15.143312000873266,0,1
66,0013003.png,0.719363997632172,0.2585949987405911,14.730669998243684,0.3578200012270827,0.06201200085342862,16.16830800048774,0,2
67,0013008.png,0.852892997500021,0.23226800112752244,15.162888001214014,0.3517740005918313,0.06227799894986674,16.711897998902714,0,3
68,0013012.png,0.9031189983943477,0.4821420006919652,14.348551998409675,0.3401280009711627,0.05765700188931078,16.1796870015678,0,4
69,0013021.png,1.0583580005913973,0.2780539980449248,14.510886998323258,0.5377589986892417,0.08486099977744743,16.53082499979064,0,2
70,0014011.png,1.1509759970067535,0.32188600016525015,14.621489001001464,0.4979149998689536,0.08397000055992976,16.739628998038825,0,1
71,0014017.png,0.9984259995690081,0.26336500013712794,14.015772001584992,0.31106899768928997,0.03450599979260005,15.673328998673242,0,0
72,0014020.png,1.0779799995361827,0.345421998645179,14.379547999851638,0.38346600194927305,0.0649879984848667,16.31284899849561,0,6
73,0014023.png,1.0120900005858857,0.2557260013418272,14.788484997552587,0.3716020000865683,0.06669700087513775,16.551185999560403,0,2
74,0014029.png,0.9448259988857899,0.23795900051482022,14.695738998852903,0.40828399869496934,0.06930599920451641,16.406768001616,0,5
75,0015004.png,0.9931950007739943,0.2708490028453525,14.491833000647603,0.42622799810487777,0.0634480020380579,16.322284001944354,0,8
76,0015006.png,0.8624119982414413,0.2857120016415138,15.309272999729728,0.41051100197364576,0.0687709980411455,16.988438001135364,0,23
77,0015013.png,0.9810150004341267,0.22430900207837112,15.942363999783993,0.369973000488244,0.06768900129827671,17.629737998504424,0,9
78,0016002.png,0.890555002115434,0.3291079992777668,14.251177999540232,0.3681739981402643,0.06325499998638406,15.94826500149793,0,6
79,0016006.png,0.9169549994112458,0.24670200218679383,14.257487997383578,0.37742600034107454,0.062880997575121,15.91056200049934,0,6
80,0016007.png,0.8354270030395128,0.24331099848495796,13.807470000756439,0.32099800228024833,0.06191400098032318,15.308885998820188,0,7
81,0016009.png,0.885071000084281,0.2587609997135587,34.10811700086924,0.7846189982956275,0.12620699999388307,36.21533499972429,1,13
82,0016014.png,0.9448399978282396,0.3389370031072758,34.92701199866133,0.4052889999002218,0.06639499770244583,36.73304800031474,1,6
83,0016015.png,0.8445239982393105,0.2616970014059916,14.764450999791734,0.36327600173535757,0.0916479984880425,16.37452199793188,0,4
84,0016017.png,0.8634340010758024,0.28469799872254953,14.768708999326918,0.3819170015049167,0.06026099799782969,16.4043139993737,0,3
85,0020006.png,0.9928690014930908,0.2559040003689006,13.926412997534499,0.4025289999844972,0.061224000091897324,15.690214997448493,0,10
86,0022008.png,1.0184040002059191,0.2341660001548007,13.397741997323465,0.35954999839304946,0.08977499965112656,15.147791000345023,0,14
87,0022010.png,0.9635700007493142,0.2447299993946217,14.33195500067086,0.3810980015259702,0.06308999945758842,16.026564997446258,0,6
88,0022030.png,1.1286779990768991,0.26826000248547643,14.22665700010839,0.4111239977646619,0.0635049982520286,16.153951997694094,0,8
89,0022039.png,0.9200980020978022,0.24098299763863906,13.586461001978023,0.3566589984984603,0.06157999814604409,15.21484499971848,0,7
90,0023007.png,1.0548919999564532,0.29996300145285204,28.275337001105072,0.38139699972816743,0.06756499715265818,30.150762999255676,0,8
91,0023014.png,1.0629739990690723,0.25743700098246336,14.288291000411846,0.3610089988796972,0.06142599886516109,16.074871997261653,0,1
92,0024022.png,0.9418990011909045,0.2691610025067348,13.706187000934733,0.3662979979708325,0.07060200005071238,15.4015750013059,0,6
93,0024038.png,0.9465059993090108,0.27514500106917694,14.439809001487447,0.3795910015469417,0.06776699956390075,16.153896998730488,0,35
94,0024047.png,0.9570820002409164,0.30481800058623776,14.018721001775702,0.3544450009940192,0.059890000557061285,15.746409000712447,0,28
95,0024054.png,0.925414999073837,0.27557900102692656,14.010021001013229,0.38148900057421997,0.060515001678140834,15.693533998273779,0,9
96,0024061.png,1.0056800019810908,0.25336799808428623,14.857056001346791,0.37275399881764315,0.0666029991407413,16.59853000091971,0,8
97,0025003.png,1.0310149991710205,0.26401800278108567,13.709327999094967,0.3762700034712907,0.06231299994396977,15.494674000365194,0,7
98,0025006.png,1.1587929984671064,0.27158699958818033,14.917556000000332,0.4211509985907469,0.06324900095933117,16.896414002985694,0,7
99,0025013.png,0.9260599981644191,0.24363500051549636,14.518170999508584,0.3754169993044343,0.06041399683454074,16.16371799900662,0,4
100,0025016.png,0.9558070014463738,0.2573080018919427,13.7245259975316,0.37758799953735434,0.058693000028142706,15.427674999955343,0,8
101,0025017.png,0.861657001223648,0.312703999952646,14.634367998951348,0.3613360022427514,0.06263800241868012,16.276825001114048,0,12
102,0025024.png,0.9002389997476712,0.42641000254661776,14.143809999950463,0.38522100294358097,0.09192099969368428,15.998826002032729,0,8
103,0025034.png,1.0917599975073244,0.4551450001599733,18.57134699821472,0.36992300010751933,0.06974400093895383,20.62919699892518,0,10
104,0026005.png,1.1031620015273802,0.2875099999073427,14.057774998946115,0.4110949994355906,0.08695300130057149,16.00025799780269,0,12
105,0026012.png,1.3469599980453495,0.32840199855854735,15.253702997142682,0.40046499998425134,0.08589899880462326,17.483630999777233,0,13
106,0026013.png,1.081096997950226,0.25394600015715696,14.02962700012722,0.3595159978431184,0.0649880021228455,15.83927899991977,0,12
107,0100017.png,0.9736100000736769,0.25179600197589025,14.916809999704128,0.4230089980410412,0.06224300159374252,16.677861000061966,0,10
108,0100021.png,1.046928002324421,0.2742649994615931,15.95321300192154,0.37615000110235997,0.06307800140348263,17.761499002517667,0,5
109,0100022.png,0.9993239982577506,0.24722299713175744,14.705169000080787,0.37344100201153196,0.061743998230667785,16.437965001387056,0,11
110,0100030.png,0.961025998549303,0.2574969985289499,13.973476001410745,0.3614029992604628,0.058431000070413575,15.662072000850458,0,4
111,0100041.png,0.9093030021176673,0.2516169988666661,14.000208000652492,0.3606829995987937,0.05662100011250004,15.626993001205847,0,5
112,0100056.png,0.9454850005568005,0.24631599808344617,13.801852001051884,0.39626500074518844,0.06477900024037808,15.503869999520248,0,2
113,0100057.png,0.9157189997495152,0.25748799816938117,14.142962998448638,0.39044199729687534,0.06303199916146696,15.809956999873975,0,1
114,0100059.png,0.9583410028426442,0.2594339966890402,14.042798000446055,0.3492069990898017,0.07868800094001926,15.730523999081925,0,6
115,0100067.png,0.8616670020273887,0.30390399842872284,14.495508999971207,0.4129700027988292,0.05927099846303463,16.180936003365787,0,4
116,0100073.png,0.9102969997911714,0.2306080023117829,14.412258002266753,0.37118399995961227,0.06182599827297963,16.033714997320203,0,3
117,0100074.png,1.0412300034658983,0.3276839997852221,14.112265002040658,0.3451789998507593,0.059910002164542675,15.946165000059409,0,4
118,0100075.png,1.2099160012439825,0.580178002564935,31.827262002479983,0.7261930004460737,0.10136299897567369,34.58444800344296,1,3
119,0100083.png,1.141185002779821,0.33338600042043254,21.144739002920687,0.39518499761470594,0.06442999801947735,23.1293500000902,0,5
120,0101008.png,1.0967620000883471,0.2770489991235081,14.842174998193514,0.3928840014850721,0.06823700095992535,16.72020800106111,0,8
121,0101018.png,1.1321419988234993,0.307171001622919,20.06434699796955,0.4071789990121033,0.06338800085359253,22.027933002391364,0,9
122,0101020.png,1.1552850010048132,0.29139899925212376,15.214080998703139,0.40146600076695904,0.06693899922538549,17.18800000162446,0,5
123,0101022.png,1.358035999146523,0.4095439981028903,16.25130899992655,0.4134740011068061,0.06287700307439081,18.563028999778908,0,5
124,0101032.png,1.0396580000815447,0.32466000266140327,14.525914000842022,0.3830189998552669,0.06412799848476425,16.38581099905423,0,1
125,0101056.png,1.1911610017705243,0.32179100162466057,15.500714998779586,0.37214200347079895,0.06357500024023466,17.505813000752823,0,8
126,0101058.png,1.136844999564346,0.3091260005021468,14.969775998906698,0.37358900226536207,0.06292999751167372,16.907651002838975,0,3
127,0101071.png,0.9705200027383398,0.271061002422357,13.797851002891548,0.4201400006422773,0.06042099994374439,15.567907998047303,0,2
128,0101072.png,0.9616950010240544,0.26726999931270257,13.871567996829981,0.3893289976986125,0.07673000072827563,15.611576000083005,0,4
129,0102006.png,1.0055929997179192,0.2688189997570589,15.068468001118163,0.3953320010623429,0.0644389983790461,16.855419002240524,0,1
130,0102007.png,1.0063699992315378,0.31381599910673685,15.282061998732388,0.42044699875987135,0.06781000047340058,17.137047998403432,0,4
131,0102010.png,1.1370130014256574,0.25394200201844797,14.992764001362957,0.3832850015896838,0.061925002228235826,16.908067002077587,0,2
132,0102016.png,1.3554920005844906,0.4623870008799713,15.424198001710465,0.4141059980611317,0.06906400085426867,17.80685700214235,0,1
133,0102020.png,1.0456950003572274,0.2837609972630162,14.251837001211243,0.4117979988222942,0.0645969994366169,16.11383899944485,0,2
134,0102025.png,1.0971079973387532,0.2928319991042372,14.856581001367886,0.3945800017390866,0.062805997004034,16.75888799945824,0,4
135,0102032.png,1.0673370015865657,0.2673230010259431,14.15825599906384,0.38875799873494543,0.06435300019802526,15.990718002285575,0,2
136,0102033.png,1.0846689983736724,0.2880649990402162,13.775161001831293,0.37779700141982175,0.06305699935182929,15.631130001565907,0,7
137,0102040.png,1.1740769987227395,0.28073900102754124,14.515373997710412,0.4025189991807565,0.06415999814635143,16.494203999172896,0,1
138,0102041.png,1.219546000356786,0.3120139990642201,14.258842998970067,0.371232999896165,0.08501299816998653,16.306998000800377,0,2
139,0102050.png,0.9445479990972672,0.24822599880280904,14.270499999838648,0.39630999890505336,0.06070200106478296,15.970188000210328,0,4
140,0103013.png,0.9927989995048847,0.2659109995875042,14.6911240008194,0.3852160007227212,0.06333500277833082,16.449939997983165,0,2
141,0103016.png,1.0022959977504797,0.2611700001580175,14.175001000694465,0.37247799991746433,0.06143500286270864,15.92634600092424,0,1
142,0103018.png,0.9836639983404893,0.2645130007294938,14.359000000695232,0.386444000469055,0.060880000091856346,16.10642900050152,0,1
143,0103026.png,1.0648150018823799,0.2570670003478881,13.947559000371257,0.3701489986269735,0.06288599979598075,15.753889001643984,0,2
144,0103028.png,1.0945400026685093,0.2769700004137121,14.318206998723326,0.3711419994942844,0.05942799907643348,16.170065999176586,0,1
145,0103036.png,0.9236619989678729,0.2405459999863524,13.062220001302194,0.34296400190214626,0.05526400127564557,14.66413800153532,0,3
146,0103042.png,1.0943449997284915,0.39989599827094935,13.605241001641843,0.3677339991554618,0.05921499905525707,15.580875999148702,0,1
147,0104011.png,1.0691290008253418,0.2929300026153214,22.734828999091405,0.36058900150237605,0.06479300282080658,24.575126000854652,0,4
148,0104012.png,1.0921640023298096,0.25132399969152175,14.45185299962759,0.35432799995760433,0.060554997617146,16.264689002127852,0,3
149,0104013.png,0.9890159999486059,0.26018800053861924,15.041588998428779,0.4377590012154542,0.07393499981844798,16.857962000358384,0,2
150,0104016.png,0.892087999091018,0.25866699797916226,14.410707000934053,0.36574600017047487,0.06316100188996643,16.037786997912917,0,7
151,0104020.png,0.9537149999232497,0.23940000028233044,14.151281000522431,0.35529699744074605,0.058656998589867726,15.801272998942295,0,8
152,0104040.png,0.9977660010918044,0.23530999897047877,14.477324999461416,0.35613199725048617,0.08057400191319175,16.196378997847205,0,1
153,0104042.png,1.0854529973585159,0.23369499831460416,14.63216000047396,0.36130200169282034,0.060721999034285545,16.42414500020095,0,1
154,0104043.png,1.0885480005526915,0.2615330013213679,14.287161000538617,0.40290699689649045,0.06461699740611948,16.158722999534803,0,1
155,0105001.png,0.9979639980883803,0.2402339996478986,14.26615399759612,0.4123799990338739,0.0725050012988504,16.033625997806666,0,2
156,0105002.png,1.0861230002774391,0.3197739970346447,14.99629599857144,0.3916179994121194,0.06864199895062484,16.91936199858901,0,9
157,0105007.png,1.113771999371238,0.3072260005865246,15.89993700326886,0.3860569995595142,0.05934499858994968,17.821592999098357,0,5
158,0105010.png,0.9978050002246164,0.24593700072728097,13.773004000540823,0.389800999982981,0.058675999753177166,15.516285002377117,0,4
159,0105014.png,1.0392340009275358,0.2409150001767557,14.602990999264875,0.36682500285678543,0.0680049997754395,16.36653999958071,0,5
160,0105017.png,1.2208259977342095,0.3394350023881998,13.771729998552473,0.40185299803852104,0.07228799950098619,15.866657999140443,0,1
161,0105026.png,1.3243300018075388,0.3963309973187279,14.48192700263462,0.4802450021088589,0.07372400068561547,16.85110299877124,0,4
162,0105029.png,1.0786149978230242,0.3401079993636813,14.265516998420935,0.4753419998451136,0.07835100041120313,16.29535699976259,0,2
163,0105034.png,0.9920110023813322,0.2529820012568962,14.303683998150518,0.3809629997704178,0.06461900193244219,16.04034100091667,0,2
164,0105040.png,1.0288729972671717,0.3067860016017221,14.262755998061039,0.2998000018124003,0.0355280026269611,15.984921999915969,0,0
165,0106006.png,1.0876839987759013,0.3032480017282069,14.360896999278339,0.4103859973838553,0.08455699935439043,16.305309000017587,0,1
166,0106007.png,1.0511930013308302,0.2907719972427003,14.959569001803175,0.403982001444092,0.0657580021652393,16.823854002723237,0,7
167,0106008.png,1.0143569998035673,0.2572150006017182,15.915102998405928,0.4241070018906612,0.06956799916224554,17.730685998685658,0,8
168,0106012.png,1.0791729982884135,0.27217699971515685,14.910813002643408,0.41478800267213956,0.06586000017705373,16.80149599997094,0,2
169,0106014.png,1.0882219976338092,0.33198000164702535,14.810275002673734,0.403113997890614,0.06526700235554017,16.754078002122696,0,2
170,0106016.png,1.1220330015930813,0.32326799919246696,14.51805000033346,0.39098300112527795,0.06671699884464033,16.482459999679122,0,2
171,0106021.png,1.1210419979761355,0.293332999717677,16.624001997115556,0.4076570003235247,0.06724299964844249,18.571077001979575,0,3
172,0107008.png,0.9424359996046405,0.394643000618089,15.253509998728987,0.5748969997512177,0.14371699944604188,17.357021999487188,0,3
173,0107025.png,1.1242660002608318,0.3557110030669719,15.695885998866288,0.4460400014068,0.07881700003053993,17.75587100200937,0,2
174,0107030.png,1.1333770016790368,0.3969110002799425,15.516262999881292,0.4135430026508402,0.06993100032559596,17.593985998246353,0,1
175,0108001.png,0.9943830009433441,0.30804900234215893,15.021798000816489,0.3873410023516044,0.07298800119315274,16.840680000314023,0,2
176,0108008.png,0.9274379990529269,0.31768000189913437,14.807040002779104,0.3812690010818187,0.06996699812589213,16.561135002120864,0,1
177,0108014.png,1.0181719990214333,0.33031500061042607,15.154819997405866,0.40601299770059995,0.06952399780857377,17.036933997587766,0,3
178,0108015.png,0.986577997537097,0.27094899996882305,15.461188999324804,0.5746189999626949,0.0714250018063467,17.419383002561517,0,3
179,0108021.png,0.913970001420239,0.27862400020239875,14.680903997941641,0.46190200009732507,0.07057599941617809,16.461570998217212,0,2
180,0108023.png,0.8825760014588013,0.2701230005186517,14.413200002309168,0.39909999759402126,0.07061599899316207,16.089619999547722,0,2
181,0108026.png,0.9256549965357408,0.26232399977743626,15.401368000311777,0.4217160021653399,0.07799399827490561,17.140290001407266,0,2
182,0108028.png,0.9712840001157019,0.2750610001385212,15.169697999226628,0.3734460005944129,0.26284299747203477,17.098683998483466,0,1
183,0108033.png,1.055772001564037,0.38171500273165293,15.773167000588728,0.4380870013847016,0.06891999873914756,17.775239000911824,0,1
184,0108035.png,0.8555640015401877,0.2966350002679974,14.77321799757192,0.4389850000734441,0.07868100146879442,16.48809899779735,0,1
185,0108041.png,1.046063996909652,0.4227559984428808,15.929691999190254,0.3712540019478183,0.06838700210209936,17.90087499830406,0,1
186,0200006.png,0.7790439995005727,0.29745699794148095,15.460164002433885,0.3984789982496295,0.06705399937345646,17.046081000444246,0,4
187,0200008.png,0.9518219994788524,0.30078399868216366,14.920587000233354,0.38814800063846633,0.06624399975407869,16.68303399856086,0,1
188,0200010.png,0.7851959999243263,0.2501090020814445,14.98752200132003,0.43846300104632974,0.07177600127761252,16.57208299729973,0,6
189,0200012.png,0.8247570003732108,0.2679169992916286,15.004960001533618,0.4276310028217267,0.07115599873941392,16.647272001137026,0,2
190,0200016.png,0.7606449980812613,0.24949699945864268,14.435654000408249,0.39114299943321384,0.0642079976387322,15.94589299929794,0,2
191,0200025.png,0.7154609993449412,0.2494689979357645,15.485355997952865,0.4018789986730553,0.07001999983913265,16.963841000688262,0,1
192,0200028.png,0.8242559997597709,0.313390999508556,15.792621998116374,0.42986800326616503,0.07074500172166154,17.475231001299107,0,5
193,0200031.png,0.9802950007724576,0.5043319979449734,15.62081100200885,0.47279200225602835,0.08105999950203113,17.723238001053687,0,1
194,0200032.png,0.9263100000680424,0.42034999933093786,16.726469999412075,0.457326001196634,0.08708799941814505,18.673220001801383,0,2
195,0200036.png,1.0636939987307414,0.3945780008507427,18.353519997617695,0.3792329989664722,0.06739200034644455,20.317643000453245,0,1
196,0201005.png,0.942032002058113,0.28917199961142614,15.726053999969736,0.3787990026467014,0.06696900163660757,17.45789400229114,0,1
197,0201007.png,0.8687360023031943,0.23956600125529803,13.978702001622878,0.35842899887938984,0.1462340005673468,15.637182998034405,0,1
198,0201019.png,0.7601809993502684,0.23096099903341383,14.756149001186714,0.3579379990696907,0.06387100074789487,16.218747001403244,0,1
199,0202003.png,0.9052259993040934,0.24447599935228936,15.305130000342615,0.4023529982077889,0.06972200208110735,16.978637002466712,0,2
200,0202005.png,1.0583520015643444,0.6101319995650556,36.04722399904858,0.7858069984649774,0.12093300028936937,38.749945000745356,1,2
201,0202014.png,0.9007529988593888,0.28754500090144575,15.443832002347335,0.37993899968569167,0.07120900045265444,17.124283000157448,0,3
202,0203001.png,0.8869890007190406,0.25347200062242337,14.927814998372924,0.4491420004342217,0.07508400085498579,16.64457399965613,0,2
203,0203007.png,0.991411001450615,0.3775260011025239,23.4013720000803,0.7865349980420433,0.1201839986606501,25.739627002622,0,3
204,0203008.png,1.1859660007758066,0.5330630010575987,19.11586099959095,0.35991400000057183,0.06253299943637103,21.321464999346063,0,1
205,0203009.png,0.8631919990875758,0.26360199990449473,14.062828002352035,0.3707089999807067,0.06543600102304481,15.677349001634866,0,1
206,0203010.png,0.8171070003299974,0.24548700093873776,13.811748998705298,0.3553219976311084,0.06411800131900236,15.342700000473997,0,2
207,0203012.png,0.8965410015662201,0.2435140013403725,14.874881999276113,0.3758649982046336,0.06596299863304012,16.500396999617806,0,2
208,0203015.png,0.9174970000458416,0.24457299878122285,13.802376000967342,0.35270499938633293,0.0638230012555141,15.431673000421142,0,8
209,0203016.png,0.7857140008127317,0.25055200239876285,34.25414999946952,0.3975999970862176,0.06774999928893521,35.80575300293276,1,5
210,0203020.png,0.7639050018042326,0.273540001217043,14.34623600289342,0.5191529999137856,0.07223399734357372,16.029417998652207,0,2
211,0203021.png,0.8167300002241973,0.26314800197724253,13.891751998016844,0.4048650007462129,0.06617400140385143,15.490150999539765,0,3
212,0204002.png,0.7413570019707549,0.2469749997544568,15.954013000737177,0.6570869991264772,0.10995500269928016,17.769802998373052,0,1
213,0204018.png,0.8238659975177143,0.3504960004647728,19.364463001693366,0.3552369998942595,0.06376199962687679,21.011288998124655,0,2
214,0204020.png,0.7815999997546896,0.260082000750117,14.799099000811111,0.39461000051232986,0.07213800199679099,16.360296998755075,0,2
215,0204023.png,0.8492119995935354,0.31346299874712713,14.92707899888046,0.358074001269415,0.06647200279985555,16.570435000176076,0,3
216,0205001.png,0.8561569993617013,0.2727699975366704,30.779361000895733,0.6546369986608624,0.11765199815272354,32.73010200064164,0,2
217,0205002.png,0.813276998087531,0.45779900028719567,22.590664000745164,0.3694119986903388,0.09288400178775191,24.369755999941844,0,1
218,0205011.png,0.8343740009877365,0.25866299984045327,13.713872998778243,0.36540899964165874,0.06591300189029425,15.288205999240745,0,2
219,0400002.png,0.8719850011402741,0.257452000369085,13.93845699931262,0.3962139999202918,0.07146099960664287,15.575786001136294,0,3
220,0400024.png,1.0043850015790667,0.26790199990500696,14.084712998737814,0.3662470007839147,0.06673299867543392,15.843794000829803,0,3
221,0400025.png,0.9466960000281688,0.2562949994171504,13.811032000376144,0.3655639993667137,0.0649759967927821,15.497096999752102,0,1
222,0400027.png,0.9590440022293478,0.24416100131929852,14.064364997466328,0.3493629992590286,0.06643499727942981,15.734922999399714,0,6
223,0400028.png,0.994582998828264,0.3498920013953466,13.691935000679223,0.3508160007186234,0.06208500053617172,15.50570299878018,0,2
224,0400036.png,0.9907860003295355,0.24742399909882806,14.239398999052355,0.3996699997514952,0.0679300028423313,15.99458000055165,0,2
225,0401014.png,0.8366590009245556,0.2760699971986469,13.970774001791142,0.41058200076804496,0.06555100117111579,15.612548002536641,0,8
226,0401015.png,0.8408510002482217,0.24870999914128333,15.280725001503015,0.3742749977391213,0.06519599992316216,16.859413000929635,0,1
227,0401029.png,0.8798749986453913,0.24646399833727628,32.27273800075636,0.8835050030029379,0.12772600166499615,34.46378799708327,1,1
228,0401031.png,0.9152100028586574,0.34161199801019393,25.21913899909123,0.37319399780244567,0.06566600131918676,26.964513999701012,0,2
229,0401035.png,1.0254549997625872,0.3274769987910986,14.36398000078043,0.3889500003424473,0.06782699711038731,16.229119002673542,0,1
230,0401039.png,1.002509001409635,0.2577539999037981,14.18766200004029,0.36202399860485457,0.08595699910074472,15.947017000144115,0,2
231,0401040.png,0.9403789990756195,0.2422319994366262,14.4400629978918,0.41766099820961244,0.06540799950016662,16.154114000528352,0,2
232,0401045.png,0.9389619990542997,0.23645200053579174,13.773755999864079,0.34802099980879575,0.060616999689955264,15.40626499991049,0,1
233,0401075.png,0.9542660009174142,0.2761210016615223,14.599608999560587,0.36714399902848527,0.06783299977541901,16.31510999868624,0,6
234,0402005.png,0.885146000655368,0.26925099882646464,24.868155000149272,0.35990800097351894,0.06412199945771135,26.498803003050853,0,1
235,0402006.png,0.8831749983073678,0.2598899991426151,14.24809500167612,0.3659330031950958,0.06442800076911226,15.876621000643354,0,4
236,0402014.png,0.9066739985428285,0.2889669995056465,14.203147999069188,0.370850000763312,0.06713100083288737,15.898216999630677,0,8
237,0402017.png,0.9549239985062741,0.288906001514988,14.639940000051865,0.4005779992439784,0.06729400047333911,16.40525000038906,0,3
238,0402018.png,0.9227070004271809,0.2543740010878537,14.13100300123915,0.35973199919681065,0.06284000119194388,15.774397998029599,0,1
239,0402019.png,0.963392998528434,0.24527599816792645,14.047473003302002,0.3685510018840432,0.0654399991617538,15.755363998323446,0,1
240,0402022.png,1.1234820012759883,0.3294970010756515,14.11564900263329,0.40230699960375205,0.0666070009174291,16.108916999655776,0,3
241,0402023.png,1.0525910001888406,0.24174999998649582,14.827398001216352,0.3686299969558604,0.06659000064246356,16.595860000961693,0,1
242,0402028.png,1.0504870006116107,0.30825599969830364,14.450777998717967,0.5422610011009965,0.07252200157381594,16.47130400306196,0,2
243,0402032.png,1.0241499985568225,0.24747400311753154,13.952020999568049,0.3747950031538494,0.06315700011327863,15.711464002379216,0,3
244,0403009.png,0.9049719992617611,0.23967500237631612,13.88915500137955,0.3635339999163989,0.07002400161582045,15.508092001255136,0,4
245,0403012.png,0.8778890005487483,0.24869600019883364,14.84892000007676,0.36393999835127033,0.0681549972796347,16.45717999781482,0,4
246,0403017.png,0.8311040000990033,0.2548749980633147,14.204688999598147,0.37086999873281457,0.06166499952087179,15.773815001011826,0,1
247,0403020.png,0.9069080006156582,0.2650400019774679,14.193122999131447,0.40068399903248064,0.05998100095894188,15.879251001024386,0,2
248,0403023.png,0.8410359987465199,0.2553039994381834,13.621582002087962,0.3453440003795549,0.06286300049396232,15.172141997027211,0,1
249,0403030.png,0.8207280006899964,0.24630500047351234,13.318772998900386,0.45276400123839267,0.06778699753340334,14.979882002080558,0,1
250,0403032.png,0.843738998810295,0.25965900204028003,13.437883997539757,0.36428100065677427,0.06453300011344254,15.014945001894375,0,9
251,0403035.png,0.9567369997967035,0.2768480007944163,13.781011002720334,0.39878600000520237,0.06470500011346303,15.526021998084616,0,2
252,0403036.png,0.9365559999423567,0.2335030003450811,14.309418002085295,0.35369800025364384,0.06083900007070042,15.940916000545258,0,2
253,0403037.png,0.9314779999840539,0.2517930006433744,14.487057000224013,0.36526700205286033,0.06980199759709649,16.15462800327805,0,1
254,0403045.png,0.9652450025896542,0.24731899975449778,13.730446000408847,0.3662169983726926,0.06679199941572733,15.427963000547606,0,6
255,0403046.png,0.8911869990697596,0.2375410003878642,13.827148999553174,0.35345099968253635,0.06252199818845838,15.419750001456123,0,1
256,0403051.png,0.816213996586157,0.25705999723868445,13.293305000843247,0.3645940014394,0.0645909967715852,14.840738997008884,0,5
257,0404005.png,0.8514969995303545,0.23129300097934902,26.372988999355584,0.948942997638369,0.20869800209766254,28.662519001954934,0,1
258,0404014.png,0.8989019988803193,0.35212600050726905,28.934958998434013,0.31066500014276244,0.039083999581635,30.577132001781138,0,0
259,0404018.png,1.001672000711551,0.350374000845477,14.159032998577459,0.39887499951873906,0.06812100036768243,16.035734999604756,0,1
260,0404025.png,0.9267979985452257,0.2777250010694843,14.53625700014527,0.3938469999411609,0.07212099808384664,16.252332003205083,0,5
261,0404026.png,0.9680359980848152,0.2867260009224992,14.244058002077509,0.3956399996241089,0.06714500341331586,16.010241000913084,0,2
262,0404029.png,0.8406980014115106,0.28205199851072393,14.62920199992368,0.35772600313066505,0.0649250032438431,16.216525000345428,0,2
263,0404032.png,0.8784829988144338,0.2508249999664258,15.025632001197664,0.40903799890656956,0.06931499956408516,16.686290000507142,0,3
264,0404034.png,1.050933999067638,0.345993998053018,14.689490999444388,0.3446470000199042,0.06622900036745705,16.554329999053152,0,1
265,0404043.png,0.9770729993761051,0.2902830019593239,15.150523002375849,0.4241660026309546,0.07233900032588281,16.97147400045651,0,2
266,0404044.png,1.0171370013267733,0.35322399708093144,14.901145001203986,0.39538400233141147,0.07825600187061355,16.804541999590583,0,2
267,0404049.png,0.8069220020843204,0.2819340006681159,14.994704000855563,0.39493800068157725,0.07256100070662796,16.595083998254267,0,2
268,06000003.png,0.9608279979147483,0.31991699870559387,14.768823002668796,0.3728160008904524,0.06523900083266199,16.544580001209397,0,1
269,06000014.png,0.9258210011466872,0.2525019990571309,16.166658999281935,0.9588859975337982,0.1427630013495218,18.489063000743045,0,5
270,06000019.png,1.0459229997650255,0.4949219983245712,37.24162499929662,0.7864799990784377,0.12752899783663452,39.76883399809594,1,7
271,06000022.png,0.9992279992729891,0.38845200106152333,17.03882999936468,0.39042000207700767,0.06968500019866042,18.93928000208689,0,2
272,06000023.png,0.9727690012368839,0.24820399994496256,14.422787000512471,0.4003409994766116,0.06790900079067796,16.165113000170095,0,1
273,06000029.png,0.8111899987852667,0.2556830004323274,36.897368998324964,0.48367600174969994,0.03497400030028075,38.52683099830756,1,0
274,06000044.png,0.8638540020911023,0.35310699968249537,20.4131430000416,0.36576600177795626,0.07123899922589771,22.11857099973713,0,10
275,06000053.png,0.8512060012435541,0.25938000180758536,14.101807999395533,0.3730309981619939,0.06741899778717197,15.700980999099556,0,15
276,06000063.png,1.0331720004614908,0.27844999931403436,14.22455300053116,0.37163799788686447,0.08660599996801466,16.040171998611186,0,2
277,06000077.png,0.9618539988878183,0.24261799990199506,15.392552002595039,0.37227799839456566,0.06565700095961802,17.081693000363884,0,2
278,06000093.png,1.068628000211902,0.3709539996634703,14.49668900022516,0.420264001149917,0.1131309982156381,16.560358999413438,0,4
279,06000094.png,0.9846079992712475,0.3117380001640413,14.632440001150826,0.44736799827660434,0.09520900130155496,16.52074400044512,0,2
280,06010001.png,1.0646129994711373,0.3981509980803821,14.210964000085369,0.4202470008749515,0.0840559987409506,16.242238001723308,0,3
281,06010015.png,0.9922610006469768,0.3726580034708604,14.485690000583418,0.3826929969363846,0.06969400055822916,16.36706000135746,0,4
282,06010017.png,1.0487819999980275,0.375920000806218,14.464662002865225,0.38086899803602137,0.06710999878123403,16.39421000072616,0,2
283,06010018.png,0.929647998418659,0.25886300136335194,14.41071500084945,0.41219899867428467,0.07612000263179652,16.138688999490114,0,19
284,06010022.png,0.8802550000837073,0.3066810022573918,14.510723998682806,0.4132530011702329,0.0683049984218087,16.225531999225495,0,1
285,06010026.png,0.9010729991132393,0.25681699844426475,14.174243002344156,0.3924919983546715,0.06987400047364645,15.84716099750949,0,4
286,06010028.png,0.9261480008717626,0.27024800147046335,14.545523998094723,0.41072999738389626,0.07176500002969988,16.292764998070197,0,2
287,06010030.png,0.851590000820579,0.29077299768687226,14.742875999218086,0.36782000097446144,0.06806999954278581,16.371806999813998,0,2
288,06010032.png,1.022495998768136,0.2519469999242574,14.29441000072984,0.3904670011252165,0.0681669989717193,16.08111200039275,0,6
289,06010035.png,0.924379000935005,0.2540540008340031,14.527226001519011,0.4114620023756288,0.07772300159558654,16.236034000030486,0,4
290,06010039.png,0.9466299998166505,0.324559001455782,14.230437998776324,0.34807200063369237,0.062144998082658276,15.95831799932057,0,6
291,0800006.png,0.9424279996892437,0.24776400096016005,13.989283001137665,0.37747500027762726,0.06877400301164016,15.673981000873027,0,4
292,0800007.png,0.9147849996224977,0.2427260005788412,14.231802997528575,0.4105990010430105,0.06618100087507628,15.914252002403373,0,6
293,0800008.png,0.9338689997093752,0.2838910004356876,14.182596998580266,0.37091199919814244,0.06359899998642504,15.88540299781016,0,3
294,0800011.png,0.9654890018282458,0.268967000010889,14.085339997109259,0.36515600004349835,0.06589099939446896,15.80433900016942,0,3
295,0800012.png,0.9234030003426597,0.2654409981914796,14.848792998236604,0.38623600266873837,0.0662279999232851,16.53120300034061,0,3
296,0800018.png,0.8375500001420733,0.2893050004786346,14.049501998670166,0.36339099824544974,0.0641939986962825,15.64676199996029,0,7
297,0800019.png,0.8531139974365942,0.23802700161468238,13.87242700002389,0.4077660014445428,0.06484500045189634,15.478661000088323,0,7
298,0800026.png,0.9300890014856122,0.22447000083047897,14.441620001889532,0.3861110017169267,0.06673900134046562,16.092641999421176,0,8
299,0800029.png,0.9275400007027201,0.23748099920339882,24.094657001114683,0.29487999927368946,0.029953000193927437,25.626601000112714,0,0
300,0800034.png,0.9730260026117321,0.42405100248288363,14.918020999175496,0.35679800203070045,0.061398997786454856,16.792794998764293,0,4
301,0800037.png,0.9856369979388546,0.2888119997805916,14.524331003485713,0.36973700116504915,0.0675450028211344,16.286175999994157,0,1
302,0800041.png,0.9271650014852639,0.24322899844264612,14.576378001947887,0.3648089987109415,0.060629998188233,16.218225999182323,0,1
303,1000006.png,0.873324999702163,0.2421079989289865,14.460831000178587,0.43460399683681317,0.07011799971223809,16.12320500134956,0,1
304,1000012.png,0.9068939980352297,0.2967219988931902,25.54019099989091,0.4206180019536987,0.06708599903504364,27.2854009999719,0,5
305,1000019.png,0.926409997191513,0.27003899958799593,14.607422999688424,0.38204999873414636,0.06438299897126853,16.29999500073609,0,3
306,1000025.png,0.8245560020441189,0.28540100174723193,14.365375998750096,0.361853999493178,0.06337699960567988,15.949214997817762,0,4
307,1000044.png,0.8906090006348677,0.23352999778580852,14.85354400210781,0.38540700188605115,0.06458200004999526,16.48042599845212,0,2
308,1000055.png,0.9592950009391643,0.26549100221018307,15.313924999645678,0.37993699879734777,0.06747500083292834,17.038011999829905,0,3
309,1119001.png,0.9651090003899299,0.2989089989569038,24.507351001375355,0.366577001841506,0.0681689998600632,26.258980000420706,0,1
310,1119004.png,0.9399160007887986,0.24508600108674727,14.65146000191453,0.3753499986487441,0.06331699842121452,16.324413001711946,0,2
311,1119014.png,0.9111030012718402,0.2532049984438345,15.151113002502825,0.3956910004490055,0.07531699884566478,16.834911999467295,0,2
312,1119017.png,0.9417979999852832,0.33111900120275095,15.396770999359433,0.5442390029202215,0.06646800102316774,17.335517000901746,0,1
313,1119018.png,0.8797949994914234,0.46823299999232404,14.446819997829152,0.340429996867897,0.06187499820953235,16.24605100005283,0,2
314,1119024.png,0.9016139993036631,0.24173199926735833,14.023915999132441,0.4177270020591095,0.08982399958767928,15.721235002274625,0,1
315,1119026.png,0.919007998163579,0.26358999821241014,14.04436600205372,0.37156299731577747,0.06722400212311186,15.712279997387668,0,1
316,1119031.png,0.9624989979784004,0.2526419993955642,14.660867997008609,0.39712599755148403,0.05915099973208271,16.38276299854624,0,6
317,1119032.png,0.9547219997330103,0.2578269995865412,13.060495999525301,0.33754400283214636,0.05384700125432573,14.703802997246385,0,2
318,1119043.png,0.8499059986206703,0.23065200002747588,13.693228996999096,0.3822390026471112,0.06026199844200164,15.258373001415748,0,2
319,1119045.png,0.8139269993989728,0.25706800079206005,14.223232999938773,0.38032199881854467,0.06475599730038084,15.781842997967033,0,2
320,1120011.png,0.950464000197826,0.4141350000281818,14.580072998796823,0.3748340022866614,0.21887500042794272,16.588508999120677,0,1
321,1120018.png,0.939787998504471,0.2873449993785471,13.756767999439035,0.3938589979952667,0.12131299808970653,15.539694999461062,0,6
322,1120022.png,0.8898380001483019,0.3668239987746347,14.306670000223676,0.8332630022778176,0.11167199772899039,16.551077998883557,0,4
323,1120037.png,1.0202570010733325,0.3804560001299251,14.575954002793878,0.40741499833529815,0.09154000144917518,16.534773003513692,0,3
324,1120039.png,0.9398559996043332,0.27667500035022385,14.937836000171956,0.40589299896964803,0.07279299825313501,16.684755999449408,0,9
325,1120041.png,1.044493998051621,0.3288329971837811,14.06475699695875,0.3643079980975017,0.0701790013408754,15.931039000861347,0,1
326,1120058.png,0.8819280010357033,0.24956599736469798,14.02501300253789,0.40199700015364215,0.06404699888662435,15.679960000852589,0,9
327,1120060.png,0.8710220026841853,0.25114399977610447,15.086336999956984,0.388198001019191,0.06691199814667925,16.705756999726873,0,7
328,1121006.png,0.9801490014069714,0.2656480028235819,13.777690001006704,0.37595300091197714,0.06516699795611203,15.513623999140691,0,7
329,1121013.png,0.9557089979352895,0.24103599935187958,14.345155999762937,0.4346939967945218,0.07922799704829231,16.10340799743426,0,2
330,1128020.png,0.9214669989887625,0.3213180025340989,14.579590999346692,0.3805470005318057,0.07107499914127402,16.31540100061102,0,2
331,1128029.png,0.8896110011846758,0.2698909993341658,28.246699999726843,0.7934140012366697,0.11412500316509977,30.371836000995245,0,2
332,1128049.png,0.9611970017431304,0.32043900137068704,35.621267001261,0.8117100005620159,0.12321500253165141,37.88838500258862,1,2
333,1128051.png,0.9449639983358793,0.3579699987312779,23.165096001321217,0.39783299871487543,0.06322099943645298,24.983134000649443,0,5
334,1128054.png,0.9314349990745541,0.2395410010649357,14.42704300279729,0.373826998838922,0.06576799933100119,16.07922800030792,0,8
335,1130007.png,0.9528139999019913,0.2594399993540719,13.941076998889912,0.38463300006696954,0.06118400051491335,15.649072996893665,0,1
336,1130014.png,0.7957439993333537,0.28495200240286067,13.933964000898413,0.37728199822595343,0.06664899774477817,15.508535001572454,0,7
337,1130021.png,0.9078350012714509,0.2583429995866027,21.9770689982397,0.7430810001096688,0.11869100126205012,24.05503499903716,0,8
338,1130023.png,1.0003969982790295,0.4183369965176098,22.192070999153657,0.4383510022307746,0.06706800195388496,24.168165000446606,0,21
339,1130024.png,0.8788999984972179,0.24343299810425378,15.035704996989807,0.3854000024148263,0.0696380011504516,16.65595300073619,0,9
340,1130026.png,0.9267370005545672,0.26240900115226395,14.639361001172801,0.4061860017827712,0.06989999747020192,16.35929299663985,0,10
341,1130048.png,0.9117340014199726,0.24067300182650797,14.15389500107267,0.37761099883937277,0.06515999848488718,15.790523997566197,0,4
342,1130053.png,1.009441002679523,0.23703400074737146,14.045934000023408,0.3709779994096607,0.06390500129782595,15.776295000250684,0,4
343,1130054.png,1.0057550025521778,0.24707799821044318,15.217317999486113,0.3609929990489036,0.08823900134302676,16.972897999949055,0,1
344,1180002.png,0.9944119992724154,0.4275169994798489,14.339528999698814,0.394148999475874,0.07548699795734137,16.304487002344104,0,8
345,1180022.png,0.9250960029021371,0.3064980010094587,13.801433000480756,0.36095600080443546,0.06343700079014525,15.51229699907708,0,7
346,1180027.png,1.0168730004807003,0.37406899718916975,14.344983999762917,0.3522949991747737,0.06316600047284737,16.21699899988016,0,2
347,1180033.png,1.1481369983812328,0.3454970028542448,14.044537998415763,0.5599069991149008,0.07503400047426112,16.25334599884809,0,2
348,1180035.png,0.9772909979801625,0.29666900081792846,14.421178002521629,0.40450300002703443,0.06763999772374518,16.223188998992555,0,6
349,1180042.png,0.9211939977831207,0.25544699747115374,14.562595999450423,0.4645549997803755,0.07209199975477532,16.327050001564203,0,2
350,1180045.png,0.8464860002277419,0.24225900051533245,14.251887001591967,0.4959359976055566,0.09043099998962134,15.971966000506654,0,3
351,1180047.png,0.9496120001131203,0.2796160006255377,13.92650399793638,0.4396050026116427,0.09416999819222838,15.76894499885384,0,2
352,1243003.png,0.9825939996517263,0.3407950025575701,14.781055997445947,0.3669850011647213,0.07069400089676492,16.592093001236208,0,2
353,1243006.png,0.9337660012533888,0.25870899844449013,15.38804799929494,0.38087699795141816,0.06603000292670913,17.07246400110307,0,5
354,1243014.png,1.0100059989781585,0.2665190004336182,14.67838500320795,0.3640470022219233,0.06813199797761627,16.431082996859914,0,4
355,1246017.png,0.8657949983899016,0.25474799986113794,16.73330099947634,0.4610110008798074,0.07570100206066854,18.43327399910777,0,1
356,1246024.png,0.9860089994617738,0.3094040002906695,15.406986000016332,0.34783299997798167,0.06491099702543579,17.19607300037751,0,1
357,1246048.png,0.9967280020646285,0.2573249985289294,15.243419002217706,0.47738300054334104,0.08168000204022974,17.11151499694097,0,2
358,1249001.png,0.9880170000542421,0.326623998262221,14.798296000662958,0.2878560007957276,0.028316000680206344,16.484610001498368,0,0
359,1249008.png,1.314182998612523,0.440858999354532,29.518018000089796,0.3993930004071444,0.06722599937347695,31.82242200273322,0,3
360,1249017.png,1.177296999230748,0.34380899887764826,14.90448200274841,0.41146900184685364,0.06259399742702954,16.979411000647815,0,4
361,1249027.png,0.9622309989936184,0.27939400024479255,14.20114999928046,0.41326399878016673,0.08279299800051376,15.993838998838328,0,3
362,1249037.png,0.9426030010217801,0.26891299785347655,14.261602998885792,0.38942900209804066,0.06267400021897629,15.976994000084233,0,2
363,1249039.png,0.9203059998981189,0.2904780012613628,14.194979001331376,0.4085219989065081,0.0677780008118134,15.924032999464544,0,4
364,1249041.png,0.9469550022913609,0.32640000063111074,17.28690799791366,0.8053339988691732,0.11520800035214052,19.529615001374623,0,2
365,1249044.png,1.1312949973216746,0.3610720013966784,37.73569199984195,0.8183890022337437,0.12085700291208923,40.23466799844755,1,1
366,1249047.png,1.0716900033003185,0.35886299883713946,21.84163899801206,0.3777510028157849,0.06345799920381978,23.768143997585867,0,2
367,1249049.png,0.9335979993920773,0.23770800180500373,14.515265000227373,0.38999600292299874,0.06128400127636269,16.186277000088012,0,5
368,1249057.png,0.9476569975959137,0.25566399926901795,14.434429001994431,0.3680399968288839,0.06218899943633005,16.115829999762354,0,3
369,1249058.png,0.903138003195636,0.24745400151005015,14.238504001696128,0.36501599970506504,0.06698600191157311,15.884831998846494,0,2
370,1252020.png,0.9447740012547001,0.2776770015771035,14.797633997659432,0.3654430001915898,0.06553799903485924,16.495544998178957,0,1
371,1252023.png,0.9350280015496537,0.28362299781292677,14.71540000056848,0.31047099764691666,0.04431399793247692,16.329439997207373,0,0
372,1252036.png,0.7838650017220061,0.24472100267303176,14.155351997032994,0.36604100023396313,0.06536000000778586,15.654779999749735,0,1
373,1254012.png,1.0154899973713327,0.24446399766020477,13.78920600109268,0.3719300002558157,0.06374099757522345,15.536049999354873,0,2
374,1254021.png,0.8966799978225026,0.24408500030403957,13.89789099994232,0.3509029993438162,0.065618001826806,15.505019997362979,0,3
375,1255001.png,0.9717559987620916,0.25125700267381035,13.207566997152753,0.35291400126880035,0.06307700095931068,14.896652002789779,0,2
376,1255003.png,0.9429730016563553,0.24363700140384026,15.004156000941293,0.3700240013131406,0.06567399759660475,16.676611001457786,0,3
377,1255009.png,0.8790640022198204,0.3418550004425924,14.370966997375945,0.3810969974438194,0.03290600216132589,16.049849000410177,0,0
378,1255010.png,1.189916001749225,0.3748159979295451,14.169641999615123,0.37232000249787234,0.08053199780988507,16.252661996986717,0,1
379,1256006.png,1.2478969983931165,0.34680499811656773,13.948638003057567,0.5280840014165733,0.0775440021243412,16.219721001107246,0,5
380,1256033.png,0.9952119980880525,0.272402998234611,13.708840000617784,0.5069269973319024,0.07736399857094511,15.601590999722248,0,2
381,1256036.png,1.0889559998759069,0.35565300277085043,13.813074001518544,0.4054099990753457,0.06260699956328608,15.770370999234729,0,2
382,1256045.png,0.9715550004329998,0.2663410014065448,14.26672599700396,0.3892659988196101,0.06427300104405731,16.006605997972656,0,4
383,1257015.png,1.001671000267379,0.3600029995141085,13.91400400098064,0.374586001271382,0.06119499812484719,15.76245099931839,0,3
384,1257022.png,0.9645519967307337,0.2605539993965067,13.867975998437032,0.38608199974987656,0.0740710020181723,15.60477399834781,0,3
385,1257028.png,0.9295720010413788,0.3675879997899756,14.725483997608535,0.3758909988391679,0.06456199844251387,16.511570000147913,0,1
386,1257033.png,0.9863759987638332,0.23995299852686003,14.321033999294741,0.381563000701135,0.06774600115022622,16.045253996708198,0,5
387,1257036.png,0.9199010019074194,0.2645979984663427,14.347346001159167,0.37805600004503503,0.07053499939502217,16.03041300040786,0,2
388,1262006.png,0.8899099993868731,0.24987500000861473,14.267582002503332,0.3540800025803037,0.06284000119194388,15.874276999966241,0,3
389,1262023.png,0.9693020001577679,0.24913800007198006,14.405024998268345,0.43678800284396857,0.06483300239779055,16.17616099974839,0,2
390,1262029.png,0.9207429975504056,0.28527400354505517,15.011074003268732,0.3555049988790415,0.06883699825266376,16.693498997483402,0,1
391,1265019.png,0.9615060007490683,0.26875700132222846,14.006884000991704,0.33922100192285143,0.06398600089596584,15.69219399971189,0,4
392,1265032.png,0.9444509996683337,0.26220400104648434,14.178281999193132,0.38005399983376265,0.06687999848509207,15.876975001447136,0,2
393,1265047.png,0.9221370019076858,0.2638320002006367,13.768046999757644,0.3700760025822092,0.06432299778680317,15.427660000568721,0,7
394,1265049.png,0.9295210002164822,0.2383680002822075,13.953696001408389,0.37596299807773903,0.05804600004921667,15.604801999870688,0,3
395,1265063.png,0.8878080006979872,0.24553999901399948,14.198603999830084,0.3821520003839396,0.061138998717069626,15.820492000784725,0,2
396,1265073.png,0.9102120020543225,0.2656680007930845,13.778783999441657,0.3920249982911628,0.06472499808296561,15.453019997949013,0,1
397,1265075.png,0.9160430017800536,0.2648839981702622,13.44290999986697,0.36096400071983226,0.06181299977470189,15.087425999809057,0,1
398,1265085.png,0.9504099980404135,0.24637200112920254,14.63260400123545,0.41240100108552724,0.07396900036837906,16.366877000109525,0,1
399,1265086.png,0.9419899979548063,0.2480469993315637,14.519678999931784,0.37044399869046174,0.06529700112878345,16.19120499890414,0,4
400,1265094.png,0.9107730002142489,0.23573700309498236,14.473297000222374,0.3612159998738207,0.06795499939471483,16.099112999654608,0,11
401,1265096.png,1.0656020021997392,0.4378989979159087,34.1121679994103,0.4005999981018249,0.07475100210285746,36.14257300068857,1,3
402,1265097.png,1.0203720012214035,0.27111700183013454,14.213241996912984,0.39779700091457926,0.07091599763953127,16.021348998037865,0,3
403,1265099.png,1.0401330000604503,0.2606699999887496,14.151777999359183,0.38448500345111825,0.07032400026218966,15.945729999657487,0,1
404,1265104.png,0.894829001481412,0.2544549970480148,13.651075001689605,0.4363750012998935,0.06826399840065278,15.366979001555592,0,1
405,1265109.png,0.9424889976799022,0.26918599905911833,13.671974000317277,0.390942001104122,0.06544099960592575,15.387898001790745,0,2
406,1266007.png,0.8632830031274352,0.241320001805434,14.15140500103007,0.40888599687605165,0.0635920005152002,15.768400000524707,0,4
407,1266016.png,1.031337000313215,0.24832999770296738,15.279209001164418,0.4924079985357821,0.08619399886811152,17.186417000630172,0,2
408,1266024.png,0.9812170028453693,0.2807259988912847,20.454924000659958,0.48318399785785004,0.08582100053899921,22.33255299870507,0,1
409,1266032.png,0.8706789994903374,0.3124839968222659,20.183483000437263,0.48093900113599375,0.08306699965032749,21.979747998557286,0,4
410,1266033.png,0.9143549978034571,0.28265400032978505,18.25262299826136,0.3699469998537097,0.06672699964838102,19.9338419988635,0,7
411,1266044.png,1.047047997417394,0.2706380000745412,14.995858000474982,0.366999000107171,0.06959900201763958,16.803406997496495,0,9
412,1266049.png,0.9483719986747019,0.2671850015758537,15.03078300083871,0.40117200114764273,0.07163600093917921,16.76309700269485,0,4
413,1266056.png,0.9582249986124225,0.31611799931852147,14.466462998825591,0.39184999695862643,0.0659849974908866,16.257988001598278,0,1
414,1266060.png,0.9196079990942962,0.252227000601124,14.94199400258367,0.39355199987767264,0.0749930004531052,16.63488700069138,0,2
415,1267001.png,1.027900001645321,0.28758799817296676,31.523297002422623,0.8767789986450225,0.1197340025100857,33.891767001478,1,6
416,1267006.png,0.918772002478363,0.4429419968801085,39.03335999711999,0.3648710007837508,0.10237500100629404,40.92261799814878,1,9
417,1267009.png,1.0405079992779065,0.2818470020429231,14.441651001106948,0.3866669976559933,0.06869600110803731,16.264492998743663,0,3
418,1267017.png,0.9145010008069221,0.25252300110878423,14.501382000162266,0.36775300031877123,0.06579399996553548,16.14778099974501,0,2
419,1267037.png,0.8560049973311834,0.2783960007946007,14.944168000511127,0.415652000810951,0.07112599996617064,16.618052999547217,0,4
420,1267063.png,1.1208370015083347,0.26892099776887335,14.84128200172563,0.374320999981137,0.0650610018055886,16.73219399890513,0,3
421,1267072.png,1.046016997861443,0.261684999713907,16.496517000632593,0.6239269969228189,0.10251699859509245,18.575099998997757,0,8
422,1267090.png,1.059785998222651,0.3465169975243043,14.780187000724254,0.4210920014884323,0.06931499956408516,16.733058000681922,0,2
423,1267112.png,1.0822780022863299,0.2952489994640928,14.645191997260554,0.44886500108987093,0.08439999874099158,16.611157003353583,0,6
424,1267114.png,1.275479000469204,0.33370399978593923,17.210333000548417,0.4771409985551145,0.08470000102533959,19.443948000116507,0,8
425,1267120.png,1.1998010013485327,0.38995599970803596,17.606098001124337,0.4271360012353398,0.0760020011512097,19.765876000747085,0,7
426,1267122.png,1.221296999574406,0.3681230009533465,16.974520996882347,0.44295499901636504,0.07829400055925362,19.156807000399567,0,1
427,1270003.png,0.9017570009746123,0.3514969976095017,15.396164999401662,0.3718270017998293,0.06649900024058297,17.15152799806674,0,2
428,1270005.png,1.2665129979723133,0.4064640015712939,14.473893999820575,0.3808699984801933,0.06925799971213564,16.663722002704162,0,5
429,1270014.png,0.8865079980751034,0.27204899743082933,15.369594002550002,0.889568000275176,0.12587799938046373,17.59172199672321,0,3
430,1270017.png,0.8689729984325822,0.3690919984364882,34.67301300042891,0.8658209990244359,0.0776999986555893,36.907776000589365,1,1
431,1270019.png,0.8299629989778623,0.250054999924032,14.25580600334797,0.3898800023307558,0.06407700129784644,15.83844900233089,0,2
432,1270034.png,0.8121690007101279,0.25216900030500256,15.2557550027268,0.3665389995148871,0.06517400106531568,16.791673999250634,0,3
433,1270043.png,0.8804089993645903,0.24564500199630857,14.898779001669027,0.4118489996471908,0.07705900134169497,16.569570001593092,0,6
434,1270056.png,0.8544330012227874,0.24764699992374517,14.081564997468377,0.3543470011209138,0.06442800076911226,15.652842001145473,0,2
435,1270059.png,0.8102659994619898,0.26451400117366575,14.405477999389404,0.3543189995980356,0.06679500074824318,15.943725000397535,0,7
436,1270062.png,0.7918830015114509,0.27031699937651865,14.7442659981607,0.3578770010790322,0.06569499964825809,16.27004599868087,0,8
437,1270063.png,0.8327499999722932,0.2620880004542414,14.28848399882554,0.36981200173613615,0.06364099681377411,15.864529999817023,0,3
438,1270072.png,0.8112649993563537,0.2385019979556091,14.175807998981327,0.3553749993443489,0.06380600098054856,15.694574001827277,0,4
439,1270083.png,0.7955340006446932,0.2429570013191551,14.25790899884305,0.36268999974709004,0.06320800093817525,15.77400699898135,0,6
440,1270090.png,0.8211450003727805,0.24350699823116884,14.521689001412597,0.35548100277082995,0.066155000240542,16.058352000982268,0,8
441,1270100.png,0.8675270000821911,0.28220199965289794,14.855318000627449,0.6591020028281491,0.09321100151282735,16.833759000292048,0,2
442,1274019.png,0.956178002525121,0.2673350027180277,14.66586000242387,0.4984159968444146,0.0752969972381834,16.518770000402583,0,3
443,1274026.png,0.9700539994810242,0.282311000773916,14.310697999462718,0.3865790022246074,0.07639699833816849,16.084769998997217,0,2
444,1274034.png,0.9645919999456964,0.24683599986019544,14.222117002645973,0.36592200194718316,0.06822899740654975,15.915964002488181,0,5
445,1274043.png,1.1747680000553373,0.3060550006921403,14.97283999924548,0.3857990013784729,0.06934500197530724,16.962448000413133,0,1
446,1274044.png,1.0894939987338148,0.2910250004788395,15.701062999141868,0.4271729994798079,0.07357999857049435,17.642144001001725,0,3
447,1276002.png,0.9191710014420096,0.2981249999720603,15.09358199837152,0.3848209998977836,0.06667100024060346,16.834637001011288,0,2
448,1276004.png,0.8068090028245933,0.2319999985047616,13.723451000259956,0.3619359995354898,0.06269499863265082,15.229481003188994,0,2
449,1276007.png,0.7486590002372395,0.28205199851072393,14.813460998993833,0.8465249993605539,0.1382549999107141,16.88195000315318,0,2
450,1276009.png,0.7928590021037962,0.5094059997645672,17.83295100176474,0.3739239982678555,0.06657099947915412,19.63608899677638,0,2
451,1276015.png,0.8483920028083958,0.2503399991837796,13.81080600185669,0.367070002539549,0.06413200026145205,15.389361000416102,0,5
452,1276020.png,0.866343001689529,0.25791499865590595,14.954976999433711,0.462171999970451,0.08825900295050815,16.679745000146795,0,2
453,1276025.png,0.9394359985890333,0.2998689997184556,14.267927002947545,0.4741689990623854,0.07300400102394633,16.11175400103093,0,4
454,1276027.png,0.86249300147756,0.27250700077274814,14.79505200040876,0.3695699997479096,0.06620400017709471,16.418587001680862,0,3
455,1276029.png,0.8593010024924297,0.26528800299274735,14.25495099829277,0.3826259999186732,0.06727400250383653,15.877900001214584,0,2
456,1276036.png,0.8206049969885498,0.2536270003474783,14.860235998639837,0.3715839993674308,0.06742799814674072,16.41653900151141,0,1
457,1276042.png,0.7881190031184815,0.24006900275708176,19.14149799995357,0.7726010007900186,0.12937000064994209,21.125414001289755,0,1
458,1281002.png,0.9181200002785772,0.6303289992501959,21.588462001091102,0.7559890000266023,0.12170099944341928,24.07959800257231,0,16
459,1281012.png,0.8186989980458748,0.33065900061046705,21.281353001540992,0.35403200308792293,0.07087900303304195,22.901877000549575,0,2
460,1281015.png,0.8609370015619788,0.26171599893132225,13.416151999990689,0.3597270006139297,0.06322400076896884,15.013542000815505,0,1
461,1281016.png,0.8221499992941972,0.240067998674931,13.408967999566812,0.35064899930148385,0.06287200085353106,14.925414998288034,0,3
462,1281020.png,0.7952099986141548,0.2614420009194873,14.63272800174309,0.41052699816646054,0.07486799950129353,16.22416100144619,0,2
463,1281023.png,0.756684999942081,0.2679600002011284,14.348786000482505,0.406311999540776,0.06889900032547303,15.901523001957685,0,2
464,1281028.png,0.8783470002526883,0.25568999990355223,14.632733997132163,0.3596930000639986,0.06577599924639799,16.24156599791604,0,7
465,1281029.png,0.8974820011644624,0.3893789980793372,14.555583002220374,0.3552490015863441,0.06291300087468699,16.317192999849794,0,1
466,1281032.png,0.8532100000593346,0.2770749997580424,14.647689000412356,0.42038799801957794,0.07791300231474452,16.318357000272954,0,3
467,1281038.png,0.9141199989244342,0.2954520023195073,14.673173001938267,0.3973719976784196,0.06532200131914578,16.402690998802427,0,8
468,1281041.png,0.7625840007676743,0.23274699924513698,13.951150998764206,0.3307569968455937,0.06097000004956499,15.378505002445308,0,1
469,1281051.png,0.7570960005978122,0.24205400040955283,14.487743999779923,0.4436629969859496,0.073440998676233,16.052909999416443,0,2
470,1283007.png,0.9674690008978359,0.3407199983485043,15.139259001443861,0.39254100192920305,0.06581799971172586,16.964545000519138,0,2
471,1283008.png,0.9251939991372637,0.24008900072658435,14.321102997200796,0.39879399992059916,0.0663860009808559,16.001527998014353,0,3
472,1283020.png,0.804154002253199,0.23641400184715167,13.970326999697136,0.3455030018812977,0.06359500184771605,15.459594000276411,0,1
473,1283028.png,0.9371350024593994,0.24282599770231172,14.61979799933033,0.36792399987461977,0.06377799945767038,16.280675001326017,0,2
474,1283029.png,0.8770200001890771,0.26903199977823533,14.214627000910696,0.38255600156844594,0.06700899757561274,15.86080699780723,0,1
475,1283035.png,1.0615920000418555,0.36948399792890996,21.164388999750372,0.36919400008628145,0.07101800292730331,23.09070300179883,0,1
476,1283042.png,1.0176930009038188,0.4165440004726406,14.937968000594992,0.3510370006551966,0.06769300307496451,16.851611999300076,0,1
477,1283045.png,0.9311390022048727,0.24380299873882905,14.005723998707253,0.35363099959795363,0.06525799835799262,15.64173299993854,0,4
478,1283046.png,0.926820001041051,0.24224300068453886,14.790830999118043,0.3962399969168473,0.06455500260926783,16.469702000904363,0,2
479,1283051.png,0.9021299993037246,0.24245700114988722,14.198000000760658,0.3673779974633362,0.0640600010228809,15.816462000657339,0,2
480,1283052.png,0.9097239999391604,0.2504699987184722,13.397285001701675,0.3455739970377181,0.061324997659539804,15.007182999397628,0,4
481,1290007.png,0.9472050005570054,0.26892300229519606,14.043947998288786,0.3627900005085394,0.06337400191114284,15.735097000288079,0,2
482,1290009.png,0.9491880009591114,0.23901599706732668,14.138550999632571,0.3532190021360293,0.0639709978713654,15.7926440006122,0,2
483,1292003.png,0.9049370019056369,0.27099799990537576,13.944151000032434,0.38476100235129707,0.06510000093840063,15.611441998771625,0,2
484,1292004.png,0.8437379983661231,0.24369600214413367,14.135566001641564,0.37694999991799705,0.06336599835776724,15.706475998740643,0,3
485,1292011.png,1.022639000439085,0.2475059991411399,14.224249000108102,0.35552800181903876,0.06341599873849191,15.960677999828476,0,3
486,1292019.png,0.8935660007409751,0.25070400079130195,14.167655001074309,0.4047049988002982,0.0666800006001722,15.83344400205533,0,10
487,1294008.png,0.9665649995440617,0.2439800009597093,14.002718999108765,0.37665600029868074,0.06551100159413181,15.70584500223049,0,2
488,1294013.png,0.9838539990596473,0.25570600337232463,15.103862999239936,0.37718100065831095,0.06779999966965988,16.83224299995345,0,3
489,1294017.png,1.0116689991264138,0.27382999905967154,14.500957000564085,0.37275399881764315,0.06943399785086513,16.282569002214586,0,2
490,1294019.png,1.0618710002745502,0.4163570010859985,14.415934001590358,0.3681390007841401,0.1250810018973425,16.44718399984413,0,1
491,1295010.png,1.138863000960555,0.40649699803907424,14.372204001119826,0.45180700180935673,0.08066100053838454,16.52249999824562,0,2
492,1295011.png,0.9887539999908768,0.31024199779494666,14.22355099930428,0.4958909994456917,0.0872269993124064,16.350191999663366,0,5
493,1296006.png,0.8971860006568022,0.34643899925868027,14.413856999453856,0.38309299998218194,0.0715810019755736,16.16238100177725,0,5
494,1296008.png,0.9598120013833977,0.3107029988314025,15.400539999973262,0.39514700256404467,0.0677780008118134,17.189682002936024,0,5
495,1296009.png,0.9020119978231378,0.2797510023810901,14.686098998936359,0.4144949998590164,0.08257200170191936,16.41983999797958,0,3
496,1296015.png,0.8190720000129659,0.25613599791540764,14.383869998709997,0.37769600021420047,0.06846999895060435,15.949145999911707,0,1
497,1296025.png,0.846594000904588,0.25878599990392104,21.651569000823656,0.7726220028416719,0.13399900126387365,23.7152560002869,0,6
498,1296027.png,0.9337500014225952,0.3501150022202637,29.29780500198831,0.4103720020793844,0.06977699740673415,31.114822002564324,0,2
499,1296029.png,0.839620999613544,0.24966400087578222,14.859153001452796,0.42829399899346754,0.07435299994540401,16.50274699932197,0,3
500,1296030.png,0.8184420003090054,0.2742040014709346,14.89433799724793,0.37064099888084456,0.06522199691971764,16.468056997837266,0,7
501,1297013.png,0.8810470026219264,0.44664099914371036,14.891262002493022,0.4933639975206461,0.07573200127808377,16.848529001435963,0,4
502,1297032.png,0.7794099983584601,0.2764589989965316,14.643360998888966,0.39558600110467523,0.06825700256740674,16.207300002861302,0,3
503,1298006.png,0.9117779991356656,0.24205400040955283,15.173822997894604,0.42356899939477444,0.10060400018119253,16.903247000300325,0,3
504,1298007.png,0.9264119980798569,0.2710049993766006,14.467185999819776,0.3704980008478742,0.06637699698330835,16.15103999938583,0,7
505,1298016.png,0.9119089991145302,0.2544169983593747,13.95709799908218,0.35397200190345757,0.06292899706750177,15.587971000059042,0,2
506,1298029.png,0.9069129991985392,0.23872499878052622,14.226695002435008,0.3897160022461321,0.06756199945812114,15.87842800290673,0,2
507,1298031.png,0.8569680030632298,0.2679570025065914,14.020395999978064,0.37839300057385117,0.08915700163925067,15.656282997952076,0,6
508,1298035.png,0.8849309997458477,0.34243900154251605,14.83973600261379,0.3766510017157998,0.07119700239854865,16.578236001805635,0,2
509,1298050.png,0.8674839991726913,0.26691699895309284,14.101016000495292,0.37847199928364716,0.06547000157297589,15.720683000836289,0,2
510,1301002.png,0.9151970007224008,0.2630730014061555,14.288636000856059,0.3707649993884843,0.06512700201710686,15.95235900094849,0,4
511,1301014.png,0.8463230005872902,0.24563100305385888,13.694788001885172,0.3703820002556313,0.06735799979651347,15.275052999641048,0,1
512,1301016.png,0.8979640006145928,0.33353800245095044,14.643996000813786,0.400401000661077,0.07788000220898539,16.409703999670455,0,1
513,1302008.png,0.8595440012868494,0.27193200003239326,13.93597599962959,0.28042499980074354,0.02887100345105864,15.432274998602225,0,0
514,1302020.png,0.8221280004363507,0.25522999931126833,14.00480599841103,0.40485600038664415,0.06596000093850307,15.603653999278322,0,4
515,1302033.png,0.8384840002690908,0.23692299873800948,14.002931999129942,0.369973000488244,0.07207499947980978,15.5637130010291,0,1
516,1302038.png,0.8878820008249022,0.2324109991604928,14.27322600284242,0.37660999805666506,0.05922900163568556,15.870605002419325,0,2
517,1303009.png,0.9306989995820913,0.3071000028285198,14.328690002002986,0.37784999949508347,0.06580199988093227,16.063767001469387,0,5
518,1303010.png,0.9586979977029841,0.2612790012790356,14.072236001084093,0.36864299909211695,0.06534500062116422,15.775912001117831,0,1
519,1303012.png,0.9111640029004775,0.23551999765913934,19.679831002576975,0.6793280008423608,0.11738200191757642,21.676923999621067,0,4
520,1303013.png,1.0928349984169472,0.43048600127804093,14.978859999246197,0.39002899939077906,0.0731309992261231,17.01803700052551,0,7
521,1303019.png,1.002016000711592,0.24848699831636623,14.39090900021256,0.3930099992430769,0.06926700007170439,16.1547329989844,0,4
522,1303021.png,1.0184380007558502,0.25653299962868914,14.0910480004095,0.375655999960145,0.07531300070695579,15.8822780031187,0,3
523,1303023.png,0.8874209997884464,0.2677020020200871,14.189606001309585,0.3896729976986535,0.07152500256779604,15.84903099865187,0,4
524,1303029.png,0.9968160011339933,0.33098299900302663,14.179955000145128,0.37319400144042447,0.06793099964852445,16.006844001822174,0,1
525,1303035.png,0.9054170004674233,0.2468980019330047,14.120888001343701,0.3474889999779407,0.06521400064229965,15.728925998701015,0,1
526,1304005.png,0.8763680016272701,0.2506760029064026,14.470047997747315,0.3975139989051968,0.09362199853057973,16.13509500020882,0,4
527,1304009.png,0.8920229993236717,0.36649100002250634,15.139726998313563,0.38924899854464456,0.06346100053633563,16.93775999956415,0,1
528,1304010.png,0.8856899985403288,0.2468389975547325,17.24138599820435,0.5822579987579957,0.09473500176682137,19.098484997812193,0,15
529,1304014.png,0.8743709986447357,0.2791379993141163,26.975279000907904,0.7417009983328171,0.11806300244643353,29.032362999714678,0,6
530,1304018.png,0.8652159995108377,0.3443360001256224,18.669635999685852,0.3569020009308588,0.062440998590318486,20.350230999611085,0,2
531,1304025.png,0.9409710000909399,0.24097699861158617,14.233137997507583,0.4137399992032442,0.07315100083360448,15.953694997733692,0,2
532,1304028.png,0.8078149985522032,0.24555300115025602,14.073401998757618,0.3604770026868209,0.06255000334931538,15.597657999023795,0,1
533,1305001.jpg,0.9013839990075212,0.23792499996488914,13.630869001644896,0.3575369992177002,0.08606100163888186,15.26589800050715,0,7
534,1305002.jpg,0.8884509989002254,0.26681999952415936,14.613699000619818,0.3888020000886172,0.09785800284589641,16.301805000694003,0,3
535,1305003.jpg,0.9069450024981052,0.27250899802311324,14.646953000919893,0.37146299655432813,0.06515100176329724,16.318231999321142,0,5
536,1305005.jpg,0.9873029994196258,0.24402600320172496,13.877669000066817,0.401016997784609,0.06912900062161498,15.628522000042722,0,8
537,1305009.jpg,0.9160769986920059,0.2532209982746281,15.72456699796021,0.3516549986670725,0.0648300010652747,17.352202001347905,0,4
538,1305012.jpg,1.1771600002248306,0.3472480020718649,14.1637089982396,0.4850549994444009,0.0749159989936743,16.338253000867553,0,18
539,1305014.jpg,1.0301410002284683,0.2827099997375626,13.904250001360197,0.4057219994137995,0.06781699994462542,15.743236999696819,0,5
540,1305016.jpg,1.0317849992134143,0.2735779999056831,13.555539000662975,0.5657790024997666,0.08273200000985526,15.563009001198225,0,4
541,1307005.png,0.9259199978259858,0.2832849968399387,14.83953100250801,0.4065990033268463,0.0705620004737284,16.56873899992206,0,2
542,1307007.png,0.9791230004339013,0.28470200049923733,14.64196100278059,0.40689199886401184,0.0711699976818636,16.434219000075245,0,4
543,1307012.png,0.899367001693463,0.24231600036728196,13.563864999014186,0.3639349997683894,0.06478599971160293,15.175838998402469,0,2
544,1307018.png,0.9505300004093442,0.24469799973303452,13.989156999741681,0.4298390012991149,0.08853899998939596,15.752367999084527,0,2
545,1307047.png,1.3302499974088278,0.36032600110047497,15.049064000777435,0.41357000009156764,0.0760729999456089,17.28790199922514,0,1
546,1309001.png,0.9531350006000139,0.2907289999711793,16.583040000114124,0.3163490000588354,0.03617999755078927,18.238681001093937,0,0
547,1309005.png,0.8910069991543423,0.27329899967298843,14.330682999570854,0.37420299850055017,0.06746299914084375,15.98821500010672,0,1
548,1309022.png,0.8514999972248916,0.2598669998405967,14.403009998204652,0.41734300248208456,0.07272199945873581,16.04578000114998,0,3
549,1309025.png,0.8800659998087212,0.25948700204025954,14.457572000537766,0.4411209993122611,0.06518600275740027,16.155050998349907,0,2
550,1309033.png,0.9286370004701894,0.26304499988327734,14.491775000351481,0.3688020005938597,0.06471500091720372,16.17673900182126,0,4
551,1309037.png,0.9085749989026226,0.25086999812629074,13.856924000720028,0.33912799699464813,0.06066100104362704,15.468779998627724,0,5
552,1310005.png,0.9160070003417786,0.23941600011312403,14.712611002323683,0.36634500065702014,0.0677699972584378,16.350592002709163,0,11
553,1310014.png,0.8723900027689524,0.24273500093840994,14.782271002331981,0.34267199953319505,0.06082099935156293,16.35204999911366,0,4
554,1310016.png,0.787799999670824,0.25822499810601585,13.577744000940584,0.376607000362128,0.07740900036878884,15.119092000531964,0,3
555,1310017.png,0.8019380002224352,0.26336899827583693,13.524886999221053,0.36624199856305495,0.0631990005786065,15.064147999510169,0,2
556,1310023.png,0.8131169997795951,0.24557799770263955,13.220638000348117,0.37064899879624136,0.06450300134019926,14.775326999370009,0,10
557,1310024.png,0.8589089993620291,0.26851800066651776,13.630662997456966,0.3906349993485492,0.0650570000289008,15.264849000232061,0,1
558,1311009.png,0.8725799998501316,0.24701199799892493,14.138065998849925,0.3912840002158191,0.06513900007121265,15.76574399950914,0,1
559,1312022.png,0.9860780010058079,0.24703400049475022,14.454551997914677,0.3764040011446923,0.06498899892903864,16.198220000660513,0,1
560,1312023.png,0.9876099975372199,0.23327499729930423,13.698050002858508,0.3598059993237257,0.05708199751097709,15.377964999061078,0,3
561,1312024.png,1.009221999993315,0.27954999677604064,14.511167999444297,0.3846600011456758,0.06684300024062395,16.30409400240751,0,1
562,1312027.png,0.9506879978289362,0.238464999711141,14.269082999817329,0.41701499867485836,0.07177799852797762,15.997837002942106,0,1
563,1312028.png,1.0048550029750913,0.2704840007936582,14.833487999567296,0.35570999898482114,0.06417699842131697,16.582626001763856,0,2
564,1312031.png,1.021726999169914,0.23654400138184428,14.774160998058505,0.3749569987121504,0.06499899973277934,16.52520100105903,0,1
565,1313011.png,1.1524639994604513,0.46697099969605915,14.4277300023532,0.4507830017246306,0.07634199937456287,16.661575999023626,0,1
566,1313012.png,0.9752280020620674,0.3242090024286881,13.956932998553384,0.3783790016314015,0.06901300002937205,15.749576003145194,0,2
567,1313026.png,0.8714359973964747,0.26223899840260856,13.927103998867096,0.4489169987209607,0.07565300256828777,15.637305998097872,0,4
568,1313027.png,0.8736049967410509,0.2805559997796081,15.80953899974702,0.5121059984958265,0.07846299922675826,17.601372997887665,0,8
569,1313029.png,0.8876739993866067,0.2749980012595188,20.85665400227299,1.0472079993633088,0.12816200251108967,23.246593998919707,0,3
570,1313030.png,0.8495060028508306,0.40078100209939294,40.36200600239681,0.7644479992450215,0.1181879997602664,42.54911400130368,1,1
571,1313032.png,0.8341190005012322,0.33403099951101467,19.040740000491496,0.37870300002396107,0.06648000271525234,20.695306000561686,0,5
572,1313041.png,0.9964390010281932,0.2855440034181811,14.639896999142366,0.3511120012262836,0.06467099956353195,16.39275799971074,0,1
573,1313043.png,0.9161630005110055,0.25544899835949764,14.12082100068801,0.3896890011674259,0.06093299816711806,15.786494997882983,0,1
574,1313047.png,0.917896002647467,0.23488000078941695,13.647990999743342,0.35608899997896515,0.06427300104405731,15.263548000802984,0,3
575,1314002.png,0.9533140000712592,0.2493639985914342,13.86202999856323,0.35524000122677535,0.06156400195322931,15.531906003161566,0,2
576,1314003.png,1.0312779995729215,0.23697500000707805,14.400396001292393,0.3951460021198727,0.06708000000799075,16.179403999558417,0,2
577,1314006.png,1.0283789997629356,0.25001700123539194,35.03164199719322,0.7643179997103289,0.11753999933716841,37.24323999995249,1,4
578,1314008.png,1.0761420016933698,0.33636099760769866,21.076078999612946,0.39537799966637976,0.07067800106597133,23.00205299980007,0,2
579,1314014.png,0.886481000634376,0.2580500004114583,13.92737299829605,0.37905299905105494,0.08812699888949282,15.580104998662136,0,1
580,1314017.png,0.8777209986874368,0.23856899861129932,13.863558997400105,0.35380999906919897,0.0646820008114446,15.439542999956757,0,3
581,1314020.png,0.9076509995793458,0.25648299924796447,13.60248099808814,0.3451310003583785,0.06237799971131608,15.224750997731462,0,1
582,1314022.png,0.9101100004045293,0.2628619986353442,13.89018100235262,0.37518699900829233,0.06503999975393526,15.547851999144768,0,4
583,1314024.png,0.8679400016262662,0.24428799952147529,13.9552709988493,0.3755629986699205,0.06853500235592946,15.551772001344943,0,13
584,1314027.png,1.042924999637762,0.2504599979147315,22.971472000790527,0.37813500239280984,0.07326400009333156,24.766825001279358,0,2
585,1314031.png,1.0398939994047396,0.36529200224322267,14.237666000553872,0.384652001230279,0.06282499816734344,16.137795999384252,0,4
586,1314038.png,0.9909529981086962,0.2361980004934594,14.125052999588661,0.35650000063469633,0.06545900032506324,15.82567600053153,0,1
587,1314043.png,1.0061800021503586,0.26223899840260856,14.245394999306882,0.41667000186862424,0.06697699791402556,16.053072999056894,0,2
588,1314044.png,0.9878999990178272,0.2566879993537441,13.663839003129397,0.38190999839571305,0.06758900053682737,15.40458999807015,0,1
589,1314051.png,0.9682130003056955,0.25614799960749224,14.245405000110622,0.44972499745199457,0.08637100108899176,16.048530000261962,0,4
590,1314054.png,1.0404570020909887,0.35112700061290525,14.481361999060027,0.38648099871352315,0.06657300036749803,16.380088000005344,0,5
591,1314057.png,1.013991997751873,0.26270299713360146,13.747105000220472,0.36442700002226047,0.06896699778735638,15.506633000768488,0,1
592,1315003.png,1.0947329974442255,0.2602090025902726,13.449451002088608,0.36361799720907584,0.0636730001133401,15.286410998669453,0,8
593,1315020.png,1.0040979977929965,0.26362499920651317,14.452918003371451,0.4403669991006609,0.07679700138396583,16.280038998957025,0,7
594,1315052.png,1.1155690008308738,0.3181249994668178,15.5804360001639,0.39274599839700386,0.07098599962773733,17.551201999594923,0,2
595,1315054.png,1.1399529976188205,0.28982200092286803,15.182303999608848,0.3672989987535402,0.06347199814626947,17.098651002015686,0,2
596,13160014.png,0.9669809987826739,0.2441020005790051,16.311704999679932,0.4141039971727878,0.06802999996580184,18.054961001325864,0,7
597,13160020.png,1.0418050005682744,0.26357800015830435,14.199491997715086,0.3694440019899048,0.06783199933124706,15.994519999367185,0,5
598,13160024.png,1.0315049985365476,0.23610199787071906,14.249011997890193,0.3608189981605392,0.06020599903422408,15.982444998371648,0,4
599,13160028.png,0.8047529991017655,0.23809599952073768,22.431713001424214,0.3495439996186178,0.06440599827328697,23.93678700173041,0,2
600,13160030.png,0.9345789985673036,0.2514469997549895,14.781379999476485,0.3686849995574448,0.06393900184775703,16.45270500011975,0,10
601,13160037.png,0.9241070001735352,0.3114890023425687,14.61680599823012,0.42111400034627877,0.07023199941613711,16.389454998716246,0,4
602,13160038.png,0.9085019992198795,0.24548200235585682,15.114101002836833,0.37293999776011333,0.06971599941607565,16.755466000176966,0,8
603,13160042.png,0.9249239992641378,0.2380660007474944,13.48327500090818,0.3479980005067773,0.06114899952081032,15.104254001926165,0,3
604,13160044.png,0.8853270010149572,0.23358500038739294,13.336926000192761,0.3496069984976202,0.05928000246058218,14.904253999702632,0,4
605,13160046.png,0.9528290029265918,0.2853800033335574,14.166761000524275,0.39581500095664524,0.07212900163722225,15.921371999866096,0,6
606,13160048.png,0.8586930016463157,0.2434250018268358,14.663901998574147,0.4436700000951532,0.06950000170036219,16.32521700230427,0,5
607,1317006.png,0.7991000020410866,0.2565139984653797,14.099599000473972,0.38124500133562833,0.06272599785006605,15.641745001630625,0,6
608,1317008.png,0.8103640029730741,0.26227099806419574,13.649419001012575,0.3392149992578197,0.07306099723791704,15.178175999608357,0,1
609,1318018.png,0.8736160016269423,0.2551809993747156,14.867907000734704,0.3764419998333324,0.07035999806248583,16.493139999511186,0,2
610,1318025.png,0.9178899999824353,0.34839199724956416,15.304863998608198,0.5354839995561633,0.09145000149146654,17.257105999306077,0,4
611,1319010.png,0.914006002858514,0.33575899942661636,14.553274002537364,0.4381420003483072,0.0752970008761622,16.369249002309516,0,6
612,1319011.png,1.0008340032072738,0.33403500128770247,14.909253997757332,0.39845699939178303,0.06710999878123403,16.770828999142395,0,2
613,1319021.png,0.8437589967797976,0.2450459978717845,14.308898000308545,0.40830800207913853,0.06850800127722323,15.917153999907896,0,16
614,1319024.png,0.8977979996416252,0.2410080014669802,18.53188799941563,0.8708919995115139,0.13044099978287704,20.728002000396373,0,4
615,1319029.png,0.967849999142345,0.3930309976567514,31.583230000251206,0.3758870007004589,0.0687160027155187,33.44417500193231,1,1
616,1319031.png,0.9932719985954463,0.2860989989130758,14.665956998214824,0.3721590001077857,0.06392200157279149,16.433632998086978,0,1
617,1320014.png,0.8425800006079953,0.24367900186916813,13.673944002221106,0.35824500082526356,0.06253999890759587,15.224948998366017,0,4
618,1320017.png,0.8670659990457352,0.23805099772289395,14.115858000877779,0.36109600114286877,0.0630389986326918,15.694441000960069,0,2
619,1320025.png,0.9192619982059114,0.24073600070551038,14.445548997173319,0.3774390024773311,0.06524799755425192,16.09831800305983,0,3
620,1320037.png,0.9335309987363871,0.24707799821044318,16.361128000426106,0.3683949980768375,0.06313799894996919,18.012142998486524,0,2
621,1320038.png,0.9346199985884596,0.3702610010805074,13.618519002193352,0.3769650029425975,0.06867099727969617,15.480985002795933,0,7
622,1320041.png,0.9496390011918265,0.3431369987083599,13.491529000020819,0.3296020004199818,0.06151499837869778,15.251345001161098,0,6
623,1320047.png,0.858190000144532,0.23346400121226907,13.277882997499546,0.37498299934668466,0.06242000017664395,14.851272000669269,0,3
624,1320060.png,0.8720240002730861,0.27210999905946665,15.241533001244534,0.3821030004473869,0.06856199979665689,16.879527996934485,0,1
625,13210003.png,1.1569629969017114,0.4998010008421261,14.84411600176827,0.38729700099793263,0.07051600186969154,17.035108001437038,0,5
626,13210005.png,0.9651019972807262,0.3431650002312381,15.784278999490198,0.8518879985786043,0.1399060020048637,18.14870899761445,0,10
627,13210008.png,1.0146509994228836,0.3872380002576392,39.43390700078453,0.7550090012955479,0.11666399950627238,41.762345997995,1,19
628,13210009.png,0.9759039967320859,0.4928339985781349,15.483576000406174,0.398762000259012,0.07621500117238611,17.47577599962824,0,4
629,13210018.png,0.9146279990090989,0.3095460015174467,13.663327001268044,0.4438149990164675,0.08147100015776232,15.458515998034272,0,3
630,13210021.png,0.8937650018197019,0.25796599948080257,13.410187002591556,0.3612829968915321,0.061763999838149175,15.03463799963356,0,3
631,13210030.png,1.0026460004155524,0.2873900011763908,13.398482999036787,0.356282002030639,0.06297999789239839,15.15796199964825,0,5
632,13210033.png,0.8966479981609154,0.3886380000039935,13.632152000354836,0.34540499837021343,0.061193000874482095,15.372016001492739,0,1
633,13210035.png,1.1547040012374055,0.35930000012740493,13.720852002734318,0.3492010000627488,0.2328629998373799,15.884065000136616,0,1
634,13210039.png,0.9278129982703831,0.2960230012831744,14.846805999695789,0.4183269993518479,0.07099600043147802,16.60785900094197,0,1
635,13210056.png,0.908669000637019,0.27687599867931567,14.327847999084042,0.3928869991796091,0.07353399996645749,16.04565199886565,0,4
636,1322021.png,0.9218810009770095,0.2625229972181842,14.201083999068942,0.39550899964524433,0.0654379982734099,15.899586996965809,0,3
637,1322027.png,0.8925740003178362,0.2892970005632378,14.127757000096608,0.4955500007781666,0.06824700176366605,15.915580002911156,0,3
638,1322031.png,0.9412200015503913,0.3150310003547929,14.701473999593873,0.440665000496665,0.08479499956592917,16.535449998627882,0,3
639,1322044.png,1.1013530020136386,0.36491900027613156,14.799749998928746,0.39928199839778244,0.06902599852764979,16.802369002107298,0,2
640,1325004.png,0.9788450006453786,0.30936600160202943,15.042151997477049,0.4632580021279864,0.07162399924709462,16.921884001931176,0,1
641,1325025.png,0.9022270023706369,0.27642599889077246,15.220836998196319,0.8556359971407801,0.12423100270098075,17.44087000042782,0,3
642,1325030.png,1.0050819983007386,0.3880240001308266,18.348933997913264,0.36728299892274663,0.059720001445384696,20.229566001944477,0,4
643,1325032.png,0.9121240000240505,0.2591640004538931,14.60837100239587,0.3782229978241958,0.060892998590134084,16.27104799990775,0,3
644,1325034.png,0.9245140026905574,0.25338499835925177,14.478116998361656,0.3772269992623478,0.0905779997992795,16.16908100186265,0,7
645,1325037.png,1.0117210003954824,0.4681030004576314,13.669759999174858,0.37631200029863976,0.0691599998390302,15.65442500213976,0,6
646,1325044.png,0.9970850005629472,0.36139300209470093,13.580044000264024,0.45077400136506185,0.061362999986158684,15.505845000006957,0,3
647,1325050.png,1.2145290020271204,0.560429001779994,23.552722999738762,0.3665450021799188,0.06639400089625269,25.842797000223072,0,7
648,1325051.png,0.9563539970258716,0.24384900098084472,14.76443899809965,0.41021899960469455,0.06407500040950254,16.49027900202782,0,1
649,1329013.png,0.8508549981343094,0.2572960001998581,14.404123998247087,0.3574389993445948,0.08284399882541038,16.003130996978143,0,7
650,1329020.png,0.8321870009240229,0.3232400013075676,14.704655000969069,0.37535799856414087,0.06023999958415516,16.336685002897866,0,2
651,1329021.png,0.9008720007841475,0.2558289997978136,13.679068997589638,0.3772290001506917,0.05873999907635152,15.322609997383552,0,3
652,1329051.png,0.7646759986528195,0.24428500182693824,14.178381999954581,0.38708099964424036,0.059907000832026824,15.681888999097282,0,1
653,1329052.png,0.8218510010919999,0.2420029995846562,14.223179998225532,0.37466899811988696,0.059891001001233235,15.769862999150064,0,1
654,1330010.png,0.9116490000451449,0.2472890009812545,16.172207000636263,0.5000830024073366,0.08097200043266639,17.96909900076571,0,1
655,1330016.png,1.0651680022419896,0.32137100060936064,14.63121100096032,0.3860059987346176,0.06674500036751851,16.526399998838315,0,2
656,1330027.png,0.98702400282491,0.2906560002884362,14.469581998127978,0.4296239967516158,0.06815000233473256,16.296963000058895,0,1
657,1330031.png,0.959576998866396,0.2840870001818985,14.50970500081894,0.38650299757136963,0.06264499825192615,16.259416999673704,0,2
658,1330034.png,0.9163940012513194,0.2616950005176477,13.692005002667429,0.39929799822857603,0.062984003307065,15.380496999569004,0,1
659,1330037.png,0.9953629996743985,0.2752090003923513,14.253352997911861,0.40939199971035123,0.06406499960576184,16.046212000219384,0,2
660,1330040.png,0.9624689992051572,0.2712419991439674,14.170859998557717,0.4114479997952003,0.06899900108692236,15.928886998153757,0,3
661,1330047.png,0.9936349997587968,0.2813729988702107,14.114869998593349,0.41163100104313344,0.07315500261029229,15.928695000184234,0,1
662,1331006.png,0.9031200024764985,0.27521599986357614,18.71651400142582,0.9666180012573022,0.1316699999733828,21.04156600034912,0,4
663,1331012.png,0.9671519983385224,0.39977000051294453,17.570047999470262,0.36501599970506504,0.06057199789211154,19.41399100178387,0,2
664,1331014.png,0.968686999840429,0.26943199918605387,14.439683000091463,0.3780840015679132,0.06215400208020583,16.169602000445593,0,7
665,1331015.png,0.9902169986162335,0.280598000244936,14.074589998926967,0.3768560018215794,0.06085100176278502,15.834690999326995,0,3
666,1331025.png,0.9400849994563032,0.25498700051684864,14.407492999453098,0.39847800144343637,0.06083599873818457,16.112056000565644,0,2
667,1331027.png,0.9980500035453588,0.3332390006107744,14.256565002142452,0.3751840013137553,0.05934600267210044,16.080720000900328,0,2
668,1331032.png,0.871685999300098,0.31305000084103085,14.131437998003094,0.3753380005946383,0.06569000106537715,15.82909699936863,0,3
669,1331043.png,0.9806110028875992,0.3507110013742931,14.368168001965387,0.4278170017641969,0.07926800026325509,16.267844999674708,0,7
670,1331044.png,0.9920369993778877,0.3312760018161498,13.696993999474216,0.47034000090206973,0.07789599840180017,15.63062100103707,0,7
671,1332002.png,0.9544300010020379,0.31750600101077,14.144815999316052,0.40701800025999546,0.06717599899275228,15.946850999171147,0,3
672,1332005.png,0.9727769975143019,0.29091899705235846,15.122250999411335,0.4111870002816431,0.06826300159445964,16.93391899971175,0,1
673,1332006.png,0.9929890002240427,0.3481940002529882,14.77541400163318,0.3779679973376915,0.06086700159357861,16.610506998404162,0,2
674,1332010.png,0.879882001754595,0.28874700001324527,14.529569998558145,0.3861069999402389,0.06143800055724569,16.19014600146329,0,3
675,1332014.png,0.954160001128912,0.293140001303982,14.265765999880387,0.3779640028369613,0.06333600322250277,16.000827999960165,0,1
676,1332020.png,0.9373700013384223,0.25789500068640336,15.69029999882332,0.4776360001415014,0.07889599874033593,17.49272300003213,0,2
677,1332035.png,0.9111389990721364,0.2649310008564498,15.276553000148851,0.3743679990293458,0.05956700260867365,16.940876001172,0,2
678,1332039.png,0.900512000953313,0.2820029985741712,14.360784000018612,0.38324700290104374,0.07196300066425465,16.05041299990262,0,2
679,1332042.png,0.978680000116583,0.25581400041119196,14.268268998421263,0.40119699770002626,0.06497099820990115,16.02141900002607,0,4
680,1333007.png,0.9683900025265757,0.2624079970701132,14.439456001127837,0.3780549996008631,0.05962399882264435,16.16289199955645,0,1
681,1333024.png,0.9926279999490362,0.25715700030559674,14.586792000045534,0.38472599771921523,0.062064002122497186,16.33627200135379,0,6
682,1333037.png,1.0135830016224645,0.2610359988466371,14.534050998918246,0.42481299897190183,0.06425600076909177,16.35891600017203,0,1
683,1333044.png,1.0629700009303633,0.261492001300212,14.665828999568475,0.37136199898668565,0.05854100163560361,16.473109000799013,0,6
684,1335002.png,0.9022429985634517,0.25411000024178065,14.307149998785462,0.39013999776216224,0.06691200178465806,15.96783700006199,0,4
685,1335016.png,0.8951829986472148,0.24183200002880767,14.088137999351602,0.3862710000248626,0.07115900007192977,15.758536999783246,0,11
686,1335018.png,1.1465770003269427,0.34233399856020696,14.038785000593634,0.37963899740134366,0.029232000088086352,15.993573997548083,0,0
687,1335020.png,0.9086589998332784,0.28118100090068765,14.130878000287339,0.47649200132582337,0.13892399874748662,15.986447000614135,0,2
688,1340006.png,1.0574799998721574,0.2770099999906961,14.434871001867577,0.3793930009123869,0.060045000282116234,16.266266000457108,0,1
689,1340021.png,1.0056430000986438,0.25712299975566566,14.795652001339477,0.4133080001338385,0.06445200051530264,16.586229001404718,0,2
690,1358001.png,0.98431400328991,0.2846870011126157,14.29817500320496,0.38370499896700494,0.0644430001557339,16.06031299888855,0,30
691,1358012.png,1.0296610016666818,0.23943199994391762,13.95019900155603,0.4089719986950513,0.08995900134323165,15.762947998155141,0,6
692,1358013.png,1.084146999346558,0.2993849993799813,14.214735001587542,0.40669800000614487,0.06212099833646789,16.10964499923284,0,1
693,1363003.png,0.8837419991323259,0.26310999965062365,14.053675997274695,0.3797270001086872,0.05846000203746371,15.687193998019211,0,4
694,1363005.png,1.1845200024254154,0.33292199805146083,14.559849001670955,0.38085000051069073,0.06213099914020859,16.576848000113387,0,13
695,1363017.png,0.9818049984460231,0.27017899992642924,15.209666998998728,0.41695199979585595,0.06403899897122756,17.011039999488275,0,6
696,1363018.png,0.8502780001435895,0.257796000369126,14.154689000861254,0.3969529971072916,0.06256599954213016,15.77477600221755,0,2
697,1363025.png,0.9759429995028768,0.26943999910145067,14.129604998743162,0.361359998350963,0.06534199928864837,15.855917998123914,0,10
698,1363035.png,1.071103000867879,0.28793000092264265,14.453105999564286,0.40708500091568567,0.06983099956414662,16.339437999704387,0,2
699,1367007.png,0.840990000142483,0.24754700280027464,13.794898997730343,0.3744869973161258,0.06682199818897061,15.368827997008339,0,25
700,1367024.png,0.9146410011453554,0.2635370001371484,13.970694999443367,0.365321000572294,0.06136799856903963,15.623259998392314,0,4
701,1379038.png,0.904362001165282,0.3329450009914581,14.913688999513397,0.4001240013167262,0.06825899981777184,16.659375000017462,0,5
702,1395002.png,1.0966390000248794,0.34285000219824724,16.57922600134043,0.4089719986950513,0.07264099986059591,18.561128999863286,0,8
703,1395005.png,1.0553829997661524,0.32106100115925074,15.792117999808397,0.854675003211014,0.14438300058827735,18.225368999992497,0,9
704,1395008.png,1.1234289995627478,0.36730799911310896,39.097451997804455,0.5463409979711287,0.0957629999902565,41.31400700134691,1,8
705,1395009.png,1.048420999723021,0.3126070005237125,30.891611000697594,0.6892639976285864,0.11308000102872029,33.11368800132186,0,2
706,1395011.png,1.1057129995606374,0.5706279989681207,21.975388001010288,0.4107169988856185,0.0658390017633792,24.186276998079848,0,4
707,1395012.png,0.9121429975493811,0.25291699785157107,24.571811998612247,0.3884979996655602,0.06972899791435339,26.239954997436143,0,4
708,1395013.png,0.9796089980227407,0.27228599719819613,16.452593001304194,0.3882669989252463,0.06740299795637839,18.21328399819322,0,1
709,1395020.png,0.9712710016174242,0.2664580024429597,14.310434999060817,0.36676300078397617,0.06534800195368007,16.03333200182533,0,16
710,1399017.png,0.98386500030756,0.3051940002478659,14.383311998244608,0.4194530010863673,0.07857799937482923,16.223622998950304,0,12
711,1399019.png,1.0268320002069231,0.36316800105851144,26.057168000988895,0.43455500053823926,0.08004899791558273,28.013170998747228,0,10
712,1399020.png,0.9650190004322212,0.268094998318702,18.461962998117087,0.4400039979373105,0.07712399747106247,20.2570729998115,0,11
713,1399021.png,0.8555819986213464,0.2630749986565206,18.42428999952972,0.4209990001982078,0.07268999979714863,20.08201100034057,0,5
714,1399022.png,0.860479998664232,0.4503579984884709,20.150905998889357,0.44680099745164625,0.07439900218741968,22.024827001587255,0,5
715,1424005.png,0.934638999751769,0.2598909995867871,16.884574997675372,0.36695900053018704,0.06682500315946527,18.5663320007734,0,23
716,1424012.png,0.9364820034534205,0.24692399892956018,14.762467999389628,0.36977300260332413,0.0673139984428417,16.433950997452484,0,8
717,1424017.png,0.9362050004710909,0.2502389979781583,14.452555999014294,0.358951001544483,0.06489900260930881,16.112476001580944,0,9
718,1424018.png,0.9580469995853491,0.26160299967159517,13.874284999474185,0.3532030023052357,0.06463099998654798,15.561174001049949,0,13
719,1424035.png,0.9624560007068794,0.28387800193740986,14.697465998324333,0.3576460003387183,0.06525700155179948,16.41151900184923,0,6
720,1424037.png,0.9008859997265972,0.273200999799883,26.768906998768216,0.703302001056727,0.10875899897655472,28.80826099863043,0,17
721,1427008.png,0.8031149991438724,0.3355330009071622,26.827945999684744,0.37582799996016547,0.06742099867551588,28.46220400169841,0,5
722,1427011.png,0.9556139993946999,0.28054699942003936,14.537892999214819,0.3556970004865434,0.0666230007482227,16.239034001046093,0,7
723,1429004.png,0.9843010011536535,0.26127000091946684,14.387512997927843,0.4040140011056792,0.06833599763922393,16.152989999682177,0,4
724,1429015.png,0.9500220003246795,0.2549460004956927,14.089909000176704,0.37901899850112386,0.06546299846377224,15.777411001181463,0,5
725,1429023.png,0.9956230023817625,0.24298499920405447,15.300384002330247,0.3934760025003925,0.06860299981781282,17.056954999134177,0,1
726,1429025.png,0.9179270018648822,0.30706300094607286,17.149593997601187,0.4108520006411709,0.07753499812679365,18.920262999017723,0,16
727,1431002.png,1.1364330021024216,0.44376600271789357,17.103275000408757,0.3598570001486223,0.06546900112880394,19.184708999091526,0,3
728,1431007.png,1.1233000004722271,0.34958700052811764,14.216206000128295,0.4920700012007728,0.07691000064369291,16.339452002284816,0,2
729,1431009.png,0.9976719993574079,0.36208399978931993,14.287011999840615,0.43823799933306873,0.07357199865509756,16.20728500347468,0,35
730,1431014.png,0.8094849981716834,0.2559470012784004,14.535640999383759,0.4062749976583291,0.07096399713191204,16.129834999446757,0,1
731,1431021.png,0.8351920005225111,0.24848999964888208,15.662338999391068,0.5027490005886648,0.08488899766234681,17.37723499900312,0,10
732,1433001.png,1.0158210025110748,0.28235799982212484,19.271594999736408,0.3766720001294743,0.06537599983857945,21.06400900083827,0,1
733,1433012.png,0.9528800001135096,0.23617500119144097,14.545015998010058,0.3528439992805943,0.06577699969056994,16.204013001697604,0,9
734,1433016.png,0.875379002536647,0.2821359994413797,14.304430998890894,0.35512899921741337,0.06270700032473542,15.931860001728637,0,3
735,2109015.png,0.7622020020789932,0.24682599905645475,14.52906199847348,0.3645999968284741,0.06578499960596673,16.010878996894462,0,4
736,2109020.png,0.8446259998891037,0.2487680030753836,13.987225000164472,0.35218500124756247,0.0636040022072848,15.539523999905214,0,12
737,2110004.png,0.964798000495648,0.24554500123485923,13.792112997180084,0.35872700027539395,0.06333599958452396,15.47585899970727,0,3
738,2110006.png,0.9158040011243429,0.2590300027804915,13.86812800046755,0.3555410003173165,0.06406199827324599,15.513577996898675,0,2
739,2110007.png,0.9461459994781762,0.2331870018679183,20.372382998175453,0.6952680014364887,0.12353000056464225,22.419986002205405,0,9
740,2110012.png,0.9534179989714175,0.3404579983907752,29.810440999426646,0.6860879984742496,0.1105920018744655,31.94311200059019,0,1
741,3000005.png,0.9277080025640316,0.34365299870842136,29.308045999641763,0.6744870006514248,0.10839500100701116,31.4146710006753,0,25
742,3000011.png,0.9806900015973952,0.3386959979252424,29.35237000201596,0.6449320026149508,0.10064300295198336,31.47484299915959,0,22
743,3000021.png,1.2047390009684023,0.29453699971782044,23.437730997102335,0.4620439976861235,0.08419000005233102,25.54050099934102,0,1
744,3000023.png,1.5304980006476399,0.5581650002568495,14.190867001161678,0.3587079991120845,0.06582800051546656,16.76425099867629,0,5
745,3000032.png,1.1324289989715908,0.5040719988755882,14.270958003180567,0.8490250002068933,0.07815200297045521,16.90446599968709,0,1
746,3000046.png,1.0689219998312183,0.25603099857107736,14.412672000617022,0.4074079988640733,0.0683250000292901,16.257068997219903,0,3
747,3000058.png,0.9883999991870951,0.25457400261075236,15.25164200211293,0.3663279967440758,0.08572300066589378,17.013710999890463,0,12
748,3000062.png,0.9295470008510165,0.26549499671091326,14.801351997448364,0.36986299892305396,0.06376800229190849,16.481674996612128,0,11
749,3000066.png,0.9798760002013296,0.28310600100667216,14.110937001532875,0.40681099926587194,0.06483899778686464,15.901700000540586,0,8
750,3000080.png,0.9744590024638455,0.26585299929138273,15.015111999673536,0.38428100015153177,0.0692450012138579,16.760408998379717,0,2
751,3000083.png,1.0204239988524932,0.253029000305105,20.7554650005477,0.5155729995749425,0.07482200089725666,22.672768998745596,0,1
752,3000089.png,1.0193349990004208,0.31201900128507987,14.523614998324774,0.3775349978241138,0.06430199937312864,16.34234100129106,0,5
753,3000108.png,0.9390010018250905,0.3333549975650385,14.687041999422945,0.38841200148453936,0.06276400017668493,16.450409002572997,0,7
754,3000109.png,1.108243999624392,0.33686900133034214,14.165651999064721,0.3629000020737294,0.062235001678345725,16.114603997266386,0,3
755,3000113.png,1.107486998080276,0.322808999044355,14.075299000978703,0.5302620011207182,0.08445899948128499,16.178808000404388,0,8
756,3000120.png,1.0520229989197105,0.3148220021103043,14.595657001336804,0.41650200000731274,0.07438000102411024,16.502475999004673,0,2
757,3000121.png,0.977231000433676,0.2605499976198189,14.559205999830738,0.4064919994561933,0.06690499867545441,16.324330001225462,0,5
758,3000124.png,0.9315250026702415,0.26005899781011976,14.760313999431673,0.45602400132338516,0.07717599874013104,16.52700400154572,0,8
759,3000129.png,1.0270940001646522,0.382447997253621,21.97138100018492,0.7125459997041617,0.11004699990735389,24.264783001854084,0,17
760,3000130.png,0.9260369988624007,0.34407000202918425,28.936338996572886,0.5698379973182455,0.08672700278111733,30.916006999177625,0,13
761,3000131.png,1.0067409966723062,0.2672160007932689,15.663631998904748,0.38561600013053976,0.0699500014889054,17.449618000682676,0,15
762,3000133.png,0.8811970001261216,0.23639600112801418,29.354981001233682,0.6636140024056658,0.12039099965477362,31.297862999053905,0,15
763,3000134.png,0.9619090014894027,0.32970699976431206,29.09097399970051,0.7079679999151267,0.10675399971660227,31.248246999894036,0,8
764,3000140.png,0.9321379984612577,0.3498980004223995,14.73450399862486,0.35592700078268535,0.0653000024612993,16.50443100152188,0,25
765,3000145.png,1.1129780032206327,0.3463670000201091,14.27279600102338,0.3448749994277023,0.061208000261103734,16.199042998778168,0,23
766,3000147.png,0.9635009992052801,0.34018399674096145,14.504383001622045,0.3937599976779893,0.06731100074830465,16.334863001247868,0,19
767,3000148.png,0.7846339976822492,0.24863799990271218,13.876451001124224,0.39246399683179334,0.07419599933200516,15.425198002049001,0,12
768,3000149.png,0.8170100009010639,0.2506040000298526,14.632907001214335,0.3777549973165151,0.06570699770236388,16.193413001019508,0,23
769,3000151.png,0.7821130020602141,0.22428500233218074,14.22535000165226,0.36212199847796,0.08235899804276414,15.725141001894372,0,19
770,3000152.png,0.7620789983775467,0.2341129984415602,14.75378100076341,0.40795799941406585,0.06750999818905257,16.271397998934845,0,21
771,3000156.png,0.812628997664433,0.25800000003073364,14.562405001925072,0.4062930020154454,0.0796370004536584,16.161329000169644,0,12
772,3000183.png,0.9664309982326813,0.2734139998210594,17.80620699719293,0.6600969973078463,0.10735199975897558,19.868150000547757,0,9
773,3000186.png,0.9373649991175625,0.31368800046038814,17.472201001510257,0.37054999847896397,0.058989000535802916,19.203197000024375,0,6
774,3000190.png,0.938991997827543,0.27243799922871403,13.72031800201512,0.3582839999580756,0.06079699960537255,15.401785996800754,0,12
775,3000194.png,0.9186089991999324,0.25655500212451443,14.515363000100479,0.35525199928088114,0.06204899909789674,16.15124999807449,0,11
776,3000197.png,1.023294000333408,0.31716100056655705,20.598795999831054,0.5023650010116398,0.07968399950186722,22.58197400078643,0,24
777,3000204.png,1.1206519993720576,0.31209599910653196,18.703649002418388,0.7340030024352018,0.1049169986799825,21.03348299715435,0,6
778,3000212.png,1.0085260000778362,0.3100360008829739,19.777344998146873,0.3790240007219836,0.06715299969073385,21.59214900166262,0,5
779,3000246.png,1.1692389998643193,0.4597810002451297,15.59234500018647,0.43384399759816006,0.07803300104569644,17.812311001762282,0,1
780,3002009.png,0.9646930011513177,0.37192899981164373,15.863638000155333,0.3917640024155844,0.06786700032535009,17.74719600143726,0,11
781,3002017.png,0.8121310020214878,0.2691939989745151,15.34646599975531,0.4793130028701853,0.08031700053834356,17.038766000041505,0,21
782,3002022.png,0.7967349993123207,0.304014996800106,15.767066997796064,0.37555800008703955,0.07713800005149096,17.377256001054775,0,32
783,3002026.png,0.9634519992687274,0.25285399897256866,15.003448999777902,0.37284700010786764,0.06891800148878247,16.71693499883986,0,20
784,3002029.png,0.9006270011013839,0.26792800053954124,15.201971000351477,0.3769979994103778,0.08883000191417523,16.892439001821913,0,2
785,3002033.png,0.9102529984374996,0.24623900026199408,15.038785000797361,0.3624279997893609,0.09658999988459982,16.704602996469475,0,1
786,3002034.png,0.951142003032146,0.2576650003902614,14.839420000498649,0.3535149990057107,0.0635090000287164,16.51856299940846,0,5
787,3002036.png,0.900013001228217,0.2379969992034603,13.975452002341626,0.36324099710327573,0.06541899711010046,15.583429998514475,0,15
788,3002039.png,0.9459380016778596,0.2725949998421129,19.447660000878386,0.4775280031026341,0.0792620012362022,21.27864599970053,0,15
789,3002056.png,0.9612379981263075,0.27270600185147487,19.36093800031813,0.4419590004545171,0.07459699918399565,21.154635996936122,0,5
790,3002057.png,1.1463539995020255,0.2868830015358981,29.162687998905312,0.44184700163896196,0.13620000027003698,32.00003899837611,0,7
791,3002059.png,1.4566589998139534,0.2603310022095684,14.901335001923144,0.3661379996628966,0.0668339998810552,17.10639600059949,0,13
792,3002062.png,0.9034680006152485,0.27841100018122233,15.455208998901071,0.3879060022882186,0.06500800009234808,17.146015998150688,0,6
793,3002064.png,0.9654989989940077,0.27228399994783103,19.2505640006857,0.49888700232259,0.07978500070748851,21.12044900059118,0,8
794,3002075.png,0.9994239990192,0.2954949995910283,18.79002399800811,0.42553700041025877,0.0757570014684461,20.64286699896911,0,11
795,3002080.png,0.9304400009568781,0.31157499688561074,14.173535997542785,0.6198959999892395,0.07269399793585762,16.15591700101504,0,11
796,3002087.png,0.9180419983749744,0.24152500191121362,23.573054000735283,0.5527700013772119,0.10119199941982515,25.43831299772137,0,7
797,3002094.png,1.446419999410864,0.3175919991917908,14.842925000266405,0.3602719989430625,0.06510800085379742,17.093135000322945,0,3
798,3002096.png,0.9010860012494959,0.30664299993077293,14.206105002813274,0.4025900016131345,0.07256800017785281,15.933960003167158,0,16
799,3002106.png,0.9449760000279639,0.2799220019369386,14.184404997649835,0.33116199847427197,0.060204001783858985,15.850683997996384,0,17
800,3002108.png,0.8936269987316336,0.23526899894932285,13.512236000678968,0.3607559992815368,0.06587800089619122,15.116006998141529,0,9
801,3002109.png,0.8920660002331715,0.3962400005548261,14.99245000013616,0.5663000010827091,0.07219400140456855,16.96418299979996,0,6
802,3002110.png,1.0624409987940453,0.24598500021966174,14.370188997418154,0.39633800042793155,0.07272500079125166,16.214856997976312,0,11
803,3002112.png,0.9239760001946706,0.2505869997548871,17.343865998554975,0.5015580027247779,0.07667899990337901,19.141551998473005,0,2
804,3002119.png,0.8375069992325734,0.42659000246203505,17.74670400118339,0.6456920018536039,0.09206100003211759,19.79195899912156,0,2
805,3002131.png,1.1386530022718944,0.361280999641167,18.17923199996585,0.44681900180876255,0.07427500167977996,20.255917999747908,0,4
806,3002137.png,0.9092480031540617,0.305571000353666,17.822289999458008,0.43779900079243816,0.07402400296996348,19.594191002397565,0,8
807,3002148.png,0.9306459978688508,0.2977129988721572,15.888156998698832,0.3628710001066793,0.06534400017699227,17.5947339994309,0,4
808,3002152.png,0.8247209989349358,0.23193000015453435,14.387978000740986,0.3933279986085836,0.07225599983939901,15.95889999953215,0,12
809,3002154.png,0.8670210008858703,0.23863499882281758,13.556502999563236,0.36492099752649665,0.0638799974694848,15.142219999688677,0,8
810,3002155.png,0.8410459995502606,0.24706499971216545,14.010273000167217,0.35948300137533806,0.06462400051532313,15.572177999274572,0,12
811,3002161.png,0.9461720001127105,0.2763700031209737,14.211228000931442,0.35125700014759786,0.06767800005036406,15.900475002126768,0,5
812,3002170.png,0.8731069974601269,0.23280700042960234,14.420006998989265,0.3460629995970521,0.06469800064223818,15.977887000190094,0,1
813,3002191.png,1.0341490014980081,0.24248400222859345,25.78339799947571,0.7074019995343406,0.11016099961125292,27.929943000344792,0,7
814,3002197.png,0.9177339998132084,0.3418990017962642,24.708036002266454,0.3549030006979592,0.06517899964819662,26.434014998812927,0,28
815,3002203.png,0.9904830003506504,0.24403399947914295,14.44015900051454,0.4074139978911262,0.06739899981766939,16.19922899772064,0,18
816,3002204.png,0.9530819988867734,0.26543800049694255,14.277197002229514,0.4332810021878686,0.07024400110822171,16.042362000007415,0,6
817,3002213.png,0.9919270014506765,0.27531500018085353,14.578289999917615,0.383853999665007,0.06801400013500825,16.34740800000145,0,6
818,3002228.png,0.9364639990963042,0.31893000050331466,13.916629999584984,0.3439510001044255,0.0624149979557842,15.628625002136687,0,5
819,3002230.png,0.9195509992423467,0.25611399905756116,13.981510001030983,0.35105400093016215,0.0713419976818841,15.631805999873905,0,35
820,3002232.png,0.8131020003929734,0.24328500148840249,14.434479002375156,0.39654099964536726,0.07676699897274375,16.004943998268573,0,3
821,3002238.png,0.8378629972867202,0.25275400184909813,13.795008999295533,0.34252399927936494,0.06130800102255307,15.331932001572568,0,27
822,3002243.png,0.8453209993604105,0.2371459995629266,13.583488002041122,0.34770799902617,0.064591000409564,15.126905997021822,0,25
823,3002244.png,0.834514998132363,0.25391500093974173,13.446398999803932,0.35402800131123513,0.06512099935207516,14.994045999628725,0,33
824,3003005.png,0.9826919995248318,0.33732299925759435,13.68972500131349,0.34793699887814,0.06289800148806535,15.473753002879675,0,4
825,3003010.png,0.9563620005792473,0.24476199905620888,13.84230600160663,0.3526190012053121,0.0628870002401527,15.510009001445724,0,10
826,3003013.png,0.9327580009994563,0.24116100030369125,14.781589001358952,0.3824699997494463,0.06533199848490767,16.453977001219755,0,12
827,3003016.png,0.9125609976763371,0.255316001130268,14.936830000806367,0.40398499913862906,0.06868900163681246,16.6266150008596,0,9
828,3003018.png,0.8303380018332973,0.23633899763808586,13.892464001401095,0.2753570006461814,0.028604998078662902,15.310965001845034,0,0
829,3003029.png,0.8462329969916027,0.2716210001381114,14.117660000920296,0.3879709984175861,0.06879800275783055,15.741481001896318,0,5
830,3003033.png,0.8886139985406771,0.27100200168206356,14.878397003485588,0.38615100129391067,0.07484999878215604,16.549859999940963,0,15
831,3003036.png,0.8231960018747486,0.26837200130103156,14.53106099870638,0.3750489995582029,0.06569199831574224,16.105299997434486,0,2
832,3003047.png,0.9658490016590804,0.2710720000322908,14.269204999436624,0.36471199928200804,0.06452999878092669,15.987241000402719,0,4
833,3003048.png,0.9570510010235012,0.24102099996525794,13.937962001364212,0.3779920007218607,0.06388700057868846,15.628053999535041,0,3
834,3003049.png,0.9622409997973591,0.256954001088161,14.557187001628336,0.3682300011860207,0.06471500091720372,16.256480001175078,0,4
835,3003069.png,1.0420580001664348,0.24258700068457983,14.30039800106897,0.3479000006336719,0.06242000017664395,16.04483999835793,0,5
836,3003078.png,0.869740000780439,0.23307200171984732,13.912432998040458,0.3465689987933729,0.05987499753246084,15.469357997062616,0,1
837,3003083.png,0.8688620000611991,0.23578800028190017,14.102001001447206,0.35572200067690574,0.06405499880202115,15.675251997890882,0,28
838,3003094.png,0.9673159984231461,0.23177200273494236,15.17745700039086,0.4008129981230013,0.06988299719523638,16.89849700051127,0,10
839,3003105.png,0.8454310009256005,0.2414479968138039,13.853864002157934,0.3749589996004943,0.06386799941537902,15.419252998981392,0,2
840,3003106.png,0.8405660009884741,0.26955099747283384,13.651096996909473,0.3656310000224039,0.06327299706754275,15.237920997606125,0,10
841,3003121.png,0.8381590014323592,0.25842199829639867,14.438848997087916,0.37562699799309485,0.06458900315919891,16.018319001886994,0,3
842,3003125.png,0.8923239984142128,0.2590570002212189,14.402060998691013,0.36994800029788166,0.062096001784084365,16.028481997636845,0,3
843,3003139.png,0.8822700001474004,0.2669180030352436,14.08437300051446,0.35321200266480446,0.06117400334915146,15.696146998379845,0,4
844,3003152.png,0.9619089978514239,0.23576999956276268,17.952984999283217,0.437237998994533,0.07797899888828397,19.71490199866821,0,1
845,3003160.png,0.9594719995220657,0.2736749993346166,18.273729998327326,0.48185100240516476,0.07936700058053248,20.12026100055664,0,4
846,3003164.png,0.8854619991325308,0.2629610025906004,19.442038999841316,0.5298479991324712,0.07692700091865845,21.247793003567494,0,3
847,3003166.png,0.9793190001801122,0.2740179988904856,18.852817000151845,0.6338969978969544,0.09299799785367213,20.884453999315156,0,1
848,3003168.png,0.992556000710465,0.3490269991743844,14.708364000398433,0.4197429989289958,0.0818900007288903,16.60696700128028,0,5
