index,filename,preprocess_ms,host_to_device_ms,inference_ms,postprocess_ms,output_to_cpu_ms,processing_total_ms,deadline_missed,num_detections
1,0001003.png,1.158230999863008,0.29683700086025055,11.431298000388779,0.35137600025336724,0.06412000038835686,13.346865000130492,0,4
2,0001020.png,1.0512609987927135,0.22853600057715084,10.715714999605552,0.34153100023104344,0.0616550005361205,12.445779000699986,0,1
3,0001023.png,1.0611870002321666,0.21637499958160333,13.024039999436354,0.6015790004312294,0.08447900108876638,15.03865999984555,0,7
4,0001031.png,1.1368939995008986,0.31222300094668753,13.613107999844942,0.4382539991638623,0.07650600127817597,15.626862999852165,0,3
5,0001043.png,1.1084869984188117,0.22800099941377994,11.408426998968935,0.324427999657928,0.062449000324704684,13.183760000174516,0,3
6,0001047.png,1.016772999719251,0.23861199952079915,11.352263998560375,0.3684660005092155,0.06691000089631416,13.09168600164412,0,7
7,0001052.png,0.8104399985313648,0.2058870013570413,10.727156999564613,0.3584930000215536,0.06260599911911413,12.202939000417246,0,11
8,0001053.png,0.93273099992075,0.26339000032749027,10.802972999954363,0.33936699946934823,0.058963001720258035,12.449081999875489,0,5
9,0001054.png,0.9138009991147555,0.2327860001969384,11.857468000016524,0.39249000110430643,0.06776000009267591,13.508627998817246,0,2
10,0001060.png,0.8752230005484307,0.2324760007468285,11.816272999567445,0.3549530010786839,0.0637440007267287,13.390914000410703,0,2
11,0001068.png,0.8614700000180164,0.2179569983127294,11.402198999348911,0.33992700082308147,0.06441299956350122,12.93639899995469,0,4
12,0001071.png,0.881310001204838,0.23150800006987993,14.191149999533081,0.652955999612459,0.10835500143002719,16.115554999487358,0,1
13,0001072.png,0.8607319996372098,0.3054040007555159,25.282487000367837,0.654481000310625,0.10542499876464717,27.254523000010522,0,6
14,0001073.png,0.8499400009895908,0.29603299844893627,16.1132949997409,0.37303799945220817,0.06759799907740671,17.740003999278997,0,6
15,0001074.png,0.8289939996757312,0.23964299907675013,11.244835000979947,0.3632459993241355,0.06502100040961523,12.792253999577952,0,1
16,0001083.png,0.8382030009670416,0.23159599913924467,10.921129000053043,0.33156500103359576,0.06045800000720192,12.421817000358715,0,5
17,0001085.png,0.8612789988546865,0.49324599967803806,11.957855000218842,0.3453879999142373,0.06465600017691031,13.767694999842206,0,3
18,0001086.png,0.8579440000175964,0.2321680003660731,11.371721000614343,0.3609199993661605,0.06300700079009403,12.929806000101962,0,6
19,0001088.png,0.8138160010275897,0.20894599947496317,11.458236000180477,0.46381999891309533,0.06519099952129181,13.048228000116069,0,1
20,0002015.png,0.9064269997907104,0.2251269997941563,11.450420999608468,0.33602799885557033,0.06682399907731451,13.037163000262808,0,3
21,0002037.png,1.033413000186556,0.21668499903171323,11.011726999640814,0.3523300001688767,0.0623479991190834,12.719618000119226,0,1
22,0002040.png,0.9093749995372491,0.21919800019531976,10.963344999254332,0.33594299929973204,0.06147900057840161,12.532837001344888,0,2
23,0002043.png,0.9151530011877185,0.2475300007063197,11.63829200049804,0.3470229985396145,0.06549700083269272,13.25258299948473,0,1
24,0002045.png,0.9601969995856052,0.23727900043013506,12.075938000634778,0.4289939988666447,0.07356199967034627,13.828680001097382,0,7
25,0002046.png,0.9506269998382777,0.22989700119069312,11.73961499989673,0.34654400042199995,0.06763100100215524,13.376892999076517,0,2
26,0002049.png,0.9057799998117844,0.2137319988833042,11.454892000983818,0.36821499998040963,0.06341600055748131,13.04287499988277,0,6
27,0002061.png,0.8297349995700642,0.22808499852544628,12.669166999330628,0.4408549993968336,0.0788550005381694,14.296241000920418,0,22
28,0002065.png,0.9453020011278568,0.24975999986054376,15.722244999778923,0.45520700041379314,0.07599700074933935,17.502882999906433,0,7
29,0002075.png,0.8985050008050166,0.22604600053455215,15.325659000154701,0.42683900028350763,0.07453899888787419,16.999350000332925,0,3
30,00030001.png,0.8452689999103313,0.25396999990334734,15.250313999786158,0.44739899931300897,0.07543599895143416,16.925216999879922,0,9
31,00030004.png,0.8769699998083524,0.24308000138262287,12.81470699905185,0.3462590011622524,0.07182399895100389,14.414023999052006,0,1
32,00030006.png,0.9121759994741296,0.22623900076723658,11.085054000432137,0.3309559997433098,0.06358899918268435,12.657397999646491,0,2
33,00030015.png,0.9676130011939676,0.2406109997536987,11.250682999161654,0.38069000038376544,0.08640200030640699,12.974129000212997,0,4
34,00030016.png,0.9512990000075661,0.2560089997132309,12.773002001267741,0.36478699985309504,0.08217600043280981,14.477572998657706,0,4
35,00030017.png,0.9250799994333647,0.2416379993519513,11.947625998800504,0.3662789986265125,0.0625000011496013,13.584334999904968,0,1
36,0006002.png,0.9877270003926242,0.4186179994576378,15.0635810005042,0.45481800043489784,0.07511900003009941,17.047584000465577,0,10
37,0006013.png,1.0450959998706821,0.3683059985633008,25.72524099923612,0.7596939994982677,0.10875100088014733,28.055822000169428,0,16
38,0008009.png,0.8221959997172235,0.4366000011941651,20.287158000428462,0.35734899938688613,0.06658900019829161,22.014484000465018,0,4
39,0008034.png,0.919787000384531,0.22902899945620447,11.58808299987868,0.38537900036317296,0.07076600013533607,13.239034999060095,0,4
40,0009007.png,0.9473440004512668,0.24809700153127778,11.776110000937479,0.433880999480607,0.07095199907780625,13.537586000893498,0,3
41,0009020.png,0.9424529998796061,0.2376850006839959,11.326505000397447,0.3372800001670839,0.06241200026124716,12.944967000294128,0,3
42,0009028.png,0.9552279989293311,0.2256440002383897,13.600331998532056,0.4624499997589737,0.09014600072987378,15.384314998300397,0,4
43,0009029.png,1.3518100004148437,0.2974580002046423,14.306791999842972,0.3863180008920608,0.0710320000507636,16.482089000419364,0,6
44,0009030.png,0.9605859995645005,0.2670209996722406,12.742930999593227,0.40558699947723653,0.0670749996061204,14.48786199944152,0,10
45,0009032.png,0.9419340003660182,0.22856099894852377,11.551067998880171,0.34972100002050865,0.06418699922505766,13.178520999645116,0,8
46,0009036.png,0.8732410005904967,0.2428580010018777,12.160970998593257,0.4178989984211512,0.07982199895195663,13.82619800097018,0,17
47,0009045.png,1.0303640010533854,0.2692459984245943,12.542047999886563,0.37034900014987215,0.067070999648422,14.332734001072822,0,4
48,0009053.png,1.1951950000366196,0.2807460004987661,14.578905998860137,0.443831999291433,0.08062599954428151,16.64466799957154,0,10
49,0011005.png,0.9390650011482649,0.2625170000101207,14.168702000461053,0.38579400097660255,0.07157199979701545,15.882128000157536,0,13
50,0011006.png,0.8992090006358922,0.24410900005022995,11.503771998832235,0.35951300014858134,0.06657899939455092,13.123368999004015,0,6
51,0011014.png,0.991663999229786,0.22146900118968915,11.502527999255108,0.4112940005143173,0.08187000094039831,13.257384998723865,0,7
52,0011016.png,0.982147001195699,0.28591999944183044,12.197215000924189,0.36612000076274853,0.0711779994162498,13.96156400005566,0,11
53,0011022.png,1.0146519998670556,0.2437269995425595,11.79590199899394,0.4044170000270242,0.0708719999238383,13.58224099931249,0,7
54,0011025.png,1.0895969990087906,0.2278219999425346,12.62137400044594,0.34654599949135445,0.0793310009612469,14.412720000109402,0,7
55,0011026.png,1.0166840002057143,0.2764290002232883,11.733924000509433,0.3599150004447438,0.06890000076964498,13.511061000826885,0,6
56,0011031.png,0.9514979992673034,0.2496999986760784,11.52484900012496,0.3640400009317091,0.06674399992334656,13.209017000917811,0,3
57,0011034.png,1.00712499988731,0.22809300025983248,21.847709998837672,0.6883450005261693,0.10774399925139733,23.929898999995203,0,11
58,0011036.png,0.9264540003641741,0.31992100048228167,16.778838999016443,0.3822799990302883,0.07242299943754915,18.52185900133918,0,11
59,0012002.png,0.9512579999864101,0.2425820002827095,11.319498999000643,0.3542360009305412,0.06314600068435539,12.978765998923336,0,2
60,0012003.png,0.991605000308482,0.24027899962675292,11.132486999485991,0.33846199949039146,0.06511100036732387,12.807193001208361,0,4
61,0012005.png,0.9584110011928715,0.24779400155239273,11.675096000544727,0.3520179998304229,0.07192799967015162,13.354160000744741,0,3
62,0012006.png,0.9322670011897571,0.3009960000781575,12.488843998653465,0.3632379994087387,0.068768998971791,14.208037000571494,0,17
63,0012008.png,1.0958339989883825,0.36762399940926116,15.868556998611894,0.4333769993536407,0.15441899995494168,18.048141999315703,0,9
64,0012011.png,1.0486549999768613,0.36369099871080834,14.088687001276412,0.4076250006619375,0.0729630010027904,16.02431900028023,0,2
65,0013002.png,0.9152969996648608,0.23733799935143907,11.654683999950066,0.2631839997775387,0.029753000490018167,13.142658999640844,0,0
66,0013003.png,0.8881939993443666,0.32448300044052303,12.145549999331706,0.2768890008155722,0.030395000067073852,13.729736998357112,0,0
67,0013008.png,0.8812320011202246,0.2549299988459097,12.903003000246827,0.4048770006193081,0.0759919985284796,14.571661000445602,0,5
68,0013012.png,0.9365870009787614,0.2800429992930731,12.439303000064683,0.35951899917563424,0.06822599971201271,14.140065999526996,0,3
69,0013021.png,0.9500539999862667,0.23517000045103487,11.417483001423534,0.35510199995769653,0.06501200005004648,13.071561999822734,0,3
70,0014011.png,1.1908600008609938,0.2837430001818575,11.457844999313238,0.3762180003832327,0.06726599895046093,13.419980999969994,0,1
71,0014017.png,1.1539179995452287,0.37620600051013753,11.38827599970682,0.30677699942316394,0.029927001378382556,13.300577000336489,0,0
72,0014020.png,1.0469400003785267,0.26108000020030886,11.197292000360903,0.3553469996404601,0.06672900053672493,12.978827999177156,0,4
73,0014023.png,0.9326099989266368,0.2432410001347307,11.04935600051249,0.33482700018794276,0.07845400068617892,12.678498000241234,0,1
74,0014029.png,0.9868149991234532,0.28719500005536247,11.495056000057957,0.358974999471684,0.06736599971191026,13.251344000309473,0,5
75,0015004.png,1.0038530017482117,0.2314829998795176,11.239694998948835,0.34329600021010265,0.06619600026169792,12.92360699881101,0,7
76,0015006.png,0.9557759985909797,0.25740600176504813,13.752800001384458,0.4642980002245167,0.08299399996758439,15.5671339998662,0,29
77,0015013.png,1.20040999900084,0.3108630007773172,24.87109699904977,0.7363780005107401,0.12837400026910473,27.309446000799653,0,4
78,0016002.png,1.2793799996870803,0.37223499930405524,25.61501499985752,0.6733480004186276,0.10976200064760633,28.10633199987933,0,8
79,0016006.png,1.0154499996133382,0.30133699874568265,24.183656998502556,0.6515789991681231,0.10771400047815405,26.308810000045924,0,10
80,0016007.png,0.8900780012481846,0.31625100018572994,12.294365000343532,0.39064500015228987,0.07466799979738425,14.015382999787107,0,7
81,0016009.png,0.9263349984394154,0.29311899925232865,12.150959999416955,0.3712599991558818,0.06867800038889982,13.862137000614894,0,9
82,0016014.png,0.9777389986993512,0.23139699987950735,11.393220000172732,0.3467250007815892,0.06680700062133837,13.06964200011862,0,6
83,0016015.png,0.8020980003493605,0.22631200044997968,11.267010000665323,0.35151799966115505,0.06918100007169414,12.755695001033018,0,3
84,0016017.png,0.8376030000363244,0.23420899924531113,11.220415000934736,0.36073100091016386,0.06570600089617074,12.766929999997956,0,3
85,0020006.png,1.0391040013928432,0.23709000015514903,11.561167000763817,0.34234200029459316,0.06408899935195222,13.29102499948931,0,7
86,0022008.png,1.1833299995487323,0.2979220007546246,11.701851999532664,0.3466060006758198,0.06573599966941401,13.655977998496382,0,11
87,0022010.png,1.0046869992947904,0.24619000032544136,12.123783000788535,0.34901999970315956,0.07006099986028858,13.843453998561017,0,7
88,0022030.png,1.158973000201513,0.22811700000602286,11.10326199886913,0.3441059998294804,0.06227999983821064,12.946249999004067,0,5
89,0022039.png,0.9272310016967822,0.2437390012346441,12.033158000122057,0.4044029992655851,0.07487599941669032,13.731637998716906,0,8
90,0023007.png,1.0589760004222626,0.27047300136473496,16.958852000243496,0.7281300004251534,0.11543800064828247,19.18703400042432,0,6
91,0023014.png,1.2846370009356178,0.3856189996440662,13.133578000633861,0.3456800004641991,0.06489200131909456,15.271770000254037,0,2
92,0024022.png,0.8642600005259737,0.2578000003268244,11.709140999300871,0.3555840012268163,0.06302000110736117,13.296176999574527,0,5
93,0024038.png,1.0220700005447725,0.23991299894987606,11.379843999748118,0.3463550001470139,0.06551099977514241,13.10383800046111,0,36
94,0024047.png,0.8938579994719476,0.22676099979435094,11.126752999189193,0.3581790006137453,0.0666960004309658,12.7203259999078,0,22
95,0024054.png,0.958199001615867,0.23476499882235657,11.192320998816285,0.38974500057520345,0.07038699914119206,12.89200700011861,0,8
96,0024061.png,1.2114569999539526,0.33082700065278914,12.298066998482682,0.3591980002966011,0.06826599928899668,14.321125001515611,0,11
97,0025003.png,1.228959001309704,0.3008940002473537,11.467829999673995,0.36796999847865663,0.06727199979650322,13.479965000442462,0,10
98,0025006.png,1.1284680003882386,0.2421079989289865,11.459628000011435,0.3503400002955459,0.06186500104377046,13.291162998939399,0,8
99,0025013.png,0.9540160008327803,0.23142799909692258,19.00625499911257,0.7411449987557717,0.11843600077554584,21.0990360010328,0,8
100,0025016.png,0.9868630004348233,0.38003999907232355,24.615072999949916,0.648627999908058,0.11075799920945428,26.795470001161448,0,6
101,0025017.png,0.897747000635718,0.3563050013326574,12.080045000402606,0.38127400148368906,0.07030000051599927,13.841491001585382,0,11
102,0025024.png,0.9867009994195541,0.25553399973432533,11.544281000169576,0.37658700057363603,0.07310099863389041,13.280074001158937,0,8
103,0025034.png,0.9948349998012418,0.2794399988488294,11.814452998805791,0.3700839988596272,0.06688299981760792,13.580336000813986,0,6
104,0026005.png,1.2312660001043696,0.24519499856978655,12.369943000521744,0.3984319992014207,0.07616800030518789,14.391456999874208,0,14
105,0026012.png,1.3612679995276267,0.32666600054653827,12.245316000189632,0.35792500057141297,0.06951900104468223,14.4163019995176,0,16
106,0026013.png,1.2444620006135665,0.31950700031302404,12.158294999608188,0.40778999937174376,0.09385900011693593,14.285414999903878,0,19
107,0100017.png,1.0832419993676012,0.2968179996969411,13.161148999643046,0.3667370001494419,0.06892199962749146,15.030390999527299,0,10
108,0100021.png,1.1763160000555217,0.2729379993979819,11.704238000675105,0.4075540000485489,0.07564599945908412,13.693343000340974,0,5
109,0100022.png,1.2697060010395944,0.4007739989901893,12.899442999696475,0.47665199963375926,0.07810900024196599,15.203358998405747,0,16
110,0100030.png,1.05308700040041,0.3490740000415826,12.035075998937828,0.3537680004228605,0.0663030004943721,13.918268999987049,0,5
111,0100041.png,1.1037509993911954,0.3351949999341741,12.851125000452157,0.7230319988593692,0.06996299998718314,15.159313999902224,0,3
112,0100056.png,1.0407609988760669,0.38099200173746794,12.585716000103275,0.3700500001286855,0.07379300041066017,14.503356998829986,0,2
113,0100057.png,1.0167969994654413,0.2533289989514742,12.548085000162246,0.3688830001919996,0.06651900002907496,14.306360999398748,0,2
114,0100059.png,1.2663390007219277,0.2398549986537546,11.485505001473939,0.36850499964202754,0.06978500096010976,13.487128000633675,0,5
115,0100067.png,1.05968100069731,0.26069700106745586,11.895734000063385,0.3620179995778017,0.06468699939432554,13.695756000743131,0,4
116,0100073.png,1.0708980007620994,0.24327599930984434,11.908991999007412,0.3695229988807114,0.0673180002195295,13.707801999771618,0,5
117,0100074.png,0.932083999941824,0.27616199986368883,11.200857999938307,0.44621900087804534,0.08059900028456468,12.984348000827595,0,7
118,0100075.png,1.041059000272071,0.2809390007314505,11.967868000283488,0.3654930005723145,0.06818499969085678,13.771584001005976,0,5
119,0100083.png,1.2436569995770697,0.2735540001594927,11.552309999387944,0.4498529997363221,0.10154499977943487,13.674705998710124,0,2
120,0101008.png,1.147990000390564,0.26838600024348125,11.77338600064104,0.3567019994079601,0.06864099850645289,13.669964999280637,0,6
121,0101018.png,1.1981850002484862,0.2385480001976248,11.375014000805095,0.36051400093128905,0.06623099943681154,13.289559999975609,0,10
122,0101020.png,1.1110609993920662,0.22342200099956244,11.963920000198414,0.3813620005530538,0.0686980001773918,13.79181599986623,0,5
123,0101022.png,1.3189959990995703,0.3181289994245162,12.404879998939577,0.3609870000218507,0.06567000127688516,14.53332299934118,0,4
124,0101032.png,1.1074920003011357,0.23306200091610663,11.277513000095496,0.32819499938341323,0.06068400034564547,13.08378899921081,0,2
125,0101056.png,1.3304709991643904,0.21972399918013252,10.967125999741256,0.34647099892026745,0.06765800026187208,12.977428999874974,0,5
126,0101058.png,1.2720020004053367,0.28055099937773775,11.44486299926939,0.35629400008474477,0.06692600072710775,13.472942000589683,0,1
127,0101071.png,1.0616330000630114,0.25228199956472963,11.464233000879176,0.3617980000854004,0.19775100008700974,13.392733999353368,0,3
128,0101072.png,1.1157200005982304,0.27457599935587496,11.573619000046165,0.376607000362128,0.06451899935200345,13.443007001114893,0,4
129,0102006.png,0.976867000645143,0.23545200019725598,11.912118001419003,0.3637429999798769,0.06953899901418481,13.603384999441914,0,2
130,0102007.png,1.1984270004177233,0.28238900085852947,11.958643999605556,0.4038400002173148,0.06714099981763866,13.968253999337321,0,2
131,0102010.png,1.1236030004511122,0.26419399910082575,11.359395999534172,0.35328099875187036,0.0662990005366737,13.208768999902532,0,2
132,0102016.png,1.1075049987994134,0.2673760009201942,12.475104000259307,0.362674998541479,0.07004399958532304,14.339094999741064,0,1
133,0102020.png,1.080575000742101,0.2528810000512749,15.436106999914045,0.7118720004655188,0.11017900033039041,17.6464929991198,0,2
134,0102025.png,1.0290789996361127,0.39805000051273964,14.43089300119027,0.3926539993699407,0.06695400043099653,16.381700001147692,0,4
135,0102032.png,1.084472000002279,0.25501999880361836,11.472922000393737,0.35400199885771144,0.06587400093849283,13.280056999064982,0,3
136,0102033.png,1.0649069990904536,0.2383129994996125,10.931745000561932,0.3310649990453385,0.06329499956336804,12.689502000284847,0,7
137,0102040.png,1.1216349994356278,0.2385160005360376,10.968945000058739,0.36286800059315283,0.06648599992331583,12.808936000510585,0,1
138,0102041.png,1.2664309997489909,0.27605099967331626,11.480115999802365,0.3729539985215524,0.07610900138388388,13.543110999307828,0,3
139,0102050.png,1.057966999724158,0.31475400101044215,11.912052999832667,0.34041300023091026,0.06811200000811368,13.744728999881772,0,3
140,0103013.png,1.1216540005989373,0.31353600024885964,11.741526001060265,0.3467390015430283,0.06739999844285194,13.655593000294175,0,3
141,0103016.png,1.0418980000395095,0.24924900026235264,12.978975000805804,0.39500899947597645,0.06890199983899947,14.794010001423885,0,1
142,0103018.png,1.049062000674894,0.2737790000537643,12.473013000999345,0.3683020004245918,0.0724139990779804,14.286281999375205,0,2
143,0103026.png,1.109290000385954,0.2585869988251943,12.344632001259015,0.37247199907142203,0.062200000684242696,14.19021400033671,0,2
144,0103028.png,1.3529739990190137,0.33851199987111613,12.155665999671328,0.367343000107212,0.07151099998736754,14.36226199984958,0,1
145,0103036.png,1.1324589995638235,0.3034370001842035,12.526852000519284,0.3727040002559079,0.06934600060048979,14.466384998740978,0,3
146,0103042.png,0.9794329998840112,0.27684099950420205,11.796554001193726,0.349366999216727,0.06516599933092948,13.524939000490122,0,1
147,0104011.png,1.166202000604244,0.2366070002608467,16.617340999800945,0.733063001462142,0.11072699999203905,18.91715499914426,0,4
148,0104012.png,1.0380139992776094,0.34561799839138985,14.87281499976234,0.422708999394672,0.06562000089616049,16.788832001111587,0,3
149,0104013.png,1.0121369996340945,0.25971799914259464,11.939100000745384,0.349460999132134,0.06694500007142778,13.678669998625992,0,1
150,0104016.png,1.0078779996547382,0.2586470000096597,11.836693000077503,0.3939770012948429,0.09207599941873923,13.640076000228873,0,5
151,0104020.png,1.13954300104524,0.2913350017479388,11.892303000422544,0.3818499990302371,0.0699419997545192,13.828912000462878,0,4
152,0104040.png,0.988592000794597,0.29759500102954917,12.042381000355817,0.4019309999421239,0.07864500003051944,13.864967000699835,0,1
153,0104042.png,1.3084010006423341,0.342557999829296,12.751972999467398,0.438703000327223,0.08759200136410072,14.994846000263351,0,1
154,0104043.png,1.2187520005682018,0.3426139992370736,13.191617999837035,0.42893600038951263,0.07767100032651797,15.322003999244771,0,1
155,0105001.png,1.053165999110206,0.2798229998006718,11.874226000145427,0.44080100087739993,0.06967999979679007,13.794349999443511,0,4
156,0105002.png,0.9962419990188209,0.27905800016014837,11.274398000750807,0.3427199990255758,0.06679200123471674,13.003564999962691,0,9
157,0105007.png,1.1416699999244884,0.26399300077173393,11.90354199934518,0.3579700005502673,0.06706700150971301,13.786277999315644,0,5
158,0105010.png,1.081856000382686,0.26187599905824754,11.824802999399253,0.7774310015520314,0.07287000153155532,14.07172399922274,0,5
159,0105014.png,1.1377629998605698,0.27922799927182496,11.502561001179856,0.3433880010561552,0.064915000621113,13.384796999162063,0,6
160,0105017.png,1.2136449986428488,0.2949190002254909,11.235469000894227,0.35439100065559614,0.0690039996698033,13.242716999229742,0,2
161,0105026.png,1.0485399998287903,0.2466550013195956,11.16329999968002,0.35080300040135626,0.06872199992358219,12.923666999995476,0,4
162,0105029.png,1.0538969982007984,0.24987899996631313,11.400444000173593,0.3657059987745015,0.06513100015581585,13.182193999455194,0,3
163,0105034.png,0.9729390003485605,0.24897799994505476,11.045683000702411,0.33143299879156984,0.06380800004990306,12.704283999482868,0,5
164,0105040.png,0.9586040014255559,0.3724390007846523,14.863321999655454,0.5006859992136015,0.07025500053714495,16.82408000124269,0,1
165,0106006.png,1.0067110015370417,0.266871000349056,11.746727999707218,0.35559900061343797,0.06549499994434882,13.48347100065439,0,1
166,0106007.png,1.0006289994635154,0.28854800075350795,11.906947000170476,0.3705359995365143,0.06538599882333074,13.68160399943008,0,3
167,0106008.png,1.0154310002690181,0.2514810003049206,11.725757998647168,0.35610099985206034,0.06499999835796189,13.464941999700386,0,8
168,0106012.png,1.0190459997829748,0.24554899937356822,11.059996999392752,0.336267999955453,0.06439900062105153,12.765808000040124,0,2
169,0106014.png,1.0937320002994966,0.24686200049472973,11.02699799957918,0.3658820005512098,0.06680700062133837,12.849384000219288,0,1
170,0106016.png,1.1110129998996854,0.2534729992476059,11.231709000639967,0.37552400135609787,0.06759700045222417,13.07958499819506,0,2
171,0106021.png,1.1609520006459206,0.26677499954530504,11.351110000759945,0.43385800017858855,0.07312399975489825,13.353547999940929,0,2
172,0107008.png,1.003982999463915,0.26010900000983384,11.438695999459014,0.3371319999132538,0.0660700006847037,13.148665000699111,0,2
173,0107025.png,0.9938980001606978,0.2555310002207989,11.585971000386053,0.3757009999389993,0.06392399882315658,13.323056000444922,0,3
174,0107030.png,1.0729460009315517,0.3035299996554386,12.739538999085198,0.4442940007720608,0.07364299926848616,14.683610999782104,0,1
175,0108001.png,1.0225170008197892,0.2899350001825951,11.736271000700071,0.3679059991554823,0.06976399890845641,13.540380999984336,0,3
176,0108008.png,0.9851520007941872,0.41434199920331594,11.7888260010659,0.3712050001922762,0.06363499960571062,13.670407000972773,0,1
177,0108014.png,0.9971689996746136,0.2610669998830417,11.47702200069034,0.37826900006621145,0.06758900053682737,13.222692999988794,0,2
178,0108015.png,0.9550510003464296,0.250742999924114,11.387318998458795,0.3755090001504868,0.07488699884561356,13.085214999591699,0,2
179,0108021.png,1.0982399999193149,0.3255749998061219,11.51913299872831,0.3498349997244077,0.06451100125559606,13.412281999990228,0,2
180,0108023.png,0.9281090005970327,0.30611700094596017,11.254774000917678,0.3707899995788466,0.06993700117163826,12.986910998733947,0,2
181,0108026.png,0.9925539998221211,0.2754840006673476,12.073301999407704,0.35337400004209485,0.06317000043054577,13.809029998810729,0,2
182,0108028.png,1.0245839985145722,0.25552800070727244,12.271632000192767,0.360116000592825,0.06729100095981266,14.024063999386271,0,1
183,0108033.png,0.9517920007056091,0.2620249997562496,13.049829000010504,0.3555470011633588,0.07213000026240479,14.746200000445242,0,1
184,0108035.png,0.8639749994472368,0.2564060014265124,11.529557999892859,0.3465959998720791,0.0649860012345016,13.110645999404369,0,2
185,0108041.png,0.9547640001983382,0.24177500017685816,12.241768999956548,0.4081619990756735,0.07408499914163258,13.971606998893549,0,3
186,0200006.png,0.768660000176169,0.29667499984498136,12.53788100075326,0.385129000278539,0.06850200043118093,14.130251998722088,0,6
187,0200008.png,0.98138400062453,0.3408579996175831,11.901497000508243,0.3726499999174848,0.06722000034642406,13.713843998630182,0,1
188,0200010.png,0.8081830001174239,0.25796800036914647,12.751905000186525,0.5932679996476509,0.08005000017874409,14.54566600114049,0,5
189,0200012.png,0.8794509994913824,0.28276500052015763,11.800144999142503,0.3503050011204323,0.06619000123464502,13.434086000415846,0,3
190,0200016.png,0.8406020006077597,0.3594939989852719,11.808318000475992,0.3629359998740256,0.07147200085455552,13.495045001036488,0,3
191,0200025.png,0.7489830004487885,0.26657899979909416,11.549308999747154,0.35442799890006427,0.06862800000817515,13.037542999882135,0,1
192,0200028.png,0.7729779990768293,0.2408639993518591,11.54925399896456,0.36978800017095637,0.06831200153101236,13.051715000983677,0,10
193,0200031.png,0.8792829994490603,0.27145799867867026,11.936003000300843,0.3664289997686865,0.06953499905648641,13.57409699994605,0,1
194,0200032.png,0.8355950012628455,0.31147399931796826,11.752939000871265,0.37911799881840125,0.07590900167997461,13.413624999884632,0,1
195,0200036.png,0.9225890007655835,0.2706159993977053,11.330583000017214,0.34260499887750484,0.06423100057872944,12.97307599998021,0,1
196,0201005.png,0.9973730011552107,0.34604100073920563,11.936066000998835,0.359259000106249,0.06899700019857846,13.761398000497138,0,2
197,0201007.png,0.9024520004459191,0.3257549997215392,12.743216999297147,0.3521250000630971,0.06439200114982668,14.44196699958411,0,2
198,0201019.png,0.7785680008964846,0.26170199998887256,11.540949999471195,0.36374200135469437,0.06186399878060911,13.057696000032593,0,1
199,0202003.png,0.8676489997014869,0.24792399926809594,11.428378998971311,0.35400399974605534,0.061750000895699486,13.001458999497117,0,2
200,0202005.png,0.829171000077622,0.28986899997107685,13.746759999776259,0.4798059999302495,0.09022199992614333,15.486238000448793,0,3
201,0202014.png,0.8665410005050944,0.30854000033286866,12.430167000275105,0.3746430011233315,0.0686129988025641,14.094460999331204,0,1
202,0203001.png,1.0623929993016645,0.2724030000536004,12.019291001706733,0.3782379990298068,0.07254600132000633,13.859574000889552,0,2
203,0203007.png,0.9169919994747033,0.2796990011120215,11.762682999687968,0.35976000071968883,0.06466000013460871,13.435919001494767,0,2
204,0203008.png,0.8063759996730369,0.23608999981661327,11.236658998313942,0.3303499997855397,0.06260900045162998,12.71115099916642,0,1
205,0203009.png,0.9374199999001576,0.3491529987513786,11.487386000226252,0.3440390009927796,0.06905800000822637,13.241365000794758,0,1
206,0203010.png,0.7863949995225994,0.25691600058053154,11.632980000285897,0.34718999995675404,0.06358500104397535,13.132000000041444,0,2
207,0203012.png,0.9176540006592404,0.2623979999043513,12.493344998802058,0.40356700083066244,0.07254699994518887,14.202406999174855,0,1
208,0203015.png,0.9211470005539013,0.2806770007737214,12.403613000060432,0.3861739987769397,0.068310999267851,14.103804000114906,0,5
209,0203016.png,0.792642000305932,0.2649750003911322,11.995202999969479,0.3856290004478069,0.07029100015643053,13.559675000578864,0,2
210,0203020.png,0.7596169998578262,0.3056459991057636,12.298913001359324,0.3787259993259795,0.0718850005796412,13.87073299883923,0,1
211,0203021.png,0.8053399997152155,0.26062600045406725,11.768563999794424,0.3630819992395118,0.06517699875985272,13.31619399934425,0,1
212,0204002.png,0.7544949985458516,0.2527739998186007,12.301774999286863,0.3688710003189044,0.067528999352362,13.792216999718221,0,1
213,0204018.png,0.8255259999714326,0.29938000079710037,11.315437999655842,0.33768800130928867,0.06368600043060724,12.892869001007057,0,2
214,0204020.png,0.7054510006128112,0.2501270009815926,17.608295000172802,0.4377029999886872,0.07501400068576913,19.137835999572417,0,2
215,0204023.png,0.919215000976692,0.26995000007445924,11.92702200023632,0.569374000406242,0.07919699964986648,13.815350001095794,0,2
216,0205001.png,0.8332869983860292,0.25470199943811167,11.405646000639535,0.3431029999774182,0.06597700121346861,12.95522200052801,0,3
217,0205002.png,0.764426000387175,0.2461989988660207,11.602638998738257,0.3464259989414131,0.08145299943862483,13.09155200033274,0,2
218,0205011.png,0.8354449983016821,0.2591760003269883,11.507258999699843,0.3469969997240696,0.0655310013826238,13.052817999778199,0,2
219,0400002.png,0.9141570008068811,0.2549339988036081,11.368071000106283,0.33380999957444146,0.06333199962682556,12.982804000785109,0,3
220,0400024.png,0.938683999265777,0.24428700089629274,11.899818999154377,0.3608530005294597,0.07511599869758356,13.566538000304718,0,2
221,0400025.png,0.9582420007063774,0.2702050005609635,12.761903999489732,0.3999130003649043,0.08463099948130548,14.526385000863229,0,2
222,0400027.png,0.9598750002624001,0.26287100081390236,12.179018998722313,0.3580840002541663,0.07586499850731343,13.881353001124808,0,6
223,0400028.png,0.9907590010698186,0.29515499954868574,11.570332000701455,0.3640039994934341,0.11200799963262398,13.383857000007993,0,4
224,0400036.png,0.9176299990940606,0.2940950016636634,12.075998000000254,0.36818499938817695,0.06937699981790502,13.764273000560934,0,1
225,0401014.png,0.8796699985396117,0.28146900149295107,13.831325999490218,0.4382619990792591,0.0847449991852045,15.559548000965151,0,10
226,0401015.png,0.9225419998983853,0.35506000131135806,12.194470999020268,0.37936900116619654,0.08000399975571781,13.993305999974837,0,1
227,0401029.png,0.912847999643418,0.27677199977915734,11.999211999864201,0.3576720009732526,0.06672900053672493,13.667784000062966,0,4
228,0401031.png,0.9051950000866782,0.28593199931492563,11.663448000035714,0.3504410015011672,0.06664099964837078,13.322217999302666,0,3
229,0401035.png,0.9770699998625787,0.25626199931139126,12.3909919984726,0.4038659990328597,0.07841399929020554,14.158306999888737,0,3
230,0401039.png,1.0264470001857262,0.3052219999517547,12.352896999800578,0.3775000004679896,0.07046800055832136,14.176804999806336,0,2
231,0401040.png,0.9700770006020321,0.28217399994900916,12.021249000099488,0.3809320005530026,0.07036699935270008,13.77701999990677,0,3
232,0401045.png,0.9408780006197048,0.28599300094356295,11.800958000094397,0.4160670014243806,0.06855299943708815,13.559003000409575,0,1
233,0401075.png,0.9562310006003827,0.3023330009455094,11.85629700012214,0.3985050007031532,0.06969400055822916,13.635344001158956,0,5
234,0402005.png,0.9069619991350919,0.27285400028631557,11.34665100107668,0.36495499989541713,0.06923399996594526,13.01246299954073,0,2
235,0402006.png,0.8903260004444746,0.26391600113129243,11.258257000008598,0.32500999986950774,0.06398699952114839,12.850534001699998,0,1
236,0402014.png,0.8485700000164798,0.23962299928825814,11.127713998575928,0.4405679992487421,0.0817380005173618,12.775733001035405,0,11
237,0402017.png,0.9891529989545234,0.26106600125785917,11.428542000430753,0.36212099985277746,0.06762699922546744,13.158222000129172,0,4
238,0402018.png,0.9363920016767224,0.26541399893176276,11.403456001062295,0.37072000122861937,0.06999700053711422,13.091335000353865,0,1
239,0402019.png,0.9778900002856972,0.2828069991664961,11.629378001089208,0.3693899998324923,0.07023800026217941,13.38366899835819,0,2
240,0402022.png,1.0250940013065701,0.26226099907944445,11.108091999631142,0.3706199986481806,0.06649900024058297,12.884566000138875,0,2
241,0402023.png,0.9337410010630265,0.3772370000660885,11.339482998664607,0.40163599987863563,0.11867299872392323,13.209484999606502,0,3
242,0402028.png,0.9516930003883317,0.3471669988357462,12.026156999127124,0.40036999962467235,0.06970100002945401,13.844160999724409,0,3
243,0402032.png,1.0220139993180055,0.262084000496543,16.815115999634145,0.7358059992839117,0.11936700138903689,19.0056489991548,0,6
244,0403009.png,0.9630980002839351,0.3511790000629844,16.698977999112685,0.4042330001539085,0.07286900108738337,18.541796000135946,0,3
245,0403012.png,0.9770919987204252,0.31034099993121345,11.829364999357495,0.3954330004489748,0.08028099910006858,13.637293999636313,0,5
246,0403017.png,0.8903240013751201,0.33088799864344765,12.207798999952502,0.35896600093110465,0.09086799946089741,13.93452499905834,0,1
247,0403020.png,0.8827940000628587,0.275831000180915,11.358982999809086,0.36724699930346105,0.06568599928868935,12.996616000236827,0,1
248,0403023.png,0.8287420005217427,0.25535800159559585,11.614704999374226,0.36010300027555786,0.06554299943672959,13.17202500104031,0,3
249,0403030.png,0.8323539987031836,0.27365000096324366,11.510425998494611,0.2777360004984075,0.029717999495915137,12.972721000551246,0,0
250,0403032.png,0.8401279992540367,0.26757399973575957,11.055783999836422,0.36292699951445684,0.06725299863319378,12.64296400040621,0,2
251,0403035.png,1.017284999761614,0.26824999986274634,11.140519000036875,0.3381750011612894,0.06298900007095654,12.866195000242442,0,2
252,0403036.png,1.1838760001410265,0.4015020003862446,12.274119999347022,0.3991720004705712,0.06693700015603099,14.389326001037261,0,1
253,0403037.png,0.9814320001169108,0.257719999353867,11.343075000695535,0.3414840011828346,0.06638900049438234,13.043939999988652,0,1
254,0403045.png,0.9977720001188572,0.27193400092073716,25.639801999204792,0.8209999996324768,0.12414000048011076,27.906503000849625,0,5
255,0403046.png,1.0799990013765637,0.4743870013044216,19.138001998726395,0.39425499926437624,0.07215500045276713,21.21857100064517,0,1
256,0403051.png,0.8140829995681997,0.24579899945820216,12.344069999016938,0.38435799979197327,0.06655399920418859,13.895981999667129,0,6
257,0404005.png,0.8837730001687305,0.25436500072828494,11.450592999608489,0.3740329993888736,0.06755599861207884,13.081298999168212,0,2
258,0404014.png,0.9547530007694149,0.251772999035893,11.286824999842793,0.2734219997364562,0.03019500036316458,12.84548700095911,0,0
259,0404018.png,0.997855000605341,0.3165239995723823,11.48054799887177,0.38739899900974706,0.07036600072751753,13.305749000210199,0,2
260,0404025.png,1.0512150001886766,0.2963960014312761,14.46709699848725,0.6373150008585071,0.09238399979949463,16.608443000222906,0,4
261,0404026.png,1.5620800004398916,0.3168120001646457,18.352899000092293,0.5166230002942029,0.08772399996814784,20.894229999612435,0,2
262,0404029.png,0.8917129998735618,0.346046001141076,17.082112000935012,0.4863859994657105,0.08190200060198549,18.950846999359783,0,1
263,0404032.png,1.4561169991793577,0.30948599851399194,15.42390399845317,0.3550709989212919,0.06823500007158145,17.670571000053314,0,3
264,0404034.png,0.9366659996885573,0.25415499840164557,10.94899700001406,0.33023600008164067,0.06198800110723823,12.58229700033553,0,3
265,0404043.png,1.0399760012660408,0.2690560013434151,11.160744001244893,0.37723399873357266,0.06951100112928543,12.965238998731365,0,3
266,0404044.png,0.9608430009393487,0.265290998868295,11.018269000487635,0.3311629989184439,0.06468699939432554,12.684733999776654,0,2
267,0404049.png,0.828579000881291,0.24271700021927245,11.799329000496073,0.4118649994779844,0.0687890005792724,13.396981999903801,0,2
268,06000003.png,0.8730999998078914,0.272209999820916,11.54046600095171,0.3498959995340556,0.06777900125598535,13.157396000679,0,2
269,06000014.png,0.9945080000761664,0.27125099950353615,11.404520999349188,0.3376200002094265,0.06538699926750269,13.121586000124807,0,3
270,06000019.png,0.9107940004469128,0.24874900009308476,11.755466999602504,0.39499299964518286,0.07303500024136156,13.43141100005596,0,6
271,06000022.png,1.034599999911734,0.2593489989521913,11.41652700061968,0.35530900095182005,0.06351599949994124,13.181608001104905,0,5
272,06000023.png,1.0082919998239959,0.32731200008129235,12.033416000122088,0.34742700154311024,0.06941500032553449,13.860668999768677,0,3
273,06000029.png,0.8287190012197243,0.2556220006226795,11.598548999245395,0.37006700040365104,0.07121599992387928,13.173454999559908,0,1
274,06000044.png,0.8631769997009542,0.26075200003106147,11.741808999431669,0.36075900061405264,0.06552000013471115,13.333254999452038,0,10
275,06000053.png,0.8878049993654713,0.5078579997643828,11.48543900126242,0.36459700095292646,0.07174199890869204,13.363723999646027,0,11
276,06000063.png,0.9981509992940119,0.2580880009190878,11.234574998525204,0.3767990001506405,0.08324600094056223,12.992626001505414,0,3
277,06000077.png,1.0212319994025165,0.3199160000804113,12.171620999652077,0.42659000064304564,0.07448799988196697,14.068178001252818,0,2
278,06000093.png,1.040335999277886,0.2542949987400789,11.64361099836242,0.36167500002193265,0.06547900011355523,13.412887999947998,0,4
279,06000094.png,1.080486999853747,0.29603899929497857,11.420636001275852,0.3518859994073864,0.07214700053737033,13.277560001370148,0,1
280,06010001.png,0.959768000029726,0.25149399880319834,12.108398999771453,0.3990870009147329,0.0673869999445742,13.831807000315166,0,3
281,06010015.png,0.8515030003763968,0.2684400005819043,20.781699999133707,0.6933879994903691,0.10895200102822855,22.74715599924093,0,5
282,06010017.png,0.8995939988380997,0.32923099934123456,17.296062998866546,0.3770019993680762,0.06654800017713569,19.020878000446828,0,3
283,06010018.png,0.906994999240851,0.2591950014902977,12.129604001529515,0.39928600017447025,0.0722719996701926,13.839224999173894,0,21
284,06010022.png,1.1210259999643313,0.3357360001245979,12.602418999449583,0.4055339995829854,0.0787799999670824,14.599381000152789,0,1
285,06010026.png,1.055073998941225,0.3153409998049028,12.166571001216653,0.36134099900664296,0.06854899947938975,14.01864800027397,0,1
286,06010028.png,0.9175490013149101,0.2912149993790081,11.601861000599456,0.39160100095614325,0.0723369994375389,13.323352000952582,0,1
287,06010030.png,0.8492719989590114,0.2674650004337309,10.85370500004501,0.32997600101225544,0.06321900036709849,12.414370999977109,0,2
288,06010032.png,1.0303740000381367,0.2867999992304249,11.755565999919781,0.34732200037979055,0.06607700015592854,13.531521999539109,0,3
289,06010035.png,0.9443540002394002,0.25527900106681045,11.760819999835803,0.3575669998099329,0.07903799996711314,13.441053000860848,0,3
290,06010039.png,0.9079629999177996,0.2542199999879813,11.702809999405872,0.46304000170493964,0.07074300083331764,13.441223998597707,0,6
291,0800006.png,0.9169579989247723,0.261131999650388,12.595011001394596,0.42719399971247185,0.07011799971223809,14.324895999379805,0,4
292,0800007.png,0.9297519991378067,0.3328769998915959,12.986962001377833,0.4471520005608909,0.0754470001993468,14.820565000263741,0,7
293,0800008.png,0.9246649988199351,0.29007400007685646,14.737239000169211,0.431665001087822,0.07385400022030808,16.511338000782416,0,4
294,0800011.png,0.9241879997716751,0.2756910016614711,14.695302999825799,0.4388659999676747,0.07601300058013294,16.462998999486445,0,4
295,0800012.png,0.9394290009367978,0.2742220003710827,13.561412000854034,0.37020700074208435,0.07467799878213555,15.269856001395965,0,2
296,0800018.png,0.8904679998522624,0.28685800134553574,11.444282999946154,0.3563469999789959,0.06630799907725304,13.09074600067106,0,2
297,0800019.png,0.8399070011364529,0.25428400113014504,11.551147999853129,0.5418629989435431,0.07579100019938778,13.305067001056159,0,3
298,0800026.png,0.9741610010678414,0.2918150003097253,11.456060999989859,0.3603889999794774,0.06793700049456675,13.200970999605488,0,7
299,0800029.png,0.9701260005385848,0.26186000104644336,18.44214900120278,0.363165001544985,0.06820400085416622,20.15287799986254,0,1
300,0800034.png,0.8836420001898659,0.2582809993327828,11.829192999357474,0.3589650004869327,0.06731100074830465,13.4496520004177,0,3
301,0800037.png,0.9308959997724742,0.2853170008165762,11.842282001452986,0.3592450011637993,0.06754800051567145,13.528669998777332,0,1
302,0800041.png,0.9931650001817616,0.3699450007843552,12.171521000709618,0.3625090012064902,0.06489999941550195,14.00536499932059,0,1
303,1000006.png,0.8703000003151828,0.2986899999086745,11.765741000999697,0.3238200006308034,0.06311500146694016,13.36121099848242,0,1
304,1000012.png,1.121946001148899,0.32427899895992596,11.545982999450644,0.3490409999358235,0.06435099930968136,13.462639999488601,0,5
305,1000019.png,0.8930260009947233,0.25827799981925637,11.559914999452303,0.347668999893358,0.06622699947911315,13.173261999327224,0,2
306,1000025.png,0.8233799999288749,0.263494001046638,11.739158999262145,0.3574399997887667,0.06829500125604682,13.303125999300391,0,12
307,1000044.png,0.8441659992968198,0.2575839989731321,11.878610999701777,0.3834270009974716,0.07431600170093589,13.479836999977124,0,4
308,1000055.png,0.929947000258835,0.2831660003721481,11.503120000270428,0.3632669995567994,0.0783260002208408,13.216377001299406,0,1
309,1119001.png,0.9737889995449223,0.27218099967285525,11.314153000057559,0.36167100006423425,0.06421199941542,13.03676300085499,0,1
310,1119004.png,1.0157159995287657,0.31839700022828765,11.462108001069282,0.3843479989882326,0.06308100091700908,13.306443999681505,0,2
311,1119014.png,0.8601829995313892,0.264907999735442,11.456500000349479,0.37356199936766643,0.06619499981752597,13.069405000351253,0,1
312,1119017.png,0.8976850003818981,0.26532899937592447,11.869574000229477,0.3618219998315908,0.06961200051591732,13.514405000023544,0,1
313,1119018.png,0.9401710012753028,0.2900139988923911,11.73674699930416,0.35376099913264625,0.06660399958491325,13.439943000776111,0,2
314,1119024.png,0.9879970002657501,0.35748099980992265,11.710664999554865,0.3679100009321701,0.06658199890807737,13.547280999773648,0,2
315,1119026.png,0.8858580004016403,0.25637100043240935,11.242557000514353,0.3828110002359608,0.07282200022018515,12.888092000139295,0,1
316,1119031.png,0.9017890006361995,0.3766800000448711,11.194249998879968,0.33895600063260645,0.07431799895130098,12.937120998685714,0,4
317,1119032.png,0.9133109997492284,0.368160001016804,10.974387001624564,0.30903599872544874,0.03075299900956452,12.692411000898574,0,0
318,1119043.png,0.845452999783447,0.2564470014476683,11.60407700081123,0.36715399983222596,0.06537599983857945,13.179423000110546,0,2
319,1119045.png,0.8107499998004641,0.29954600177006796,11.185526000190293,0.35978900086774956,0.06334200043056626,12.769621000188636,0,2
320,1120011.png,0.907014999029343,0.2575960006652167,11.277131001406815,0.3827300006378209,0.08574799903726671,12.968368000656483,0,1
321,1120018.png,0.9844600008364068,0.3210779996152269,11.878686000272864,0.3756240002985578,0.06835100066382438,13.685017000170774,0,5
322,1120022.png,0.9163989998342004,0.25649300005170517,11.601269001403125,0.3964200004702434,0.07076200017763767,13.293947000420303,0,4
323,1120037.png,1.9111000001430511,0.4581140001391759,14.433094000196434,0.3914680000889348,0.07435999941662885,17.35292000012123,0,3
324,1120039.png,1.193463998788502,0.5818909994559363,12.203281999973115,0.4203320004307898,0.07122399983927608,14.556395000909106,0,9
325,1120041.png,1.1202469995623687,0.32027499946707394,11.319231998641044,0.3487129997665761,0.06853500053694006,13.23761100138654,0,1
326,1120058.png,0.9049399996001739,0.25599400032660924,12.002972998743644,0.351861999661196,0.0643580005998956,13.620006999190082,0,8
327,1120060.png,0.9397920002811588,0.272114999461337,12.250149000465171,0.37326900019252207,0.06849099918326829,13.956144999610842,0,7
328,1121006.png,0.9711719994811574,0.26121599876205437,12.00975100073265,0.3788490012084367,0.06643699998676311,13.73918399985996,0,4
329,1121013.png,1.0639060001267353,0.2753970002231654,11.091613001553924,0.34450600105628837,0.06331999975373037,12.88762700096413,0,3
330,1128020.png,0.8510919997206656,0.24090099941531662,10.776859000543482,0.364271001672023,0.0653749993944075,12.337195001236978,0,1
331,1128029.png,0.8817630005069077,0.2927490004367428,10.59137900119822,0.35516699972504284,0.06295300045167096,12.232449998919037,0,2
332,1128049.png,1.0604069993860321,0.3309319999971194,11.650667000139947,0.3641580005933065,0.06799400034651626,13.519548998374376,0,1
333,1128051.png,0.9046179984579794,0.2606069992907578,12.142296000092756,0.39793299947632477,0.07015200026216917,13.824809000652749,0,5
334,1128054.png,0.9729899993544677,0.27433099967311136,12.071703000401612,0.4067450008733431,0.08648299990454689,13.86993099913525,0,7
335,1130007.png,1.0393369993835222,0.2569009993749205,11.885075999089167,0.4262629990989808,0.08353799967153464,13.73709399922518,0,1
336,1130014.png,0.9763250000105472,0.40553100006945897,22.806996001236257,0.7397480003419332,0.12092399992980063,25.112150000495603,0,5
337,1130021.png,0.8785259997239336,0.344178000887041,32.20336099911947,0.8336640003108187,0.13065799976175185,34.43184500065399,1,7
338,1130023.png,0.9811260006244993,0.48898100067162886,25.600588000088464,0.38864499947521836,0.08702600098331459,27.60900599969318,0,15
339,1130024.png,0.8947339993028436,0.263190000623581,11.602161999689997,0.4118029992241645,0.07525500041083433,13.301343999046367,0,8
340,1130026.png,0.91843599875574,0.28988499980187044,11.589399000513367,0.3254149996791966,0.06494800072687212,13.244583999039605,0,14
341,1130048.png,0.9757709995028563,0.33111700031440705,11.482402998808539,0.3740400006790878,0.06380299964803271,13.28443599959428,0,6
342,1130053.png,0.9740300010889769,0.2668410015758127,11.61327599947981,0.3783030006161425,0.06895700062159449,13.347242000236292,0,4
343,1130054.png,0.9872840000753058,0.3654989995993674,15.086141000210773,0.46237199967436027,0.08306600102514494,17.029541999363573,0,1
344,1180002.png,0.9099709986912785,0.3195219996996457,12.246143998709158,0.35111299985146616,0.06391200076905079,13.933411000834894,0,7
345,1180022.png,0.8211329986806959,0.24809800015646033,11.086574999353616,0.36520899993774947,0.06519499947899021,12.634132999664871,0,6
346,1180027.png,0.8436139996774727,0.2526439984649187,11.3967639990733,0.3491299994493602,0.0658290009596385,12.956432999999379,0,3
347,1180033.png,0.9352619999845047,0.26350900043325964,11.12950899914722,0.42585300070641097,0.06899900108692236,12.872082999820122,0,3
348,1180035.png,0.8959810002124868,0.24956199922598898,11.115732000689604,0.3809429999819258,0.06631899850617629,12.750268999297987,0,5
349,1180042.png,1.0136210003111046,0.35345299875189085,11.489464000987937,0.36505500065686647,0.06876399856992066,13.349941000342369,0,1
350,1180045.png,0.9919860003719805,0.25923999965016264,11.506945000292035,0.40873000034480356,0.06698400102322921,13.297753999722772,0,2
351,1180047.png,0.9218850009347079,0.24891700013540685,11.50850799967884,0.3759280007216148,0.06897099956404418,13.166414999432163,0,2
352,1243003.png,0.9912899986375123,0.3259429995523533,12.194292999993195,0.27582799884839915,0.02901299922086764,13.870135999241029,0,0
353,1243006.png,0.9611240002413979,0.2553829999669688,11.41493800059834,0.41248799971072003,0.06755599861207884,13.161720999050885,0,6
354,1243014.png,1.1106249985459726,0.2683420007087989,11.765168999772868,0.40584099951956887,0.0679360000503948,13.670178001120803,0,3
355,1246017.png,0.8817289999569766,0.2683239999896614,11.656762999336934,0.3940919996239245,0.07268899935297668,13.318366000021342,0,1
356,1246024.png,1.0572089995548595,0.417618999563274,11.904727000001003,0.33152399919345044,0.06907699935254641,13.843252998412936,0,1
357,1246048.png,0.9568699988449225,0.5570510002144147,12.146479999501025,0.3650979997473769,0.06442599988076836,14.151055000183987,0,2
358,1249001.png,0.9961319992726203,0.25340300089737866,11.714811998899677,0.34934600080305245,0.06674100040982012,13.431990999379195,0,2
359,1249008.png,0.919593001526664,0.27980900085822213,24.40308999939589,0.7657250007468974,0.12134999997215346,26.53449600074964,0,2
360,1249017.png,0.9503119999862975,0.34413700086588506,28.71261100153788,0.7440290009981254,0.11577800069062505,30.910428000424872,0,4
361,1249027.png,0.9645179998187814,0.37405500006570946,26.127368999368628,0.3672259990707971,0.07255299897224177,27.957422998952097,0,4
362,1249037.png,0.9700890004751272,0.2801310001814272,11.661554999591317,0.40267199983645696,0.06469400068453979,13.429246000669082,0,1
363,1249039.png,0.9746489995450247,0.34786499963956885,11.50944300025003,0.3625640001700958,0.06470699918281753,13.311836999491788,0,2
364,1249041.png,0.9445470004720846,0.260520000665565,11.453023000285611,0.3694930001074681,0.0666840005578706,13.141860999894561,0,1
365,1249044.png,0.9434980001969961,0.2530450001358986,11.41094899867312,0.33142099891847465,0.0661470003251452,13.052493000941467,0,2
366,1249047.png,1.0126569995918544,0.2608720005810028,11.380359001122997,0.37152799995965324,0.07012400055828039,13.145868999345112,0,2
367,1249049.png,0.9283189992856933,0.25184300102409907,11.284879001323134,0.38921400118852034,0.07168699994508643,12.975489000382368,0,6
368,1249057.png,1.0052870002255077,0.3148969990434125,14.76687799913634,0.7467689993063686,0.12078100007784087,17.01029799914977,0,3
369,1249058.png,0.9237859994755127,0.3458119990682462,19.329253998876084,0.3609319992392557,0.07114300024113618,21.0759430010512,0,2
370,1252020.png,1.2141700008214684,0.2893780001613777,11.714856000253349,0.3456250015005935,0.0666209998598788,13.68145599917625,0,1
371,1252023.png,0.95372000032512,0.2618180005811155,10.849566000615596,0.37346699900808744,0.06565000148839317,12.556694000522839,0,1
372,1252036.png,0.8054070003709057,0.25408200053789187,10.737350999988848,0.4014669993921416,0.0655370004096767,12.302757999350433,0,2
373,1254012.png,1.0250450013700174,0.27382200096326414,12.45727499917848,0.7804879987816093,0.11962600001425017,14.70968000103312,0,3
374,1254021.png,1.0008610006480012,0.3635000011854572,28.36730200033344,0.8312249992741272,0.12292999963392504,30.733474999578902,0,3
375,1255001.png,1.144769001257373,0.4441149994818261,29.272388001118088,0.4636350004147971,0.08065300062298775,31.477039001401863,0,3
376,1255003.png,0.9842220006248681,0.29841700052202214,11.834623999675387,0.3820389993052231,0.0642039995000232,13.611911999760196,0,2
377,1255009.png,0.9497440005361568,0.41357200097991154,11.172065000209841,0.26556800003163517,0.02777900044748094,12.870593998741242,0,0
378,1255010.png,0.9207249986502575,0.25852299950201996,10.891186999288038,0.3974350001954008,0.06229499922483228,12.577350000356091,0,2
379,1256006.png,0.9755600003700238,0.27202300043427385,11.43674699960684,0.34858800063375384,0.06388200017681811,13.136019000739907,0,4
380,1256033.png,1.0375210003985558,0.27833999956783373,11.459946999821113,0.37946600059513,0.0670789995638188,13.271808998979395,0,1
381,1256036.png,1.0725879983510822,0.25267900127801113,11.744134000764461,0.3799360001721652,0.07334700057981536,13.571665000199573,0,2
382,1256045.png,1.020867000988801,0.3092839997407282,12.221479999425355,0.6100310001784237,0.08641400017950218,14.304821999758133,0,3
383,1257015.png,1.0441790000186302,0.28854199990746565,11.903927999810548,0.3982459984399611,0.12078800136805512,13.804487000015797,0,1
384,1257022.png,1.0456220006744843,0.34709899955487344,11.32299500022782,0.34578400118334685,0.06518500049423892,13.168172001314815,0,3
385,1257028.png,0.8650809995742748,0.2575030011939816,11.1969899990072,0.33392500154150184,0.06569299875991419,12.768223001330625,0,1
386,1257033.png,1.0044379996543285,0.26691499988373835,11.572031000468996,0.34179899921582546,0.0666759988234844,13.310455999089754,0,6
387,1257036.png,0.852147999466979,0.2638400001160335,12.750314999721013,0.4086760000063805,0.07677100074943155,14.393353998457314,0,3
388,1262006.png,0.9477899984631222,0.27843399948324077,12.209061998873949,0.36773099964193534,0.09310399946116377,13.948280000477098,0,4
389,1262023.png,1.037992000419763,0.3782379990298068,11.736071000996162,0.36354899930302054,0.06871299956401344,13.636515999678522,0,3
390,1262029.png,0.8931330012273975,0.25156299852824304,11.020386000382132,0.3182499985996401,0.06325499998638406,12.591097000040463,0,1
391,1265019.png,0.8779300005699042,0.3992829988419544,11.206720000700443,0.3379860008863034,0.06953199954295997,12.930348000736558,0,2
392,1265032.png,0.9379000002809335,0.24989600024127867,11.480599001515657,0.3417780008021509,0.06780299918318633,13.121063999278704,0,1
393,1265047.png,0.9126250006374903,0.25061099950107746,10.991248000209453,0.35020500035898294,0.0614910004514968,12.60698400074034,0,7
394,1265049.png,0.9843950010690605,0.26297800104657654,10.893939999732538,0.36013900171383284,0.06611099888687022,12.614245000804658,0,5
395,1265063.png,0.8663950011396082,0.24555399977543857,10.955259000184014,0.33180200080096256,0.06283699985942803,12.498886000685161,0,4
396,1265073.png,1.1117410012957407,0.38082799983385485,18.625016000441974,0.40312599958269857,0.06828600089647807,20.659435000197846,0,1
397,1265075.png,0.9318190004705684,0.2715169994189637,12.616504000106943,0.4833049988519633,0.08589900062361266,14.444356000240077,0,2
398,1265085.png,1.030610001180321,0.5126550004206365,16.234327000347548,0.5362400006561074,0.09028800013766158,18.462329999238136,0,2
399,1265086.png,0.9736230003909441,0.3029099989362294,12.034146000587498,0.4017829996882938,0.07501800064346753,13.83433299997705,0,5
400,1265094.png,0.927566999962437,0.36237199856259394,12.351908999335137,0.3764020002563484,0.0694880000082776,14.133491000393406,0,14
401,1265096.png,0.9560809994582087,0.3131930006929906,14.66875100049947,0.9003649993246654,0.13326599946594797,17.02806100001908,0,3
402,1265097.png,0.8856910008034902,0.3937189994758228,17.234912998901564,0.37390900070022326,0.06920900159457233,19.004978999873856,0,3
403,1265099.png,0.959234999754699,0.2732150005613221,11.340176999510732,0.35006899997824803,0.06011000004946254,13.034939000135637,0,2
404,1265104.png,0.7777720002195565,0.25669499882496893,12.272476000362076,0.4172320004727226,0.07665799967071507,13.848312000845908,0,1
405,1265109.png,0.9623679998185253,0.3046790006919764,12.047394000546774,0.3862270004901802,0.06948699956410564,13.820039999700384,0,2
406,1266007.png,0.9756519993970869,0.24701599977561273,11.583191000681836,0.374605000615702,0.07509500028390903,13.297163999595796,0,4
407,1266016.png,1.0812349992193049,0.2774879994831281,11.070467000536155,0.35047900018980727,0.06364599903463386,12.897927001176868,0,2
408,1266024.png,1.1768130007112632,0.38310499985527713,27.862913000717526,0.7491669985029148,0.11569299931579735,30.34679800111917,0,2
409,1266032.png,0.8626550006738398,0.40160599928640295,12.007482999251806,0.3780719998758286,0.06116099939390551,13.751602000411367,0,4
410,1266033.png,0.8668880000186618,0.25784199897316284,11.265603998253937,0.34910300018964335,0.06211399886524305,12.848897000367288,0,6
411,1266044.png,1.0085670000989921,0.2492160001565935,11.543487999006175,0.3757760005100863,0.06524200034618843,13.289313999848673,0,9
412,1266049.png,0.9608969994587824,0.25975700009439606,10.852411000087159,0.353805000486318,0.05822599996463396,12.531667998700868,0,3
413,1266056.png,0.9146480006165802,0.3086140004597837,11.645578999377904,0.37668899858545046,0.06464099897129927,13.3603239992226,0,1
414,1266060.png,0.8739290005905787,0.26979799986293074,11.17576199976611,0.35621500137494877,0.0643599996692501,12.780447999830358,0,3
415,1267001.png,0.988820000202395,0.4444499991222983,11.31304700174951,0.39343699972960167,0.06557599954248872,13.261961999887717,0,5
416,1267006.png,0.7795600013196236,0.2444199999445118,11.394699000447872,0.3755090001504868,0.06920399937371258,12.902239999675658,0,7
417,1267009.png,1.1608899985731114,0.34907899862446357,24.048081000728416,0.7373139997071121,0.12388899995130487,26.47777400125051,0,4
418,1267017.png,1.0003990009863628,0.3709319989866344,19.97795299939753,0.47045800056366716,0.08128199988277629,21.957680999548757,0,1
419,1267037.png,1.0712870007409947,0.3031249998457497,13.696158999664476,0.4162130007898668,0.07477599865524098,15.618973000528058,0,3
420,1267063.png,1.2302840004849713,0.34590199902595486,13.831214000674663,0.38473000131489243,0.07452200043189805,15.929439001411083,0,4
421,1267072.png,1.1770330002036644,0.3455219994066283,12.48182299968903,0.3699310000229161,0.06656799996562768,14.501288998872042,0,7
422,1267090.png,0.9381229992868612,0.2592210003058426,11.868593999679433,0.35037500128964894,0.06883999958517961,13.540204001401435,0,2
423,1267112.png,1.1041910001949873,0.2838669988705078,12.12593200034462,0.4133120000915369,0.07027299943729304,14.051094000024023,0,3
424,1267114.png,1.1013729999831412,0.28768499942088965,14.63578200127813,0.46718599878659006,0.07795999954396393,16.65285999843036,0,8
425,1267120.png,1.3968269995530136,0.3212669998902129,26.002033999247942,0.5230589995335322,0.11780900058511179,28.41768200050865,0,4
426,1267122.png,1.1607159995037364,0.388178001230699,17.71769999868411,0.4657949993998045,0.08353699922736268,19.885256999259582,0,2
427,1270003.png,1.2925720002385788,0.32020200160332024,13.64730300156225,0.39106199983507395,0.070332998802769,15.785108000272885,0,1
428,1270005.png,1.114557000619243,0.32520300010219216,15.739159998702235,0.4742419987451285,0.08407099994656164,17.80267700087279,0,7
429,1270014.png,1.2906820011266973,0.29599600020446815,17.69597100064857,0.48083599904202856,0.08895000064512715,19.909106000341126,0,5
430,1270017.png,0.9875409996311646,0.3325380002934253,12.551687999803107,0.42750400098157115,0.07995399937499315,14.438852000239422,0,2
431,1270019.png,0.9984270000131801,0.49333900096826255,13.372393999816268,0.41796500045165885,0.07508599992434029,15.43498799946974,0,2
432,1270034.png,0.9706350010674214,0.38005399983376265,11.858722000397393,0.34493700150051154,0.06332700104394462,13.677842998731649,0,3
433,1270043.png,0.8459370001219213,0.24660500093887094,11.298686000372982,0.35352200029592495,0.0637459997960832,12.856726998506929,0,5
434,1270056.png,0.8727679996809456,0.2596689992060419,11.23636699958297,0.4207380006846506,0.06615399979637004,12.899953000669484,0,2
435,1270059.png,0.8598209988122107,0.3146110011584824,11.616198000410805,0.33663800059002824,0.06127499909780454,13.230422999185976,0,6
436,1270062.png,0.8456049999949755,0.27467099971545395,11.634114000116824,0.7191479999164585,0.12648399933823384,13.646837000123924,0,7
437,1270063.png,0.8071190004557138,0.38865100032126065,27.957809999861638,0.7950409999466501,0.12262100062798709,30.115155001112726,0,3
438,1270072.png,0.9583050014043692,0.40165899918065406,18.3582360004948,0.3860689994326094,0.07101899973349646,20.219088000885677,0,5
439,1270083.png,0.8296769992739428,0.3122430007351795,11.653838999336585,0.36653600000136066,0.06132800081104506,13.28101100079948,0,5
440,1270090.png,0.8420210015174234,0.26455499937583227,10.93536500047776,0.5148170002939878,0.07129400000849273,12.678331000643084,0,8
441,1270100.png,0.8335220009030309,0.26394699852971826,10.826349000126356,0.3352690000610892,0.06672299969068263,12.3719830007758,0,4
442,1274019.png,0.9662709999247454,0.2547749991208548,10.797193999678711,0.3393660008441657,0.0680129996908363,12.470223000491387,0,1
443,1274026.png,0.8894719994714251,0.24732400015636813,11.635703998763347,0.36443700082600117,0.0699319989507785,13.250542999230674,0,4
444,1274034.png,0.8999839992611669,0.2624019998620497,11.499854999783565,0.34939699980895966,0.0664509989292128,13.133516000380041,0,4
445,1274043.png,1.0275370004819706,0.2563129983172985,11.471800000435906,0.3535630003170809,0.06528400081151631,13.224554999396787,0,1
446,1274044.png,0.9979169990401715,0.26517900005273987,11.710714001310407,0.3616640005930094,0.07045900019875262,13.456881000820431,0,3
447,1276002.png,0.8987319997686427,0.4399329991429113,12.364898999294383,0.3793050000240328,0.07147999895096291,14.224692999050603,0,1
448,1276004.png,1.1144439995405264,0.3613379994931165,11.678939999910654,0.39899400144349784,0.07298099990293849,13.689331999557908,0,2
449,1276007.png,0.8143819995893864,0.30825600151729304,11.347818001013366,0.2656659999047406,0.02865799979190342,12.80785499875492,0,0
450,1276009.png,0.770333001128165,0.24810899958538357,12.406231000568368,0.2766620000329567,0.030170000172802247,13.778661999822361,0,0
451,1276015.png,0.8044370006246027,0.2822699989337707,12.385239999275655,0.46598399967479054,0.08963700020103715,14.075566001338302,0,5
452,1276020.png,0.8887760013749357,0.26662299933377653,12.180974999864702,0.3711749996000435,0.0717210004950175,13.832259999617236,0,1
453,1276025.png,0.8774289999564644,0.3080930000578519,11.898615999598405,0.3998320007667644,0.07618000017828308,13.610592999611981,0,7
454,1276027.png,0.8804889985185582,0.29290000020409934,11.718391000613337,0.3440999989834381,0.06816399945819285,13.34845299970766,0,2
455,1276029.png,0.8441450008831453,0.2539229990361491,10.702986999604036,0.3425169998081401,0.06414800009224564,12.253128999873297,0,2
456,1276036.png,0.7724330007476965,0.23970999973244034,11.106190000646166,0.3333470012876205,0.06756800030416343,12.555359000543831,0,1
457,1276042.png,0.7335880000027828,0.25592500060156453,12.376382001093589,0.4256550000718562,0.07313000060094055,13.909515999330324,0,2
458,1281002.png,0.7707589993515285,0.32227500014414545,14.924773000529967,0.3995509996457258,0.06890999975439627,16.5380449998338,0,21
459,1281012.png,0.8019449996936601,0.28301299971644767,12.005922999378527,0.36902000101690646,0.07059400013531558,13.578965999840875,0,3
460,1281015.png,0.8867230008036131,0.262446999840904,12.071539000316989,0.36839600033999886,0.07180100146797486,13.711150000744965,0,1
461,1281016.png,0.854414000059478,0.25773900051717646,11.430993999965722,0.3918010006600525,0.06657700032519642,13.051252000877867,0,2
462,1281020.png,0.7728170003247214,0.2529129997128621,11.66686199940159,0.3619420003815321,0.06802600000810344,13.171757998861722,0,1
463,1281023.png,0.708282999767107,0.27120200138597284,11.442320999776712,0.367836000805255,0.09148199933406431,12.920514000143157,0,3
464,1281028.png,0.8702609993633814,0.41776000034587923,11.648842999420594,0.3807110006164294,0.07063599878165405,13.43214599910425,0,6
465,1281029.png,0.8189929994841805,0.259719001405756,11.222469998756424,0.340291999236797,0.06337500053632539,12.753966000673245,0,1
466,1281032.png,0.8179440010280814,0.2690210003493121,11.268820000623236,0.4056010002386756,0.06951500108698383,12.870526999904541,0,3
467,1281038.png,1.0021770012826892,0.34103699908882845,13.935227998445043,0.48252599845000077,0.08417800017923582,15.898681000180659,0,6
468,1281041.png,0.7245199994940776,0.2880869997170521,14.078146999963792,0.3682650003611343,0.11758800064853858,15.617274000760517,0,2
469,1281051.png,0.7555990014225245,0.3387650012882659,11.819516999821644,0.44030299977748655,0.08247000005212612,13.485653000316233,0,3
470,1283007.png,0.946611999097513,0.3637429999798769,11.594814999625669,0.38894499994057696,0.06973100062168669,13.41895299992757,0,3
471,1283008.png,0.8943890006776201,0.2738940002018353,11.701339999490301,0.44926700138603337,0.07720699977653567,13.442186000247602,0,1
472,1283020.png,0.8915130001696525,0.26828299996850546,11.795141999755288,0.28906399893458,0.033244999940507114,13.330927000424708,0,0
473,1283028.png,0.9425810003449442,0.28907500018249266,11.566062999918358,0.4042550008307444,0.07043100049486384,13.33022600010736,0,1
474,1283029.png,0.9571170012350194,0.33051300124498084,11.332505999234854,0.3435479993640911,0.06282100002863444,13.06995199956873,0,1
475,1283035.png,0.9683059997769305,0.25199899937433656,11.686441001074854,0.2745139991020551,0.028962000214960426,13.25788900066982,0,0
476,1283042.png,0.9552369992888998,0.2766599991446128,11.29285000024538,0.338400001055561,0.06346700138237793,12.971643000128097,0,1
477,1283045.png,0.9077610011445358,0.25959500089811627,11.357835999660892,0.39832199945522007,0.07000599907769356,13.044360001003952,0,4
478,1283046.png,0.9844149990385631,0.281948001429555,11.419198999647051,0.3439350002736319,0.07262300096044783,13.154534999557654,0,2
479,1283051.png,0.924611998925684,0.2947409993794281,11.446219999925233,0.35327899968251586,0.06156000017654151,13.121829999363399,0,2
480,1283052.png,0.9338829986518249,0.25534199994581286,12.076921000698349,0.3859030002786312,0.0716520007699728,13.76988700030779,0,4
481,1290007.png,1.0740569996414706,0.28830500014009885,18.07601000109571,0.8014840004761936,0.13351699999475386,20.422860001417575,0,5
482,1290009.png,1.529309000034118,0.4396370004542405,16.593952999755857,0.47389400060637854,0.08526199962943792,19.194585998775437,0,4
483,1292003.png,1.0646890004863963,0.3586790007830132,26.422026998261572,1.1417019995860755,0.1452270007575862,29.194062000897247,0,1
484,1292004.png,1.4742269995622337,0.4247960005159257,18.543182999565033,0.3770439998334041,0.06424899947887752,20.940147998771863,0,1
485,1292011.png,1.102835998608498,0.24947000019892585,11.504952000905178,0.37150200114410836,0.07084199933160562,13.348278000194114,0,3
486,1292019.png,1.072243001544848,0.2587199996924028,10.952937000183738,0.39461400047002826,0.06233299973246176,12.79035399966233,0,9
487,1294008.png,0.9232090014847927,0.26184800117334817,10.921888999291696,0.339852998877177,0.19321499894431327,12.681083999268594,0,2
488,1294013.png,1.060204998793779,0.3086500000790693,11.482972999147023,0.3865100006805733,0.0876990015967749,13.370341999689117,0,4
489,1294017.png,1.1005980013578665,0.309043000015663,11.947167000471381,0.38177600072231144,0.06727000072714873,13.85963000029733,0,4
490,1294019.png,1.0789139996632002,0.257985000644112,11.670699001115281,0.3340919993206626,0.06951600153115578,13.465838999763946,0,1
491,1295010.png,0.9018609998747706,0.2495540011295816,11.320433999571833,0.34865300040110014,0.06807099998695776,12.932827001350233,0,5
492,1295011.png,0.8852060000208439,0.38698100070178043,12.099040000975947,0.38159799987624865,0.06865999966976233,13.874225000108709,0,5
493,1296006.png,0.9410150014446117,0.28701200062641874,11.809342000560719,0.40519800131733064,0.10188400119659491,13.593572000900167,0,8
494,1296008.png,0.8644910012662876,0.2594270008557942,12.092139999367646,0.35579100040195044,0.06677199962723535,13.678704000994912,0,5
495,1296009.png,0.88030400002026,0.2540679997764528,11.659289000817807,0.37283699930412695,0.06885299990244675,13.289450000229408,0,3
496,1296015.png,0.8952419993875083,0.3078259996982524,11.473039001430152,0.424252999437158,0.09835699893301353,13.262020998809021,0,1
497,1296025.png,0.7841099995857803,0.31981100073608104,16.80711200060614,0.5164510002941824,0.07961200026329607,18.549877999248565,0,7
498,1296027.png,0.8632280005258508,0.29290800011949614,11.63720900149201,0.3773499993258156,0.0683879989082925,13.28818200090609,0,2
499,1296029.png,0.7655650006199721,0.2593360004539136,10.946021999188815,0.34592599877214525,0.06269699952099472,12.419095999575802,0,5
500,1296030.png,0.7401849998132093,0.2454389996273676,10.852796998733538,0.34262900044268463,0.06364200089592487,12.280038999961107,0,7
501,1297013.png,0.785494999945513,0.3757720005523879,12.546587000542786,0.3868710009555798,0.06911800119269174,14.204187000359525,0,2
502,1297032.png,0.7826740002201404,0.2712880013859831,11.810144998889882,0.37994299964339007,0.06531200051540509,13.355607999983476,0,1
503,1298006.png,0.8961399998952402,0.2539149991207523,11.445901998740737,0.3534130009938963,0.09208000119542703,13.09391399991,0,6
504,1298007.png,0.9069039988389704,0.2844709997589234,11.402201000237255,0.33763899955374654,0.06411499998648651,13.042546999713522,0,6
505,1298016.png,0.9487389997957507,0.34543199944891967,11.882127000717446,0.3591660006350139,0.07001199992373586,13.657139999850187,0,3
506,1298029.png,0.9272660008718958,0.2941269995062612,11.61849100026302,0.375920000806218,0.06889999895065557,13.327598999239854,0,2
507,1298031.png,0.8980450002127327,0.2513939998607384,11.543958000402199,0.3980509991379222,0.06680099977529608,13.201953001043876,0,5
508,1298035.png,0.8677879995957483,0.26203800007351674,11.596273001487134,0.3874379999615485,0.0648339992039837,13.221586999861756,0,2
509,1298050.png,0.9425429998373147,0.24241699975391384,11.494016000142437,0.3489399987302022,0.0667609983793227,13.135490000422578,0,1
510,1301002.png,0.9230659998138435,0.25874600032693706,11.782625000705593,0.4354089996922994,0.07286300024134107,13.533548999475897,0,4
511,1301014.png,0.8499029991071438,0.3126249994238606,11.903344999154797,0.4567439991660649,0.10661300075298641,13.675693000550382,0,1
512,1301016.png,0.9464459999435348,0.30718600100954063,11.126392000733176,0.3444129997660639,0.06341900007100776,12.838538001233246,0,1
513,1302008.png,0.7969239995873068,0.24417799977527466,10.900003999267938,0.34205999872938264,0.06408199988072738,12.39633600016532,0,1
514,1302020.png,0.8083829998213332,0.27590300123847555,10.733065000749775,0.3712029993039323,0.0850630003697006,12.322217999098939,0,4
515,1302033.png,0.7893459987826645,0.2488999998604413,12.596832000781433,0.4728959993371973,0.08377000085602049,14.23108000017237,0,2
516,1302038.png,0.8861690002959222,0.28751699937856756,14.663448000646895,0.36404799902811646,0.06915499943715986,16.32270099980815,0,3
517,1303009.png,0.9540619994368171,0.2634489992487943,11.527372000273317,0.38043700078560505,0.06862400005047675,13.24515399937809,0,3
518,1303010.png,0.9341330005554482,0.28497800121840555,10.90103099886619,0.33608100056881085,0.06276099884416908,12.567612000566442,0,1
519,1303012.png,1.0413500003778609,0.3259090008214116,11.053968000851455,0.4271220004739007,0.0670690005790675,12.97232700017048,0,6
520,1303013.png,0.8801880012470065,0.2504380008758744,11.13329300096666,0.3654930005723145,0.07468999865523074,12.748678998832474,0,5
521,1303019.png,1.0237290007353295,0.34452100044291,12.799588999769185,0.3697379997902317,0.08407099994656164,14.683847000924288,0,6
522,1303021.png,1.0320519995730137,0.27401500119594857,12.940491998961079,0.37645399970642757,0.07045399979688227,14.749149000635953,0,1
523,1303023.png,0.9551120001560776,0.2810789992508944,16.58050500009267,0.41318300100101624,0.06945799941604491,18.36478800032637,0,3
524,1303029.png,0.9013559993036324,0.2563620000728406,14.047544998902595,0.3962880000472069,0.07448399992426857,15.720160999990185,0,2
525,1303035.png,0.9474670005147345,0.2709749987843679,17.111553001086577,0.4093209990969626,0.07263900079124141,18.86489499884192,0,1
526,1304005.png,1.07611800012819,0.3864430000248831,12.3980490006943,0.3947450004488928,0.17523299902677536,14.504122998914681,0,3
527,1304009.png,0.8886180003173649,0.27831599982164335,14.550904001225717,0.3591680015233578,0.06171499990159646,16.192777000469505,0,0
528,1304010.png,1.0160120000364259,0.45211699944047723,14.103723000516766,0.45888299973739777,0.0836810013424838,16.177946999960113,0,17
529,1304014.png,0.981728000624571,0.4423259997565765,18.72570200066548,0.4268199991201982,0.07307400119316299,20.719890999316704,0,8
530,1304018.png,0.9083770000870572,0.3164770005241735,12.925260998599697,0.4087110010004835,0.07594900125695858,14.690015001178836,0,2
531,1304025.png,0.9080590007215505,0.30780999986745883,11.911167999642203,0.3648940000857692,0.06807699901401065,13.616236001325888,0,2
532,1304028.png,0.781548998929793,0.28054900030838326,11.66563100014173,0.37583000084850937,0.077153001257102,13.232995999715058,0,2
533,1305001.jpg,0.955455001530936,0.40403700040769763,20.924832999298815,0.8312630016007461,0.13744799980486277,23.30751500085171,0,9
534,1305002.jpg,0.9701280014269287,0.437426999269519,17.149737001091125,0.42169900007138494,0.08011399950191844,19.11301300060586,0,3
535,1305003.jpg,1.1049770000681747,0.33401600012439303,16.511079000338214,0.5758259994763648,0.10023899994848762,18.693132000407786,0,5
536,1305005.jpg,1.447622000341653,0.4546849995676894,18.911766999735846,0.8052350003708852,0.14138400001684204,21.823441000378807,0,4
537,1305009.jpg,1.07205300082569,0.7173520007199841,19.43988899984106,0.4055399986100383,0.07829099922673777,21.771273999547702,0,3
538,1305012.jpg,1.0186660001636483,0.3357959994900739,14.343249999001273,0.42826800017792266,0.07045700112939812,16.256707998763886,0,16
539,1305014.jpg,1.0322350008209469,0.33661999987089075,25.899529000525945,0.7768299983581528,0.12642999899981078,28.239365999979782,0,5
540,1305016.jpg,1.136386999860406,0.5669550009770319,23.016888000711333,0.46984599975985475,0.08130000060191378,25.34124699923268,0,4
541,1307005.png,1.1224259997106856,0.39761699918017257,13.305294998644968,0.4116489999432815,0.07618999916303437,15.374921000329778,0,3
542,1307007.png,1.086698001017794,0.3123859987681499,13.112947999616154,0.394263999623945,0.0752970008761622,15.04278699940187,0,3
543,1307012.png,0.9486870003456715,0.33981500018853694,11.939681000512792,0.3714539998327382,0.06871999903523829,13.717981999434414,0,3
544,1307018.png,1.1235669990128372,0.3200640003342414,11.536961001183954,0.40006800008995924,0.06982300146773923,13.505297998563037,0,2
545,1307047.png,0.9674890006863279,0.35252499947091565,11.766927998905885,0.3796679993683938,0.06987600136199035,13.583268000729731,0,2
546,1309001.png,0.9720789985294687,0.3518049998092465,12.93434699982754,0.4094679989066208,0.0799449990154244,14.80658000036783,0,1
547,1309005.png,0.9001999987958698,0.2950369998870883,15.439213999343337,0.30193500060704537,0.033519998396513984,17.019427999912295,0,0
548,1309022.png,0.9052799996425165,0.3187019992765272,12.934803000462125,0.3811629994743271,0.0734350014681695,14.662919998954749,0,2
549,1309025.png,0.9369539984618314,0.3665929998533102,12.760294001054717,0.41877299918269273,0.07124500007194001,14.619813000535942,0,3
550,1309033.png,0.9503799992671702,0.283780000245315,11.758747001294978,0.38286299968604,0.06752700028300751,13.488053000401123,0,6
551,1309037.png,0.9204910002154065,0.27002699971490074,14.980410000134725,0.4773939999722643,0.10697499965317547,16.79980200060527,0,4
552,1310005.png,0.9082729993679095,0.33838699891930446,13.800480999634601,0.39860699871496763,0.08081699888862204,15.572569998766994,0,11
553,1310014.png,0.9163640006590867,0.3228189998480957,12.407045998770627,0.38531399877683725,0.0753700005589053,14.153306001389865,0,5
554,1310016.png,0.8538019992556656,0.29565199838543776,11.73374599966337,0.405376000344404,0.07301000005099922,13.430224000330782,0,3
555,1310017.png,0.841791999846464,0.3243160008423729,20.448743000088143,0.8367179998458596,0.1422380009898916,22.64126199952443,0,3
556,1310023.png,1.0259429982397705,0.5356370002118638,15.012771998954122,0.5224329997872701,0.09730499914439861,17.267186000026413,0,6
557,1310024.png,1.0030089997599134,0.34312599927943666,13.072014999124804,0.3931920000468381,0.06668300011369865,14.942253001208883,0,1
558,1311009.png,1.0455179999553366,0.3831809990515467,16.32823599902622,0.7996280000952538,0.13071399916952942,18.75642399863864,0,2
559,1312022.png,1.0962240012304392,0.4664680000132648,19.333166001160862,0.4330769988882821,0.08253799933299888,21.479425999132218,0,1
560,1312023.png,1.0670190004020697,0.3365440006746212,24.818376999974134,0.7969239995873068,0.1293499990424607,27.20806900106254,0,1
561,1312024.png,1.0128769990842557,0.5018789997848216,20.536105001156102,0.47724300020490773,0.0868560000526486,22.668321000310243,0,1
562,1312027.png,1.0610139997879742,0.44967999929212965,13.384947000304237,0.40307100061909296,0.0737409991415916,15.432382000653888,0,1
563,1312028.png,1.064183999915258,0.3536039985192474,12.468113000068115,0.3592730008676881,0.0714920006430475,14.381027000126778,0,1
564,1312031.png,1.060832999428385,0.3440569998929277,21.7060009999841,0.8571899998059962,0.136163998831762,24.16466499926173,0,1
565,1313011.png,0.9658800008764956,0.4333039996708976,30.67244500016386,0.7901349999883678,0.13039099940215237,33.05260599881876,0,1
566,1313012.png,0.9654229997977382,0.4810699992958689,18.87372700002743,0.43392299994593486,0.07068199920468032,20.886619000521023,0,2
567,1313026.png,0.8985770000435878,0.30206200062821154,13.480010999046499,0.4185459984000772,0.07626799924764782,15.231011999276234,0,4
568,1313027.png,1.0271949995512841,0.3411570014577592,22.522950001075515,0.7626049991813488,0.22772600095777307,24.947984999016626,0,8
569,1313029.png,0.950826999542187,0.45009099994786084,28.366415999698802,0.39587799983564764,0.07604399979754817,30.297843000880675,0,3
570,1313030.png,0.9425589996681083,0.35840499913319945,13.361070001337794,0.4052050007885555,0.07579100019938778,15.21069400041597,0,1
571,1313032.png,0.8717720011190977,0.33957200139411725,12.169231000370928,0.38280800072243437,0.07406500117213,13.885301001209882,0,3
572,1313041.png,0.9341429995401995,0.33480299862276297,11.695721001160564,0.367077998816967,0.06848500015621539,13.445615999444271,0,2
573,1313043.png,1.0234990004391875,0.4813840005226666,13.376730999880238,0.42794799992407206,0.07178799933171831,15.429713999765227,0,1
574,1313047.png,0.9887129999697208,0.32438799826195464,11.88716700016812,0.36203799936629366,0.06990700057940558,13.688274999367422,0,2
575,1314002.png,1.0440820005896967,0.3279229986219434,12.773460999596864,0.39494200063927565,0.07548099893028848,14.679564999823924,0,2
576,1314003.png,1.1368879986548563,0.31438100086234044,14.678105000712094,0.4335249996074708,0.08182000055967364,16.70053599991661,0,2
577,1314006.png,1.1890850000781938,0.36929699854226783,13.847878000888159,0.4283929993107449,0.07527900015702471,15.990390998922521,0,4
578,1314008.png,1.0759810011222726,0.31017499895824585,12.997414998608292,0.4079209993506083,0.07039000047370791,14.922873999239528,0,1
579,1314014.png,0.9829800001170952,0.3495719993225066,12.915564000650193,0.3836490013782168,0.07944400022097398,14.76743599960173,0,2
580,1314017.png,0.9726589996716939,0.3375170017534401,13.161846000002697,0.4217969999444904,0.0713480003469158,15.023414000097546,0,5
581,1314020.png,0.9752860005391994,0.313026999720023,13.112204000208294,0.41389899888599757,0.07091799852787517,14.936087998648873,0,1
582,1314022.png,1.0182519999943906,0.3701129990076879,13.984310000523692,0.4264109993528109,0.09102600051846821,15.954092999891145,0,3
583,1314024.png,1.1152469996886794,0.45276399941940326,16.390322998631746,0.4254380000929814,0.07410400030494202,18.535552999310312,0,12
584,1314027.png,1.7195849995914614,0.5743750007241033,17.575752999619,0.43264400119369384,0.08293700011563487,20.474442000704585,0,1
585,1314031.png,1.1207799998373957,0.3061910010728752,14.035996000529849,0.5641240004479187,0.076316000559018,16.167560999747366,0,4
586,1314038.png,1.0838409998541465,0.5158080002729548,13.585083999714698,0.42551200021989644,0.08089900074992329,15.75531799971941,0,1
587,1314043.png,1.013776998661342,0.43391700091888197,13.032202999966103,0.42456599840079434,0.0908860001800349,15.04469099927519,0,2
588,1314044.png,1.103134000004502,0.31711399969935883,14.176661999954376,0.4491759991651634,0.07582299986097496,16.178582000065944,0,1
589,1314051.png,1.072782000846928,0.31700699946668465,12.93070199972135,0.4399049994390225,0.08380799954466056,14.88782500018715,0,3
590,1314054.png,1.2113230004615616,0.40433299909636844,13.582838999354863,0.45383799988485407,0.08418600009463262,15.798710001035943,0,4
591,1314057.png,1.0880859990720637,0.42408000081195496,16.562281000005896,0.42256199958501384,0.07481799912056886,18.65712000108033,0,1
592,1315003.png,1.2356469997030217,0.382804000764736,11.486588999105152,0.36427899976843037,0.07391799954348244,13.605238000309328,0,5
593,1315020.png,1.1363520006852923,0.3616819994931575,12.377750999803538,0.44621300003200304,0.09277200115320738,14.477658000032534,0,8
594,1315052.png,1.2856569992436562,0.5080079990875674,13.850860999809811,0.49519300046085846,0.08402200001000892,16.299646000334178,0,2
595,1315054.png,1.5506590007134946,0.5427579999377485,14.17654000033508,0.4187819995422615,0.0825020015327027,16.867113999978756,0,1
596,13160014.png,1.1554449993127491,0.4154700000071898,15.088619000380277,0.48550999963481445,0.1682030015217606,17.38953499989293,0,6
597,13160020.png,1.1932370016438654,0.4696039995906176,13.742584000283387,0.430697999036056,0.08402999992540572,15.978141998857609,0,3
598,13160024.png,1.2232190001668641,0.4682609996962128,13.142750000042724,0.40925900066213217,0.07311000081244856,15.39161700020486,0,4
599,13160028.png,0.8520569990650984,0.30633499955001753,11.762973999793758,0.43029399967053905,0.08192400127882138,13.485400000718073,0,2
600,13160030.png,1.008192000881536,0.3601259995775763,12.187618000098155,0.43301700134179555,0.10741899859567638,14.160716998958378,0,6
601,13160037.png,1.0725749998528045,0.41882400000758935,13.318710998646566,0.47715600157971494,0.09025700092024636,15.434774999448564,0,3
602,13160038.png,1.319352000791696,0.4304980011511361,13.995919000080903,0.39850800021667965,0.07948600068630185,16.284388999338262,0,5
603,13160042.png,0.9744020007929066,0.29493300098693,12.356660001387354,0.43358800030546263,0.08585000068705995,14.190265999786789,0,3
604,13160044.png,1.113276000978658,0.36846500006504357,12.745931999234017,0.42020000000775326,0.09073299952433445,14.829874999122694,0,4
605,13160046.png,1.0682720003387658,0.4125829982513096,21.554307000769768,0.4166910002822988,0.08389499998884276,23.605207999935374,0,6
606,13160048.png,1.1185829989699414,0.480799999422743,14.187749000484473,0.43934299901593477,0.0777770001150202,16.369286999179167,0,3
607,1317006.png,1.2596840006153798,0.5399910005507991,15.403504999994766,0.7572400008939439,0.09378399954584893,18.134222998924088,0,5
608,1317008.png,1.2566949990286957,0.5194529985601548,15.67858199996408,0.4956339998898329,0.09542899897496682,18.13304499955848,0,1
609,1318018.png,1.2955740003235405,0.5321279986674199,16.254868998657912,0.6017159994371468,0.1256380000995705,18.895425999289728,0,3
610,1318025.png,1.419653999619186,0.7038469993858598,16.012430998671334,0.4714149999927031,0.08199900003091898,18.78188499904354,0,4
611,1319010.png,1.2449979985831305,0.43056100003013853,18.470040000465815,0.7064680012263125,0.10078600098495372,21.03065300070739,0,4
612,1319011.png,1.3518580017262138,0.563522000447847,13.549962000979576,0.564169000426773,0.10760800068965182,16.240527000263683,0,3
613,1319021.png,2.037779999227496,0.9580739988450659,16.20364799964591,0.5154010013939114,0.09128999954555184,19.895989000360714,0,18
614,1319024.png,1.3746760014328174,0.45293600123841316,13.158163001207868,0.42041900087497197,0.0752079995436361,15.55610700052057,0,3
615,1319029.png,1.0303589988325257,0.38896899968676735,12.454129000616376,0.4440100001374958,0.07610499960719608,14.450328999373596,0,1
616,1319031.png,1.1302139992039884,0.3271040004619863,12.27597499928379,0.421547998485039,0.07442300011462066,14.285347999248188,0,1
617,1320014.png,1.0591370009933598,0.46411399853241164,11.228975001358776,0.4231229995639296,0.07503999950131401,13.314231000549626,0,5
618,1320017.png,1.435860998753924,0.5305609993229154,12.476120000428637,0.4232620012771804,0.07424499926855788,15.016134000688908,0,2
619,1320025.png,1.2346580006123986,0.5075839999335585,13.381261998802074,0.424194000515854,0.08023100053833332,15.710808000221732,0,3
620,1320037.png,1.1229150004510302,0.35758000012720004,11.95117399947776,0.4110669997317018,0.08026599971344694,13.982238999233232,0,2
621,1320038.png,0.9649659987189807,0.46324499999172986,13.472530999933952,0.5164179983694339,0.1195700006064726,15.597966999848722,0,9
622,1320041.png,1.2997200010431698,0.39680400004726835,14.474590001555043,0.49768899953051005,0.09301199861511122,16.818074000184424,0,5
623,1320047.png,1.4824790014245082,0.6121669994172407,14.032140001290827,0.44972899922868237,0.12493400026869494,16.807087000415777,0,4
624,1320060.png,0.9240870003850432,0.40200900002673734,11.760884000977967,0.3679590008687228,0.07200300024123862,13.577961000919458,0,1
625,13210003.png,1.406628000040655,0.3531479997036513,11.653128998659668,0.3819170015049167,0.07611499859194737,13.938664998931927,0,5
626,13210005.png,1.0138670004380401,0.31544300145469606,12.045403000229271,0.38252000013017096,0.0711739994585514,13.886709999496816,0,14
627,13210008.png,1.1887820000993088,0.40994399932969827,12.852326999563957,0.3882410001097014,0.07362399992416613,14.978586999859544,0,15
628,13210009.png,0.9760880002431804,0.28512800054159015,13.111698999637156,0.4161630004091421,0.07812500007275958,14.923974000339513,0,7
629,13210018.png,1.1574870004551485,0.38119099917821586,12.435938999260543,0.38228499943215866,0.07279000055859797,14.488340000752942,0,4
630,13210021.png,0.990270000329474,0.34963200050697196,12.067024999851128,0.441201998910401,0.08651899952383246,13.995904999319464,0,2
631,13210030.png,1.1609109988057753,0.4388670004118467,12.468156999602797,0.3922399992006831,0.07398100024147425,14.59854599852406,0,5
632,13210033.png,0.9358009992865846,0.29234300018288195,12.65183400028036,0.4120960002182983,0.07576799907837994,14.423941998757073,0,1
633,13210035.png,1.12305800030299,0.3813240000454243,13.75666100102535,0.4193379991193069,0.079329000072903,15.822875999219832,0,3
634,13210039.png,0.9405569999216823,0.3670030000648694,12.819943000067724,0.40178599920182023,0.08211800013668835,14.670979000584339,0,1
635,13210056.png,1.3575510001828661,0.3290719996584812,13.132600999597344,0.38066400156822056,0.0780869995651301,15.335410000261618,0,3
636,1322021.png,0.997650999124744,0.35614400076156016,12.732619999951567,0.38765800127293915,0.07539400030509569,14.599094000004698,0,4
637,1322027.png,0.9992590003093937,0.43967300007352605,12.60210300097242,0.39228800051205326,0.07327800085477065,14.578541000446421,0,2
638,1322031.png,1.1161509992234642,0.328965999869979,16.630747999442974,0.8849210007610964,0.12723800136882346,19.14650199978496,0,3
639,1322044.png,1.1289509984635515,0.4528089993982576,30.545707999408478,0.7753509999020025,0.1274959995498648,33.08813299918256,0,1
640,1325004.png,1.039074999425793,0.4215019998810021,36.185410999678425,0.3486539990262827,0.036142999306321144,38.09018600077252,1,0
641,1325025.png,0.9277049994125264,0.30108999999356456,11.098599999968428,0.3833249993476784,0.0909529990167357,12.846722000176669,0,2
642,1325030.png,1.3383999994402984,0.4200290004519047,22.8190399993764,0.6270080011745449,0.11028900007659104,25.40563500042481,0,3
643,1325032.png,1.3834070014127064,0.5499149992829189,14.397376999113476,0.3920269991795067,0.0801879996288335,16.876833000424085,0,2
644,1325034.png,0.9645949994592229,0.2933350006060209,16.027793999455753,0.44374099888955243,0.07881999954406638,17.864479999843752,0,7
645,1325037.png,1.6232540001510642,0.352892999217147,13.883962001273176,0.42673399912018795,0.08572200022172183,16.440465000414406,0,5
646,1325044.png,1.0611449997668387,0.35940999987360556,31.406473000970436,0.8639759998914087,0.1308940009039361,33.88849800103344,1,3
647,1325050.png,0.9351959997729864,0.3720439999597147,29.786065000735107,0.3987640011473559,0.07175900100264698,31.61051899951417,0,5
648,1325051.png,0.9876410003926139,0.2918859991041245,11.906808000276214,0.936946000365424,0.13566899906436447,14.31766499990772,0,1
649,1329013.png,1.0889249988395022,0.42887600102403667,29.819466999470023,0.7900529999460559,0.13451199993141927,32.319422000000486,0,3
650,1329020.png,0.86636699961673,0.39294199996220414,30.273509999460657,0.40533399987907615,0.07722200098214671,32.05818700007512,0,1
651,1329021.png,0.8993350002128864,0.3406830001040362,12.224838999827625,0.4179339994152542,0.07495899990317412,14.01639100004104,0,3
652,1329051.png,0.8287649998237612,0.35541999932320323,12.41966300040076,0.5482270007632906,0.09657699956733268,14.31957800014061,0,3
653,1329052.png,0.9085910005524056,0.4670310008805245,12.066305998814641,0.40919999992183875,0.07335299960686825,13.98092599993106,0,2
654,1330010.png,1.0308340006304206,0.45423899973684456,11.408242999095819,0.3499169997667195,0.06872700032545254,13.39361300051678,0,1
655,1330016.png,0.8810220006125746,0.26750899996841326,12.732229000903317,0.45323000085772946,0.07360000017797574,14.45788399905723,0,1
656,1330027.png,1.1340099990775343,0.4720919987448724,26.97789200101397,0.38975899951765314,0.07507899863412604,29.10752599927946,0,1
657,1330031.png,0.9915820010064635,0.2947840002889279,14.317122999273124,0.4097970013390295,0.08007699943846092,16.1531579997245,0,2
658,1330034.png,1.041690999045386,0.389516999348416,15.538469000603072,0.5075389999547042,0.08439100020041224,17.633341998589458,0,1
659,1330037.png,1.770881999618723,0.3462029999354854,19.489127000269946,0.49828099872684106,0.09294699884776492,22.26343300026201,0,1
660,1330040.png,1.0418729998491472,0.31792700065125246,18.10863500031701,0.5459950007207226,0.11020400052075274,20.187639000141644,0,3
661,1330047.png,1.5217030013445765,0.44694299867842346,14.676302998850588,0.34302899985050317,0.03657100023701787,17.106133000197588,0,0
662,1331006.png,1.0871909998968476,0.41097299981629476,12.805602000298677,0.38440000025730114,0.0682299996697111,14.823688999967999,0,3
663,1331012.png,0.9528680002404144,0.3537540014804108,16.116921999127953,0.6174390000523999,0.10008100070990622,18.192231998909847,0,3
664,1331014.png,1.0159539997403044,0.33213799906661734,13.033414999881643,0.3766190002352232,0.07315000038943253,14.890032998664537,0,8
665,1331015.png,0.9793779991014162,0.4588070005411282,12.306722999710473,0.4291479999665171,0.09078199946088716,14.315735999844037,0,7
666,1331025.png,1.2361049994069617,0.3741269993042806,11.870061000081478,0.38007800139894243,0.06765199941582978,13.993077000122867,0,1
667,1331027.png,0.9483800004090881,0.27476799914438743,13.67488100004266,0.4227310000715079,0.08143100058077835,15.455834998647333,0,1
668,1331032.png,0.9537459991406649,0.39955600004759617,13.654632999532623,0.40856999839888886,0.06717699943692423,15.535806998741464,0,3
669,1331043.png,0.8553150000807364,0.30879500081937294,13.526041999284644,0.3823810002359096,0.0725070003682049,15.190912999969441,0,4
670,1331044.png,1.0066250015370315,0.33972599885601085,21.001287999752094,0.7719769982941216,0.1340039998467546,23.312847000852344,0,4
671,1332002.png,1.3111659991409397,0.5109289995743893,15.80206300059217,0.3102139999100473,0.05980700007057749,18.07460199961497,0,0
672,1332005.png,1.0877029999392107,0.39209500027936883,12.630503999389475,0.5102400009491248,0.10054500125988852,14.789545000894577,0,1
673,1332006.png,1.6366340005333768,0.38928900175960734,17.84133900036977,0.42337699960626196,0.09891599984257482,20.467127998927026,0,2
674,1332010.png,0.9807679998630192,0.29394999910437036,12.094533998606494,0.3689989989652531,0.07158900007198099,13.866007000615355,0,2
675,1332014.png,0.9739240013004746,0.3503950010781409,12.428280999301933,0.4160490007052431,0.07179299973358866,14.287005998994573,0,1
676,1332020.png,0.9885979998216499,0.37062899900774937,12.438544999895385,0.39008500061754603,0.0724319997971179,14.304943999377429,0,1
677,1332035.png,0.9870520007098094,0.3160150008625351,11.586268999963067,0.4227940007694997,0.07463099973392673,13.444386000628583,0,2
678,1332039.png,1.1153199993714225,0.3648609999800101,12.361284998405608,0.4047960010211682,0.0718790015525883,14.387219998752698,0,2
679,1332042.png,0.9774310001375852,0.30581700048060156,12.26764000057301,0.4282380014046794,0.07063100019877311,14.09729300030449,0,4
680,1333007.png,1.015051999274874,0.3409229993849294,17.408884001270053,0.4019570005766582,0.040085000364342704,19.26094700138492,0,0
681,1333024.png,1.528666998638073,0.4931429994030623,14.789392000238877,0.6444949995056959,0.08455500028503593,17.608267999094096,0,4
682,1333037.png,1.2182199989183573,0.5452540008263895,11.27458500013745,0.38549600139958784,0.07405399992421735,13.548695998906624,0,1
683,1333044.png,1.1727500004781177,0.5716010000469396,12.715009999737958,1.0196559996984433,0.14924700008123182,15.69220400051563,0,9
684,1335002.png,1.187153999126167,0.49925300118047744,26.140118001421797,0.48700299885240383,0.07774100049573462,28.455664998546126,0,5
685,1335016.png,0.979307000307017,0.537497000550502,12.966003001565696,0.390144999983022,0.0742109987186268,15.029693000542466,0,8
686,1335018.png,0.9551860002829926,0.33430200164730195,12.011769998935051,0.3682490005303407,0.04156500108365435,13.766468000540044,0,0
687,1335020.png,1.1397540001780726,0.46210400068957824,32.27338000033342,0.8055430007516406,0.12340700050117448,34.87898599996697,1,4
688,1340006.png,1.4118559993221425,0.5056890004198067,33.079721999456524,0.44852100108982995,0.08119599988276605,35.600852999778,1,2
689,1340021.png,1.1317460011923686,0.40448500112688635,14.566321999154752,0.5519349997484824,0.09176700041280128,16.810260000056587,0,1
690,1358001.png,1.4815450012974907,0.407532999815885,18.82582899997942,0.4446359998837579,0.08845500087772962,21.313158000339172,0,30
691,1358012.png,1.6010370000003604,0.5068310001661303,13.548076000006404,0.43142899994563777,0.08168299973476678,16.257802999462,0,4
692,1358013.png,1.2215360002301168,0.36274900048738346,19.964781000453513,0.5094190000818344,0.08743099897401407,22.203549000550993,0,1
693,1363003.png,1.4500779998343205,0.5165849997865735,14.649037999333814,0.38945100095588714,0.07365900091826916,17.15908499863872,0,1
694,1363005.png,1.3532709999708459,0.3756730002351105,12.158043999079382,0.3639210008259397,0.09177799984172452,14.405907999389456,0,14
695,1363017.png,1.0245600005873712,0.3295330006949371,11.70590099900437,0.3555009989213431,0.07188800009316765,13.539685000068857,0,8
696,1363018.png,0.9893620008369908,0.31281500014301855,11.59937199918204,0.42885900074907113,0.07811999967088923,13.45198999842978,0,2
697,1363025.png,1.1979959999735001,0.37756799974886235,11.920486000235542,0.4059749990119599,0.07546900087618269,14.041123000424705,0,10
698,1363035.png,1.1826859990833327,0.6716610005241819,12.459730000045965,0.36524700044537894,0.07170600110839587,14.813096000580117,0,2
699,1367007.png,0.8934239995141979,0.2971699996123789,11.690287999954307,0.35143899913236964,0.06586999916180503,13.35384900085046,0,14
700,1367024.png,0.9399840000696713,0.26816900026460644,14.887777999319951,0.44597200030693784,0.0795699997979682,16.678891999617917,0,4
701,1379038.png,1.0649609994288767,0.3637429999798769,13.85354699959862,0.3887610000674613,0.06697800017718691,15.7838700015418,0,5
702,1395002.png,1.0724700005084742,0.30164499912643805,12.411502999384538,0.3914620010618819,0.07245499909913633,14.306470000519766,0,4
703,1395005.png,0.9898200005409308,0.2559019994805567,12.520925998614985,0.40617299964651465,0.09573999886924867,14.310677999674226,0,8
704,1395008.png,1.1546879995876225,0.4267250005796086,15.024000000266824,0.4041600004711654,0.07525000000896398,17.159443001219188,0,2
705,1395009.png,1.0945360008918215,0.3226489989174297,13.232893001259072,0.3665690001071198,0.08972899922810029,15.16970900047454,0,4
706,1395011.png,0.9332560002803802,0.30056099967623595,13.171996999517432,0.38679900171700865,0.07732900121482089,14.913560000422876,0,11
707,1395012.png,1.0017330005211988,0.3404689996386878,12.256517000423628,0.4049660001328448,0.07842000013624784,14.142105999781052,0,7
708,1395013.png,0.9461839999858057,0.3270369998062961,16.429524001068785,0.562645000172779,0.09109799975703936,18.419850999634946,0,4
709,1395020.png,1.2227919996803394,0.302483000268694,11.754814000596525,0.3959160003432771,0.07124700096028391,13.792391999231768,0,13
710,1399017.png,1.074325000445242,0.29643000016221777,11.640942000667565,0.39511999966634903,0.07255700074892957,13.537787999666762,0,13
711,1399019.png,0.9790699987206608,0.29438899946399033,11.137653000332648,0.3531579986884026,0.06509800005005673,12.881271000878769,0,7
712,1399020.png,0.9286799995606998,0.28337699950498063,10.762261999843759,0.37754400000267196,0.06822399882366881,12.463779999961844,0,8
713,1399021.png,0.8460949993605027,0.28228100018168334,11.947494000196457,0.49558999853616115,0.08974399861472193,13.720033999561565,0,6
714,1399022.png,1.4928929995221552,0.3027580005436903,15.959975000441773,0.3836579999187961,0.0680719986121403,18.264759999510716,0,4
715,1424005.png,0.9409710000909399,0.26158800028497353,11.84944499982521,0.35616400055005215,0.07010100125626195,13.528098999813665,0,20
716,1424012.png,1.029278999340022,0.41349899947817903,13.333090999367414,1.2612819991772994,0.15386700033559464,16.2784099993587,0,6
717,1424017.png,1.4260089992603753,0.4841499994654441,33.91245400052867,0.8236029989348026,0.13271799980429932,36.84112799965078,1,10
718,1424018.png,1.0793080000439659,0.5256519998511067,27.328256001055706,0.802499000201351,0.14225700033421163,29.932061001090915,0,15
719,1424035.png,0.922590999834938,0.3709920001710998,28.71987700018508,0.7725940013187937,0.11993499902018812,30.959916000938392,0,8
720,1424037.png,0.8491810003761202,0.3742790013347985,19.255094999607536,0.4626320005627349,0.08725299994694069,21.074064999993425,0,18
721,1427008.png,0.9717749999254011,0.710379999873112,21.391517999290954,0.37415800034068525,0.07156100036809221,23.598895999384695,0,6
722,1427011.png,1.0144640000362415,0.28370399923005607,12.205289998746593,0.3497670004435349,0.08768000043346547,13.995435998367611,0,5
723,1429004.png,0.9452599988435395,0.27949700051976833,11.889154999153106,0.3590970009099692,0.06975199903536122,13.589296000645845,0,3
724,1429015.png,0.9554549997119466,0.28505899899755605,11.716548999174847,0.3767849993892014,0.06701600068481639,13.454371999614523,0,7
725,1429023.png,1.0114850010722876,0.2619480001158081,11.278900999968755,0.38302800021483563,0.07385099888779223,13.06392599872197,0,2
726,1429025.png,1.2708889989880845,0.4413780006871093,14.027967001311481,0.5848620003234828,0.09619299999030773,16.545544000109658,0,13
727,1431002.png,1.5511740002693841,0.329976999637438,16.675774000759702,0.41913799941539764,0.06690600093861576,19.096583000646206,0,4
728,1431007.png,0.8763949990679976,0.2852400011761347,11.919180999029777,0.5963820003671572,0.08565800089854747,13.81094899988966,0,3
729,1431009.png,0.8977610013971571,0.29242000164231285,11.776331999499234,0.39254100011021364,0.06716100142512005,13.482913998814183,0,31
730,1431014.png,0.7869069995649625,0.324407999869436,12.053146001562709,0.44301999878371134,0.07592200017825235,13.734756999838282,0,1
731,1431021.png,0.98832599906018,0.4864109996560728,12.645095999687328,0.3742949993466027,0.07190299947978929,14.631518999522086,0,8
732,1433001.png,1.0060499989776872,0.3092029983235989,12.64912400074536,0.40456999886373524,0.07609499880345538,14.50440900043759,0,1
733,1433012.png,1.171863999843481,0.3729389991349308,12.653928000872838,0.37924800017208327,0.0712590008333791,14.713354001287371,0,8
734,1433016.png,1.002551998681156,0.2809509987855563,12.571274999572779,0.38100199890322983,0.07154099876061082,14.365009999892209,0,6
735,2109015.png,0.785017000453081,0.3106320000370033,12.002524999843445,0.37431199962156825,0.07088299935276154,13.589152998974896,0,4
736,2109020.png,0.8571140006097266,0.31614399995305575,11.308600998745533,0.3763549993891502,0.07431400081259198,12.980027000594418,0,10
737,2110004.png,0.9506419992248993,0.3372049995959969,11.845355000332347,0.35670500074047595,0.07264200030476786,13.617587999760872,0,4
738,2110006.png,0.9380470000905916,0.29481499950634316,15.894365000349353,0.7773409997753333,0.13285000022733584,18.090692999976454,0,1
739,2110007.png,0.9243410004273755,0.3590540000004694,16.68191799944907,0.38026899892429356,0.07409799945889972,18.46296200164943,0,5
740,2110012.png,0.984472000709502,0.33986599919444416,17.80664699981571,0.5598440002358984,0.10213199857389554,19.859515999996802,0,3
741,3000005.png,1.282118999370141,0.3327069989609299,12.094236999473651,0.39035099871398415,0.07291700057976414,14.228673000616254,0,19
742,3000011.png,1.1165309988427907,0.28231400028744247,12.309852998441784,0.3879039995808853,0.07226299931062385,14.22459600144066,0,26
743,3000021.png,1.0871899994526757,0.3153689995087916,16.968163999990793,0.617092999164015,0.09121199946093839,19.133670999508468,0,1
744,3000023.png,1.244845001565409,0.4151560005993815,18.586001999210566,0.4266679989086697,0.09005199899547733,20.831404999626102,0,1
745,3000032.png,0.9886170009849593,0.27670700001181103,14.310972999737714,0.6042120003257878,0.09102399963012431,16.31811700099206,0,1
746,3000046.png,0.9945649999281159,0.3137080002488801,21.090766000270378,0.6269589994190028,0.08590099969296716,23.164211999755935,0,4
747,3000058.png,0.9791189986572135,0.300160998449428,12.39139300014358,0.36816699866903946,0.0711779994162498,14.157114999761689,0,11
748,3000062.png,1.0968869992211694,0.27831400075228885,11.854389000291121,0.3629439997894224,0.06549300087499432,13.709537999602617,0,14
749,3000066.png,0.9719519985083025,0.2829530003509717,11.36982500065642,0.38225600110308733,0.0759270005801227,13.13208899955498,0,8
750,3000080.png,0.9681009996711509,0.28046199986420106,11.313163000522763,0.3498659989418229,0.03279200063843746,12.998735001019668,0,0
751,3000083.png,1.0157880005863262,0.29448700115608517,11.92357699983404,0.3188070004398469,0.04113400063943118,13.646749001054559,0,0
752,3000089.png,1.1619350007094909,0.32941300014499575,18.81237800080271,0.36759900103788823,0.07177900079113897,20.804052001039963,0,6
753,3000108.png,1.0556939996604342,0.2740679992712103,11.909015998753603,0.3608189999795286,0.06992500129854307,13.724189999265946,0,4
754,3000109.png,1.0202939993178006,0.29131399969628546,12.001932000202942,0.39093800114642363,0.06776000009267591,13.8247089998913,0,2
755,3000113.png,1.0255799988954095,0.330585000483552,11.944800999117433,0.4109960009373026,0.06497100002889056,13.833285000146134,0,6
756,3000120.png,0.9630339991417713,0.281189999441267,11.197662000995479,0.3676790001918562,0.09339100142824464,12.956570999449468,0,3
757,3000121.png,0.946837000810774,0.2605259996926179,11.139111999000306,0.5236619999777758,0.07158299922593869,12.984805998712545,0,3
758,3000124.png,1.0284870004397817,0.45261999912327155,11.38325600004464,0.3542119993653614,0.06824899901403114,13.377945999309304,0,13
759,3000129.png,0.9268779995181831,0.29214200003480073,11.338817999785533,0.35323399970366154,0.0673119993734872,13.032524999289308,0,14
760,3000130.png,1.0019780002039624,0.25810500119405333,12.111468999137287,0.4165539994573919,0.07396500041068066,13.913205999415368,0,15
761,3000131.png,0.893230000656331,0.2703500013012672,14.372965000802651,0.5574960014200769,0.08854200132191181,16.236550000030547,0,17
762,3000133.png,1.2375370006338926,0.3235750009480398,14.426425999772619,0.3726960003405111,0.062128001445671543,16.468986999825574,0,15
763,3000134.png,0.9335609993286198,0.2672730006452184,12.349390000963467,0.3628070007835049,0.06426100117096212,14.027700999577064,0,9
764,3000140.png,0.9342269986518659,0.2528509994590422,11.619613998846035,0.3665370004455326,0.06706099884468131,13.299172000188264,0,19
765,3000145.png,0.9630799995647976,0.2547330004745163,11.407885000153328,0.40760900083114393,0.08302700007334352,13.173403998735012,0,16
766,3000147.png,1.108144000681932,0.3278189997217851,12.94474899987108,0.36671599991677795,0.06924800072738435,14.873897000143188,0,19
767,3000148.png,0.7400869999401039,0.24940799994510598,11.092972999904305,0.33707600050547626,0.06796799971198197,12.52829599980032,0,8
768,3000149.png,0.7398870002361946,0.24801099971227814,28.0245180001657,0.7595719998789718,0.12068099931639154,29.93094300109078,0,19
769,3000151.png,0.7815120006853249,0.3751660005946178,23.25037499940663,0.4339539991633501,0.07784500121488236,24.968644000182394,0,22
770,3000152.png,0.8393680000153836,0.296745000014198,12.465226000131224,0.43458300024212804,0.06524400123453233,14.157863000946236,0,16
771,3000156.png,0.799391000327887,0.2699939996091416,11.925044000236085,0.3806269996857736,0.06991000009293202,13.487813999745413,0,14
772,3000183.png,0.929111000004923,0.3506600005493965,10.927023999101948,0.38618700091319624,0.0852230004966259,12.725795999358525,0,8
773,3000186.png,1.0129750007763505,0.3244460003770655,11.132925001220428,0.46358100007637404,0.07482300134142861,13.071526998828631,0,11
774,3000190.png,1.0213389996351907,0.3446569990046555,11.445383999671321,0.38076100099715404,0.07209600153146312,13.321553000423592,0,15
775,3000194.png,1.199225000164006,0.8577579992561368,13.770663999821409,0.3927449997718213,0.07770699994580355,16.38104999983625,0,9
776,3000197.png,1.0487759991519852,0.3295780006737914,13.488769000105094,0.3796380005951505,0.07229799848573748,15.380343998913304,0,24
777,3000204.png,1.0625599988998147,0.3131989997200435,13.221392000559717,0.46781200035184156,0.09053699977812357,15.215069999612751,0,9
778,3000212.png,1.1201870001968928,0.35533499976736493,14.388356001290958,0.42888800089713186,0.07841600017854944,16.428327000539866,0,4
779,3000246.png,1.167206000900478,0.4406219995871652,13.959743999294005,0.3838079992419807,0.07941900003061164,16.111515999000403,0,7
780,3002009.png,1.171845000499161,0.4889549982181052,12.625755998669774,0.4285359991627047,0.07609299973410089,14.870046001306036,0,12
781,3002017.png,0.887111998963519,0.36247699972591363,12.517823999587563,0.3794289987126831,0.07664000077056699,14.286001000073156,0,18
782,3002022.png,0.804485998742166,0.2973259997816058,12.835262999942643,0.37780899947392754,0.07269900015671737,14.432407999265706,0,34
783,3002026.png,1.006533000690979,0.3035239988093963,12.396940999678918,0.3975650015490828,0.07581299905723426,14.234764999855543,0,25
784,3002029.png,1.2672020002355566,0.45979599963175133,13.09116999982507,0.3348970003571594,0.03536300027917605,15.288401998986956,0,0
785,3002033.png,1.0694439988583326,0.3203760006726952,11.93395900008909,0.464651999209309,0.07234000077005476,13.918313999965903,0,3
786,3002034.png,0.9519389986962778,0.34641199999896344,11.597148000873858,0.348315999872284,0.06713599941576831,13.365700000576908,0,5
787,3002036.png,0.9334059996035649,0.28301100064709317,11.435550999522093,0.39607899998372886,0.06585200026165694,13.165930999093689,0,11
788,3002039.png,0.9333500001957873,0.32111000109580345,11.925673999940045,0.6481090003944701,0.09317399963038042,13.970498999697156,0,12
789,3002056.png,1.4832059987384127,0.3156910006509861,15.53225600036967,0.3863379988615634,0.07213400022010319,17.85411600030784,0,3
790,3002057.png,1.169653000033577,0.37259399869071785,11.879502000738285,0.35592099993664306,0.06662800115009304,13.906013000450912,0,5
791,3002059.png,0.8735970004636329,0.2528530003473861,11.369888999979594,0.3453469998930814,0.0651459995424375,12.949160998687148,0,12
792,3002062.png,0.9137509987340309,0.3901919990312308,11.051261999455164,0.36936600008630194,0.06819299960625358,12.846124000134296,0,11
793,3002064.png,0.9667480007919949,0.2682289996300824,11.673535998852458,0.3709659995365655,0.06326499897113536,13.390203001108603,0,8
794,3002075.png,0.8746880012040492,0.26806999994732905,11.534687000676058,0.3521390008245362,0.06765699981770013,13.136904999555554,0,11
795,3002080.png,0.9128910005529178,0.24977199973363895,11.146584000016446,0.38767799924244173,0.06486399979621638,12.813862000257359,0,7
796,3002087.png,0.9267000004911097,0.25903100140567403,11.211582999749226,0.3790810005739331,0.07025699960649945,12.900530000479193,0,14
797,3002094.png,0.9554580010444624,0.25751000066520646,11.459546001788112,0.39016400114633143,0.0679220011079451,13.185626999984379,0,8
798,3002096.png,0.954368000748218,0.2686460011318559,11.549516000741278,0.39566499981447123,0.07662399912078399,13.29206600166799,0,15
799,3002106.png,1.374711000607931,0.4884530007984722,11.019985000530141,0.3943700012314366,0.06702899918309413,13.443403999190195,0,16
800,3002108.png,0.9136879998550285,0.2652949988259934,14.346756999657373,0.4357329999038484,0.07926799844426569,16.089871000076528,0,14
801,3002109.png,0.9558560013829265,0.30976599919085857,12.317807999352226,0.3766629997699056,0.06818200017733034,14.069785000174306,0,5
802,3002110.png,1.1023869992641266,0.2755919995252043,11.871697999595199,0.3577429997676518,0.06912299977557268,13.721856999836746,0,10
803,3002112.png,0.9788989991648123,0.278634999631322,11.778236999816727,0.3720200002135243,0.06991800000832882,13.53022500006773,0,5
804,3002119.png,0.8539489990653237,0.2726719994825544,11.999147000096855,0.3966029998991871,0.07748999996692874,13.646065999637358,0,4
805,3002131.png,1.09575200076506,0.3928259993699612,12.762334999933955,0.37198999962129164,0.07153899969125632,14.756705000763759,0,3
806,3002137.png,0.9606149997125613,0.2874530000553932,11.757183998270193,0.37797100048919674,0.07055400055833161,13.536534001104883,0,9
807,3002148.png,0.860304999150685,0.2523180010030046,15.850304000196047,0.37864000114495866,0.0749950013414491,17.468846001065685,0,3
808,3002152.png,0.8993190003820928,0.28576799923030194,12.246883001353126,0.41387000055692624,0.07590799941681325,13.976857000670861,0,10
809,3002154.png,0.9327429997938452,0.2911179999500746,12.046335999912117,0.39816599928599317,0.07200399886642117,13.795704999211011,0,4
810,3002155.png,0.9246040008292766,0.3109280005446635,11.819024999567773,0.38486199991893955,0.06837600085418671,13.551070998801151,0,10
811,3002161.png,0.9200139993481571,0.25132600057986565,11.302247999992687,0.42772100096044596,0.06821500028308947,13.019595000514528,0,5
812,3002170.png,1.0312089998478768,0.32605799970042426,16.578889999436797,0.37894599881838076,0.06801800009270664,18.43044599991117,0,2
813,3002191.png,1.0568769994279137,0.2621080002427334,11.778358999436023,0.3973699986090651,0.07647100028407294,13.623474000269198,0,6
814,3002197.png,1.0533929998928215,0.3152539993607206,11.418919000789174,0.35366200063435826,0.0650509991828585,13.261576001241338,0,34
815,3002203.png,0.9905299993988592,0.33994700061157346,11.903468001037254,0.3955960000894265,0.0757689995225519,13.75303500026348,0,19
816,3002204.png,0.9857860004558461,0.2998689997184556,12.092977998690913,0.35445199864625465,0.07321699922613334,13.85307899909094,0,7
817,3002213.png,0.9698040012153797,0.2979179989779368,13.199687000451377,0.35191099959774874,0.0673829999868758,14.942253999834065,0,1
818,3002228.png,0.9265379994758405,0.2634230004332494,12.277238000024226,0.35416000173427165,0.07037700015644077,13.9451459999691,0,4
819,3002230.png,0.8917129998735618,0.25746100072865374,11.765331000788137,0.4355140008556191,0.08301100024254993,13.484510000125738,0,33
820,3002232.png,0.9422519997315248,0.3048899998248089,12.168381999799749,0.3785279986914247,0.06662200030405074,13.915098999859765,0,3
821,3002238.png,0.8534399985364871,0.2805359999911161,11.035704999812879,0.3695499999594176,0.07504899986088276,12.659038000492728,0,21
822,3002243.png,0.899366001249291,0.2833909984474303,12.378800000078627,0.381681998987915,0.06752199988113716,14.062348998777452,0,9
823,3002244.png,0.8875719995558029,0.28241700056241825,11.096169000666123,0.3720250006153947,0.07250599992403295,12.769807999575278,0,35
824,3003005.png,0.9034270005940925,0.2581980006652884,16.43729400166194,0.4757070000778185,0.08751200039114337,18.216106998806936,0,5
825,3003010.png,0.9293160001107026,0.30261099891504273,16.261840999504784,0.45343000056163874,0.08639599946036469,18.089611001414596,0,8
826,3003013.png,1.1119150003651157,0.4798900008609053,11.518641000293428,0.3975330000685062,0.08044899914239068,13.660078999237157,0,14
827,3003016.png,1.01619999986724,0.3276190000178758,12.640049999390612,0.5800500002806075,0.08555799831810873,14.711731999341282,0,7
828,3003018.png,0.9000879999803146,0.3894830006174743,11.874279000039678,0.27889999910257757,0.03226300032110885,13.533384000766091,0,0
829,3003029.png,0.9473589998378884,0.3726679988176329,12.720434000584646,0.37041199902887456,0.07055899914121255,14.538579998770729,0,4
830,3003033.png,0.8522539992554812,0.2675059986358974,11.839619999591378,0.3661150003608782,0.07187600022007246,13.450765000015963,0,14
831,3003036.png,0.9460239998588804,0.3636330002336763,12.527527000202099,0.3518169996823417,0.0680029988870956,14.304132000688696,0,1
832,3003047.png,0.9571470000082627,0.24867000138328876,11.30329000079655,0.3554560007614782,0.0741320000088308,12.995010998565704,0,2
833,3003048.png,0.9193079986289376,0.28427400138753,11.599633999139769,0.3498539990687277,0.0904039989109151,13.289792001160095,0,2
834,3003049.png,0.9680840012151748,0.33045499912987,11.77144400026009,0.3785330009122845,0.06833899897173978,13.570381999670644,0,7
835,3003069.png,1.1484040005598217,0.2837529991666088,11.559079999642563,0.3661579994513886,0.0718729988875566,13.482768999892869,0,4
836,3003078.png,1.2674120007432066,0.441486999989138,10.846691999176983,0.27172299996891525,0.02839399894583039,12.919071999931475,0,0
837,3003083.png,0.8859139998094179,0.2619779988890514,11.182459000337985,0.35174699951312505,0.0698690000717761,12.801711998690735,0,25
838,3003094.png,0.9262720013794024,0.2790789985738229,12.6292420009122,0.4290850010875147,0.07068199920468032,14.381208000486367,0,8
839,3003105.png,0.8784230012679473,0.30110999978205655,14.322166998681496,0.46625600043626036,0.08556200009479653,16.114068999740994,0,3
840,3003106.png,1.4927789998182561,0.33210800029337406,14.785331999519258,0.422653998612077,0.0788650013419101,17.180547998577822,0,9
841,3003121.png,1.017548000163515,0.34454799970262684,13.011037999604014,0.40052599979389925,0.07587399886688218,14.937518000806449,0,4
842,3003125.png,1.0826449997693999,0.3430719989410136,17.839297999671544,0.5789440001535695,0.10339599975850433,20.009150000987574,0,3
843,3003139.png,1.033966000250075,0.3791229992202716,13.626395999381202,0.4079020000062883,0.0701769986335421,15.567660999295185,0,3
844,3003152.png,1.0404210006527137,0.2881029995478457,11.437531000410672,0.2845029994205106,0.03012100023624953,13.135502998920856,0,0
845,3003160.png,0.979993999862927,0.28353500056255143,12.257443000635249,0.4309070009185234,0.07165300121414475,14.075724000576884,0,4
846,3003164.png,0.9788110000954475,0.3726659997482784,12.249412000528537,0.3639389997260878,0.06844000017736107,14.095229000304244,0,3
847,3003166.png,0.9405380005773623,0.2725220001593698,13.601840999399428,0.4489130005822517,0.08857299872033764,15.401520999148488,0,2
848,3003168.png,1.5040910002426244,0.30842399974062573,13.728838001043187,0.4002519999630749,0.06943100015632808,16.064457000538823,0,4
