index,filename,preprocess_ms,host_to_device_ms,inference_ms,postprocess_ms,output_to_cpu_ms,processing_total_ms,deadline_missed,num_detections
1,0001003.png,1.143934998253826,0.40901199827203527,15.238159998261835,0.4085479995410424,0.07062800068524666,17.326192999462364,0,6
2,0001020.png,1.113889000407653,0.25990699941758066,14.806606999627547,0.3743819979717955,0.06971800030441955,16.67650300078094,0,1
3,0001023.png,1.0559269976511132,0.25778500275919214,14.30004500070936,0.38253999809967354,0.07165900024119765,16.111464999994496,0,7
4,0001031.png,1.14573099926929,0.34890800088760443,30.029618999833474,0.6941630017536227,0.11367200204404071,32.39114600000903,0,6
5,0001043.png,1.077285000064876,0.31891600156086497,21.109157001774292,0.4256210013409145,0.07299999924725853,23.05418299874873,0,3
6,0001047.png,1.1343330006639007,0.23099400277715176,13.73866400172119,0.3587669998523779,0.06798899994464591,15.583172000333434,0,7
7,0001052.png,0.8446749998256564,0.22527400142280385,13.792067999020219,0.38138699892442673,0.08702500053914264,15.370498000265798,0,9
8,0001053.png,0.8584589995734859,0.21916799960308708,14.258688999689184,0.3859129974443931,0.07338100112974644,15.8340500020131,0,4
9,0001054.png,0.8800919968052767,0.23573699945700355,13.594386000477243,0.3418140004214365,0.061647002439713106,15.163888998358743,0,2
10,0001060.png,0.8433339971816167,0.21537599968723953,14.238960000511725,0.35440300052869134,0.06537599983857945,15.757793000375386,0,1
11,0001068.png,0.8461979996354785,0.2412350004306063,14.688644001580542,0.3656410008261446,0.0696480019541923,16.254537000349956,0,2
12,0001071.png,0.8992370021587703,0.24204999863286503,14.491132002149243,0.4121790007047821,0.06987899905652739,16.16594499864732,0,3
13,0001072.png,0.8918339990486857,0.23784000222804025,14.515892002236797,0.3584709993447177,0.0657640011922922,16.11981699898024,0,4
14,0001073.png,0.9200410022458527,0.26078600058099255,14.617176002502674,0.378167002054397,0.07035999806248583,16.304206001223065,0,10
15,0001074.png,0.8026139985304326,0.240408000536263,13.899367000703933,0.3566070008673705,0.06797400055802427,15.40907100206823,0,1
16,0001083.png,0.8869940029399004,0.24134900013450533,13.828890998411225,0.3812449976976495,0.0718869996489957,15.459768997970968,0,7
17,0001085.png,0.9417040018888656,0.2641889986989554,14.78788999884273,0.37809900095453486,0.07122700117179193,16.497164997417713,0,4
18,0001086.png,0.9171989986498374,0.2640250022523105,14.92698799847858,0.4131579989916645,0.07042700235615484,16.64529299887363,0,10
19,0001088.png,0.8772879991738591,0.22537100085173734,14.181623999320436,0.366044001566479,0.08624900146969594,15.776842999912333,0,2
20,0002015.png,0.8945129993662704,0.22457700106315315,14.29694800026482,0.3650090002338402,0.09003000013763085,15.914906998659717,0,3
21,0002037.png,1.0082769986183848,0.2705980004975572,13.816185000905534,0.3540309990057722,0.06329099778668024,15.561571999569423,0,1
22,0002040.png,0.9624660015106201,0.22610299856751226,14.511171000776812,0.3758349994313903,0.06519000089610927,16.190501999517437,0,3
23,0002043.png,1.143092002166668,0.31364200185635127,14.063333001104183,0.3522650004015304,0.06536599903483875,15.996237998479046,0,1
24,0002045.png,1.217633001942886,0.40040400199359283,19.77453799918294,0.5250790018180851,0.10608299999148585,22.090513000875944,0,8
25,0002046.png,1.0155390009458642,0.32417300099041313,14.754701998754172,0.37118800173630007,0.06639899947913364,16.577376001805533,0,2
26,0002049.png,0.9560539983795024,0.2665169995452743,14.79090099746827,0.36258700129110366,0.06557099914061837,16.486022002936807,0,8
27,0002061.png,0.9029440006997902,0.29938800071249716,14.060541001526872,0.36075900061405264,0.06734499766025692,15.750121001474326,0,23
28,0002065.png,0.9275730008084793,0.2819869987433776,13.99549300185754,0.3595950001908932,0.06487100108643062,15.67405799869448,0,7
29,0002075.png,0.978871998086106,0.22367700148606673,13.482132999342866,0.35484700129018165,0.06681199738522992,15.155623001191998,0,6
30,00030001.png,0.9807740025280509,0.25249100144719705,15.08949400158599,0.3876170012517832,0.06718799704685807,16.83024799785926,0,11
31,00030004.png,0.9223519991792273,0.2482109994161874,14.010142000188353,0.39127899799495935,0.07339500007219613,15.690234999055974,0,2
32,00030006.png,0.9849329981079791,0.25122699662460946,14.458803001616616,0.4312229975766968,0.07721000292804092,16.24734900178737,0,6
33,00030015.png,1.0635679973347578,0.3112310005235486,14.444596999965142,0.36029300099471584,0.07026199818938039,16.29930800118018,0,4
34,00030016.png,0.9180640008707996,0.23440599761670455,14.370995002536802,0.3844400016532745,0.06755399954272434,16.016664001654135,0,4
35,00030017.png,0.9053299982042518,0.2521009992051404,13.957966999441851,0.3639640017354395,0.08852400060277432,15.612356997735333,0,2
36,0006002.png,1.0499990021344274,0.2337949990760535,13.978572998894379,0.38420599958044477,0.07318300049519166,15.771051999763586,0,8
37,0006013.png,1.0128249996341765,0.23082299958332442,14.927093998267082,0.39284499871428125,0.06649699935223907,16.67904100031592,0,17
38,0008009.png,0.842064997414127,0.2296880011272151,14.21994399788673,0.35069399746134877,0.064666000980651,15.750726000987925,0,5
39,0008034.png,0.9230030009348411,0.23068799782777205,15.02378400255111,0.3744099994946737,0.06309699892881326,16.66338699942571,0,5
40,0009007.png,0.9354889989481308,0.22638899827143177,13.796264000120573,0.3517500008456409,0.06296900028246455,15.415425001265248,0,2
41,0009020.png,0.9684780015959404,0.23238999710883945,13.503114998457022,0.34931200207211077,0.06286500138230622,15.167953999480233,0,4
42,0009028.png,0.9450210018258076,0.24664000011398457,13.915595001890324,0.3629519997048192,0.06480199954239652,15.57828899967717,0,2
43,0009029.png,0.9990859980462119,0.2303729997947812,14.749671001482056,0.3551139998307917,0.06618699990212917,16.45064799959073,0,3
44,0009030.png,0.9842910003499128,0.24333699911949225,13.51664100002381,0.3528380002535414,0.07919500058051199,15.227152001898503,0,7
45,0009032.png,0.9053029971255455,0.23832800070522353,13.617488999443594,0.3460810003161896,0.0621190010861028,15.20938700195984,0,7
46,0009036.png,0.8587709999119397,0.23540300026070327,24.523132997273933,0.39018299867166206,0.07066699981805868,26.12703100021463,0,21
47,0009045.png,1.026685997203458,0.22414900013245642,14.323801999125862,0.3877970011672005,0.0726489997759927,16.082058002211852,0,3
48,0009053.png,1.0848129968508147,0.23492199761676602,14.190918001986574,0.4208729988022242,0.07972099774633534,16.055111998866778,0,10
49,0011005.png,0.9956889989553019,0.33067700132960454,14.165553002385423,0.4390579997561872,0.06706299973302521,16.043226001784205,0,11
50,0011006.png,0.9344639984192327,0.23927399888634682,14.829043997451663,0.3689990007842425,0.06705399937345646,16.484700001456076,0,9
51,0011014.png,1.086735999706434,0.2476859990565572,14.298500002041692,0.3570890003175009,0.06566500087501481,16.1123170000792,0,6
52,0011016.png,0.9294669980590697,0.2334950004296843,14.79566299894941,0.37083099960000254,0.06649100032518618,16.449835999083007,0,8
53,0011022.png,1.0208750027231872,0.2464989993313793,14.232009998522699,0.38607999886153266,0.06545599899254739,16.004831999453017,0,11
54,0011025.png,0.9659130009822547,0.2458909984852653,14.486111998849083,0.3836799987766426,0.09473099999013357,16.217100001085782,0,8
55,0011026.png,0.9625409984437283,0.24704300085431896,14.265775000239955,0.36792600076296367,0.06428800043067895,15.95541699862224,0,6
56,0011031.png,0.9255900004063733,0.24820600083330646,14.68334200035315,0.39734500023769215,0.06740100070601329,16.370499000913696,0,4
57,0011034.png,1.089746001525782,0.41098699875874445,30.12786300314474,0.6481210002675653,0.09361599950352684,32.437506000860594,0,15
58,0011036.png,0.9563319981680252,0.3891619999194518,17.51633700041566,0.48653500198270194,0.08372099910047837,19.503906998579623,0,21
59,0012002.png,0.9903540012601297,0.28405000193743035,18.420500000502216,0.40807299956213683,0.06775099973310716,20.22305900027277,0,3
60,0012003.png,0.9219099993060809,0.2811439990182407,15.214466999168508,0.39562299934914336,0.06954099808353931,16.921362999710254,0,4
61,0012005.png,0.9653500019339845,0.27260400020168163,14.484014998743078,0.3588680010579992,0.07608499799971469,16.207538999879034,0,3
62,0012006.png,0.9199899977829773,0.2444240017211996,14.607542001613183,0.3703319998749066,0.0645829968561884,16.25150499967276,0,18
63,0012008.png,0.9666590012784582,0.26558599711279385,13.926504001574358,0.3845589999400545,0.06709900117130019,15.661408000596566,0,11
64,0012011.png,0.9442319969821256,0.2462900010868907,14.402177999727428,0.3955510001105722,0.06414499875972979,16.100709999591345,0,4
65,0013002.png,0.8961720013758168,0.2408539985481184,14.838292001513764,0.3681659982248675,0.06516800203826278,16.449459002615185,0,1
66,0013003.png,0.7465799972123932,0.36971299778087996,14.581157000066014,0.48336600229959004,0.08051400072872639,16.318052999849897,0,2
67,0013008.png,0.9207170005538501,0.27342500106897205,13.97498099686345,0.5971779974061064,0.08706700100447051,15.908208999462659,0,3
68,0013012.png,0.9840689999691676,0.33978900319198146,15.957171999616548,0.3859169992210809,0.07582599937450141,17.803688999265432,0,4
69,0013021.png,0.952636000874918,0.2609859984659124,14.41324400002486,0.40714300121180713,0.06866599869681522,16.168272999493638,0,2
70,0014011.png,1.0767940002551768,0.25327700132038444,14.979961997596547,0.4085449982085265,0.07644300058018416,16.839882999192923,0,1
71,0014017.png,1.0327329982828815,0.28462100090109743,15.19791200189502,0.32660099896020256,0.032192001526709646,16.93199600049411,0,0
72,0014020.png,0.9596849995432422,0.280371998087503,24.652952000906225,0.6098820012994111,0.08303399954456836,26.642290002200752,0,6
73,0014023.png,1.0892309983319137,0.28063199715688825,15.741555002023233,0.4760160009027459,0.0860680011101067,17.728972998156678,0,2
74,0014029.png,1.2468349996197503,0.38074099938967265,15.302856001653709,0.37332700230763294,0.06747299994458444,17.45126099922345,0,5
75,0015004.png,0.9993979983846657,0.25902900233631954,13.687541999388486,0.3586449965951033,0.061448998167179525,15.41646099940408,0,8
76,0015006.png,0.8103949985525105,0.23813599909772165,14.681062999443384,0.4098570025234949,0.07907200051704422,16.26024600045639,0,23
77,0015013.png,0.9515789970464539,0.24147499789251015,14.325738997285953,0.3728219999175053,0.06503199983853847,15.99844899828895,0,9
78,0016002.png,0.8709280009497888,0.22942400028114207,14.22387600177899,0.4460399977688212,0.0912629984668456,15.908835997834103,0,6
79,0016006.png,0.954276998527348,0.24143699920387007,16.648773002089,0.4377959994599223,0.07505400208174251,18.410073000268312,0,6
80,0016007.png,0.8720669975446071,0.2744290031841956,18.42116099942359,0.46993299838504754,0.07259300036821514,20.160520001809346,0,7
81,0016009.png,0.9267990026273765,0.3088200028287247,14.434503002121346,0.34827399940695614,0.0628199995844625,16.147252998052863,0,13
82,0016014.png,1.1291299997537863,0.3525000029185321,14.17987500099116,0.49725599819794297,0.12209399938001297,16.35004999843659,0,6
83,0016015.png,0.8466589970339555,0.28544399901875295,13.926358999015065,0.38751999818487093,0.06359999679261819,15.552734999801032,0,4
84,0016017.png,0.9426500000699889,0.43909700252697803,13.98535900079878,0.36747999911312945,0.06729200322297402,15.8498620003229,0,3
85,0020006.png,1.0239520015602466,0.2493330030119978,13.967282000521664,0.3924140000890475,0.06831999780843034,15.754612999444362,0,10
86,0022008.png,0.997749997623032,0.2738639996096026,14.046031999896513,0.3780190018005669,0.06571899939444847,15.807742998731555,0,14
87,0022010.png,0.9569339999870863,0.24946800112957135,14.184157000272535,0.3716809987963643,0.06620800195378251,15.884766999079147,0,6
88,0022030.png,1.0171600006287917,0.23237399727804586,14.28699499956565,0.38177800161065534,0.07304300015675835,16.031649000069592,0,8
89,0022039.png,0.9691800005384721,0.2568849995441269,14.390995998837752,0.46007199853193015,0.09479800064582378,16.23451400155318,0,7
90,0023007.png,1.0182149999309331,0.2523930015740916,14.085850998526439,0.3749799980141688,0.06887899871799164,15.853450997383334,0,8
91,0023014.png,1.1363300000084564,0.2984409984492231,14.06799300093553,0.3759459978027735,0.07105400072759949,16.004940000129864,0,1
92,0024022.png,0.8606529991084244,0.2633539988892153,14.540010997734498,0.41325799975311384,0.06917300197528675,16.191115999390604,0,6
93,0024038.png,0.9079839983314741,0.2751159991021268,13.924082002631621,0.38712300010956824,0.07323499812628143,15.614927000569878,0,35
94,0024047.png,0.9027539999806322,0.2372919989284128,13.843147000443423,0.3608349979913328,0.06697799835819751,15.452365998498863,0,28
95,0024054.png,0.9316430005128495,0.24045000100159086,14.268188999267295,0.5901920012547635,0.07612199988216162,16.16142700004275,0,9
96,0024061.png,1.0631990007823333,0.2580920008767862,14.116633999947226,0.36392199763213284,0.0641959995846264,15.917101998638827,0,8
97,0025003.png,1.0262910000164993,0.24421499983873218,14.0760180001962,0.40810399877955206,0.07405799988191575,15.8803070007707,0,7
98,0025006.png,1.2377499988360796,0.2835099985531997,14.123422002739972,0.35809299879474565,0.06626599861192517,16.127553000842454,0,7
99,0025013.png,1.0206129991274793,0.2875139980460517,14.486542000668123,0.36485400050878525,0.06609299816773273,16.28121999965515,0,4
100,0025016.png,0.9726970019983128,0.2625559973239433,13.808245999825886,0.38565199793083593,0.07044399899314158,15.552209999441402,0,8
101,0025017.png,0.855862999742385,0.31828399733058177,14.838317001704127,0.36717400143970735,0.0700939999660477,16.495668998686597,0,12
102,0025024.png,0.998581999738235,0.29243400058476254,14.615107000281569,0.37035499917692505,0.06682900129817426,16.412934997788398,0,8
103,0025034.png,0.9255799996026326,0.2592590026324615,14.619760997447884,0.36745800025528297,0.06359599865390919,16.292382999381516,0,10
104,0026005.png,1.1274749995209277,0.25207799990312196,14.497636999294627,0.3626550023909658,0.06671899973298423,16.359547000320163,0,12
105,0026012.png,1.0645959991961718,0.2638139994814992,14.576753997971537,0.3715499988174997,0.06694699914078228,16.394782000134,0,13
106,0026013.png,1.092530001187697,0.24612699780846015,14.39925899830996,0.3562729980330914,0.06571000267285854,16.211165999266086,0,12
107,0100017.png,0.9581520025676582,0.23291800243896432,14.3729789997451,0.3818340010184329,0.06658800339209847,16.055116000643466,0,10
108,0100021.png,0.9850569986156188,0.2838200016412884,15.570928997476585,0.8280990005005151,0.1267929983441718,17.840430002252106,0,5
109,0100022.png,1.0474780028744135,0.38397499884013087,28.37107099912828,0.3665129988803528,0.0660680016153492,30.29570699800388,0,11
110,0100030.png,1.113275000534486,0.306107998767402,14.39095699970494,0.3845649989671074,0.06769199899281375,16.320246999384835,0,4
111,0100041.png,0.9608529981051106,0.24787300208117813,14.7908440012543,0.4200570001557935,0.07262100189109333,16.541496999707306,0,5
112,0100056.png,0.9993179992306978,0.262977002421394,17.148887996881967,0.717488001100719,0.11414100299589336,19.29024800119805,0,2
113,0100057.png,0.9689010003057774,0.31389499781653285,20.874504996754695,0.3676329979498405,0.06756099901394919,22.641282997938106,0,1
114,0100059.png,0.9940290001395624,0.28567900153575465,16.151519001141423,0.4534309991868213,0.08004900155356154,18.008574999839766,0,6
115,0100067.png,1.1013229996024165,0.31786800172994845,20.71301899923128,0.4900309977529105,0.11381999865989201,22.797909998189425,0,4
116,0100073.png,1.0170010027650278,0.2909789982368238,18.104377002600813,0.4691599970101379,0.07725099931121804,20.039415001519956,0,3
117,0100074.png,0.9307200016337447,0.2735090019996278,16.68437999978778,0.3680770023493096,0.06686400229227729,18.379657001787564,0,4
118,0100075.png,1.1317219978081994,0.2942989995062817,14.069117001781706,0.763893000112148,0.125790000311099,16.443770000478253,0,3
119,0100083.png,1.2098680017516017,0.37203099782345816,15.146803001698572,0.4294950012990739,0.07123499744920991,17.297383998084115,0,5
120,0101008.png,1.1162690025230404,0.2953850016638171,15.098673000466079,0.6722550024278462,0.10655799997039139,17.345117001241306,0,8
121,0101018.png,1.053416999639012,0.33998499930021353,27.45759800018277,0.37859499934711494,0.06573100108653307,29.345191000174964,0,9
122,0101020.png,1.0424059983051848,0.2315479978278745,15.245493999827886,0.5085509983473457,0.08164400060195476,17.165262997878017,0,5
123,0101022.png,1.1803249981312547,0.27805699937744066,17.65582000007271,0.40344800072489306,0.06656100231339224,19.63817399882828,0,5
124,0101032.png,0.9610750021238346,0.24809400201775134,17.025263001414714,0.51017999794567,0.09248599963029847,18.897528996603796,0,1
125,0101056.png,1.3133139982528519,0.3042230018763803,18.812371999956667,0.45013999988441356,0.08441699901595712,21.018211999034975,0,8
126,0101058.png,1.061191000189865,0.28591799855348654,15.75843399768928,0.4910479983664118,0.08786199759924784,17.746755002008285,0,3
127,0101071.png,1.1284980027994607,0.3558049975254107,17.442861997551518,0.42805699922610074,0.07617300070705824,19.484456999634858,0,2
128,0101072.png,1.1004330008290708,0.31831399974180385,16.338650002580835,0.3753340024559293,0.06917499922565185,18.26283400077955,0,4
129,0102006.png,0.9728500008350238,0.2509729965822771,14.864057000522735,0.3832239999610465,0.06576699888682924,16.60419800100499,0,1
130,0102007.png,0.9984860007534735,0.2438019982946571,15.075854000315303,0.36350500158732757,0.06459599899244495,16.78944900049828,0,4
131,0102010.png,1.061877999745775,0.2750630010268651,14.721931001986377,0.3641420007625129,0.06633600060013123,16.538207997655263,0,2
132,0102016.png,1.2510149972513318,0.39199999810080044,14.600500999222277,0.5001199970138259,0.07593499685754068,16.897140001674416,0,1
133,0102020.png,1.1782000001403503,0.3748800008906983,15.58288399974117,0.38705399856553413,0.07206100053736009,17.663609000010183,0,2
134,0102025.png,1.0554920008871704,0.26673100001062267,14.858485999866389,0.4251389982528053,0.07353399996645749,16.733550997741986,0,4
135,0102032.png,1.0494759990251623,0.2672160007932689,14.581405997887487,0.3733239973371383,0.07157600339269266,16.387793999456335,0,2
136,0102033.png,1.134477999585215,0.2599100007500965,14.14057399961166,0.37444199915626086,0.06980800026212819,16.035782002290944,0,7
137,0102040.png,1.1118950023956131,0.26969700047629885,14.862505999190034,0.4069360002176836,0.07198999810498208,16.769709000072908,0,1
138,0102041.png,1.2276720008230768,0.33832999906735495,14.514569000311894,0.37055799839436077,0.07041699791443534,16.581072999542812,0,2
139,0102050.png,1.0102910018758848,0.28860599923064,14.136693000182277,0.36021999767399393,0.06472200038842857,15.914078001515009,0,4
140,0103013.png,0.9796560007089283,0.23964100182638504,14.954712001781445,0.37300899930414744,0.06769100218662061,16.664855000271928,0,2
141,0103016.png,0.9731650025059935,0.2762949989119079,14.712997999595245,0.3828010012512095,0.06685199696221389,16.456643999845255,0,1
142,0103018.png,0.9798039973247796,0.2447259976179339,14.100651002081577,0.36234400249668397,0.06495199704659171,15.803797999978997,0,1
143,0103026.png,1.0386059984739404,0.2296960010426119,14.304632000857964,0.38170100015122443,0.07429100151057355,16.080350000265753,0,2
144,0103028.png,1.0637090017553419,0.26929800151265226,15.17655100178672,0.3618060000007972,0.07419300163746811,16.99712499976158,0,1
145,0103036.png,0.9343179990537465,0.23937999867484905,14.643958002125146,0.3616360008891206,0.0634360003459733,16.287424001347972,0,3
146,0103042.png,0.9587489985278808,0.247693998971954,14.169406000291929,0.3654219981399365,0.06744799975422211,15.860355000768322,0,1
147,0104011.png,1.0425649998069275,0.2503910000086762,14.048384000489023,0.3720109998539556,0.07604599886690266,15.846669997699792,0,4
148,0104012.png,1.0157600008824375,0.23060499734128825,14.61778900193167,0.3801520033448469,0.06559100074809976,16.357124997739447,0,3
149,0104013.png,1.247796000825474,0.4121180027141236,13.906539999879897,0.6272590035223402,0.076453998190118,16.34134800042375,0,2
150,0104016.png,0.9867720000329427,0.2995020004163962,15.842345997953089,0.7310510009119753,0.11384699973859824,18.020403000264196,0,7
151,0104020.png,0.9723309995024465,0.33445799999753945,30.4945370007772,0.7435480001731776,0.1300410003750585,32.73354300108622,0,8
152,0104040.png,1.019674997223774,0.3641119983512908,19.108103999315063,0.3539300014381297,0.06498700167867355,20.951944999978878,0,1
153,0104042.png,1.085930001863744,0.2618870021251496,14.21869900150341,0.37755000084871426,0.06369000038830563,16.057138000178384,0,1
154,0104043.png,1.0020659974543378,0.23405100000672974,15.447407997271512,0.4001460001745727,0.06676599878119305,17.201013000885723,0,1
155,0105001.png,0.9868680026556831,0.23773900102241896,14.738391997525468,0.3673489991342649,0.06457999916165136,16.435917001217604,0,2
156,0105002.png,1.0702379986469168,0.2427990002615843,14.49637399855419,0.37780500133521855,0.0645849977445323,16.304869001032785,0,9
157,0105007.png,1.2592700004461221,0.3927939978893846,15.793188998941332,0.39202200059662573,0.07371700121439062,17.994267000176478,0,5
158,0105010.png,1.0568580000835937,0.2605319969006814,13.773934999335324,0.3723580011865124,0.06936900172149763,15.587386002152925,0,4
159,0105014.png,1.060847000189824,0.24717400083318353,14.195594998454908,0.3958970009989571,0.06783299977541901,16.018772999814246,0,5
160,0105017.png,1.1429510013840627,0.2477390007697977,14.888911999150878,0.37991000135662034,0.06841199865448289,16.78293700024369,0,1
161,0105026.png,0.9950809981091879,0.24825099899317138,14.06684299945482,0.3841879988613073,0.06416600081138313,15.802560999873094,0,4
162,0105029.png,1.0433779971208423,0.302100001135841,14.073771999392193,0.37767100002383813,0.06594799924641848,15.912286999082426,0,2
163,0105034.png,1.0258539987262338,0.2518210021662526,14.24736500121071,0.4030269992654212,0.06732399924658239,16.047477998654358,0,2
164,0105040.png,1.0202599987678695,0.25080100022023544,14.116419999481877,0.2949029985757079,0.03490800008876249,15.767191998747876,0,0
165,0106006.png,1.0762950005300809,0.26283199986210093,13.900337999075418,0.3583249999792315,0.06491899694083259,15.73089000157779,0,1
166,0106007.png,0.9663450000516605,0.24204000146710314,13.659947999258293,0.3724879970832262,0.0673689974064473,15.351627000200097,0,7
167,0106008.png,0.9945599995262455,0.3038789982383605,14.44383700072649,0.39990400182432495,0.0904970002011396,16.280351002933457,0,8
168,0106012.png,1.1233110017201398,0.32688400096958503,14.639627999713412,0.3527590015437454,0.062024999351706356,16.558539002289763,0,2
169,0106014.png,1.1150089994771406,0.25224199998774566,15.058798999234568,0.36551699668052606,0.06735599890816957,16.912074002902955,0,2
170,0106016.png,1.072438000846887,0.2937220015155617,14.108952000242425,0.370542002201546,0.06410100104403682,15.963497000484494,0,2
171,0106021.png,1.0790830019686837,0.2719229996728245,13.989478000439703,0.35676200059242547,0.07117600034689531,15.814079000847414,0,3
172,0107008.png,0.9532309995847754,0.25419899975531735,14.055311999982223,0.3731910001079086,0.06642000153078698,15.751039998576744,0,3
173,0107025.png,0.9950349995051511,0.32628299959469587,14.39852899784455,0.361169997631805,0.06822200157330371,16.197867000300903,0,2
174,0107030.png,1.0483190017112065,0.24649999977555126,14.548164999723667,0.3916360001312569,0.06998599928920157,16.35801900192746,0,1
175,0108001.png,0.9320530007244088,0.24013500296860002,15.335736999986693,0.4209750004520174,0.07744500180706382,17.04881199839292,0,2
176,0108008.png,1.0918710031546652,0.4897420003544539,14.830907999566989,0.3686460004246328,0.09984600183088332,16.958408999926178,0,1
177,0108014.png,1.1383129967725836,0.37444199915626086,15.214058999845292,0.4202619966235943,0.0682400022924412,17.282578999584075,0,3
178,0108015.png,0.9460969995416235,0.24326799757545814,14.179115001752507,0.40069000169751234,0.07288000051630661,15.897813998890342,0,3
179,0108021.png,0.8813319982436951,0.245521998294862,17.149146002338966,0.7085090001055505,0.11586300024646334,19.143706998875132,0,2
180,0108023.png,0.9502089997113217,0.34120900090783834,30.741511000087485,0.694459999067476,0.11771699792006984,32.896861997869564,0,2
181,0108026.png,0.9202820001519285,0.32257700149784796,16.69469499756815,0.3932590007025283,0.08469499880447984,18.464920998667367,0,2
182,0108028.png,0.9438849992875475,0.3158090003125835,15.94587900035549,0.39334300163318403,0.0752929990994744,17.71947000088403,0,1
183,0108033.png,0.9421370014024433,0.3117259984719567,15.857005000725621,0.40768400140223093,0.07729500066488981,17.65195700136246,0,1
184,0108035.png,1.1130029997730162,0.38098199729574844,15.132960998016642,0.7457909996446688,0.12619300105143338,17.568199000379536,0,1
185,0108041.png,1.1320410012558568,0.4849190008826554,22.382326998922508,0.3538150012900587,0.06666600165772252,24.486170001182472,0,1
186,0200006.png,0.713175002601929,0.2587730014056433,14.076292998652207,0.34831300217774697,0.06566799856955186,15.50483500250266,0,4
187,0200008.png,0.9616589995857794,0.22381900271284394,13.715378001506906,0.3546560001268517,0.06315899736364372,15.368948003015248,0,1
188,0200010.png,0.8487330014759209,0.24043499797699042,13.909057001001202,0.3493850017548539,0.06265899719437584,15.46121999854222,0,6
189,0200012.png,0.7750990007480141,0.2285980008309707,14.052713999262778,0.3849400018225424,0.0678449978295248,15.549568001006264,0,2
190,0200016.png,0.734338002075674,0.2300810010638088,14.499859000352444,0.3704750015458558,0.06757699884474277,15.938549000566127,0,2
191,0200025.png,0.723963003110839,0.28891699912492186,14.763606002816232,0.383814000088023,0.06495599882327951,16.27006399940001,0,1
192,0200028.png,0.7579640005133115,0.2313859986315947,17.725581001286628,0.6363779975799844,0.10125599874299951,19.49380899895914,0,5
193,0200031.png,0.7988920006027911,0.2547650001361035,14.198787001078017,0.700217999110464,0.1478769991081208,16.144199998961994,0,1
194,0200032.png,0.9260779988835566,0.4137210016779136,31.041476999234874,0.691371998982504,0.1161619984486606,33.25090399812325,0,2
195,0200036.png,0.9677250018285122,0.3114710016234312,19.74387900190777,0.3661330010800157,0.06440200013457797,21.507731999008683,0,1
196,0201005.png,0.9388639991811942,0.2282249988638796,14.319533998786937,0.412183999287663,0.08596499901614152,16.03608999721473,0,1
197,0201007.png,0.8278880013676826,0.22965799871599302,14.484447001450462,0.36010899930261075,0.06687100176350214,16.009021001082147,0,1
198,0201019.png,0.7320299991988577,0.22731399803888053,13.710924999031704,0.3870659966196399,0.06537000081152655,15.16413100034697,0,1
199,0202003.png,0.86272200132953,0.21161200129427016,14.332497001305455,0.3685219999169931,0.06542700066347606,15.878760001214687,0,2
200,0202005.png,0.8551520004402846,0.2593099998193793,14.364031001605326,0.3866869992634747,0.06378499892889522,15.978608997102128,0,2
201,0202014.png,0.9918720024870709,0.27038400003220886,15.902494997135364,0.3625880017352756,0.06694200055790134,17.641757000092184,0,3
202,0203001.png,1.116290000936715,0.4562499998428393,30.480641002213815,0.43037700015702285,0.13334599861991592,32.69091699985438,0,2
203,0203007.png,0.9485800001129974,0.26670000079320744,14.759652000066126,0.423542001954047,0.0895770026545506,16.537886000151047,0,3
204,0203008.png,0.9029040011228062,0.32361599733121693,15.254822999850148,0.3769830000237562,0.07070399806252681,16.992674001812702,0,1
205,0203009.png,0.8322619978571311,0.2815140032907948,14.619504003348993,0.3985370021837298,0.06626699905609712,16.25324700216879,0,1
206,0203010.png,0.8356100006494671,0.323112999467412,16.880983999726595,0.7185210015450139,0.11009599984390661,18.925760999991326,0,2
207,0203012.png,0.9057489987753797,0.3381079986866098,32.98046900090412,0.6912289973115548,0.10774299880722538,35.066991000348935,1,2
208,0203015.png,0.8995179996418301,0.2988150008604862,19.698438001796603,0.39953300074557774,0.07241699859150685,21.416848001535982,0,8
209,0203016.png,0.8034639977267943,0.27482299992698245,15.676946000894532,0.5112690014357213,0.08022600013646297,17.39943999928073,0,5
210,0203020.png,0.7640709991392214,0.2946400018117856,22.820897000201512,0.48922999849310145,0.11317800090182573,24.534842999855755,0,2
211,0203021.png,0.8915940015867818,0.27066099937655963,17.340960002911743,0.44303399772616103,0.07226500019896775,19.068501998845022,0,3
212,0204002.png,0.8705580003152136,0.414130998251494,15.404345998831559,0.3851750007015653,0.09036600022227503,17.229894001502544,0,1
213,0204018.png,0.7894689988461323,0.2482880008756183,14.892166000208817,0.3847129992209375,0.06701199890812859,16.42655899922829,0,2
214,0204020.png,0.7985299998836126,0.2421240023977589,14.55931199961924,0.3872739980579354,0.06890200165798888,16.107583996927133,0,2
215,0204023.png,0.8315029990626499,0.25514699882478453,13.94567099850974,0.37880399759160355,0.06705600026180036,15.520791999733774,0,3
216,0205001.png,0.799811001343187,0.2338740014238283,14.415565001399955,0.45110200153430924,0.07242699939524755,16.013887998269638,0,2
217,0205002.png,0.8028189986362122,0.2539569977670908,14.760959998966428,0.3732590012077708,0.0714130001142621,16.316301000188105,0,1
218,0205011.png,0.7935159992484841,0.25447699954384007,14.513531001284719,0.41100399903371,0.08841500311973505,16.103417998238,0,2
219,0400002.png,0.8558289991924539,0.2748100014287047,14.393002002179855,0.3917380017810501,0.06398600089596584,16.02209200063953,0,3
220,0400024.png,0.94714499937254,0.22886999795446172,14.165901000524173,0.35938199653173797,0.06584799848496914,15.815056998690125,0,3
221,0400025.png,0.952366001001792,0.2457410009810701,16.933807997702388,0.44002700087730773,0.07500200081267394,18.696643997827778,0,1
222,0400027.png,0.9325290011474863,0.2651659997354727,15.662497000448639,0.36865699803456664,0.06626400136156008,17.345428001135588,0,6
223,0400028.png,0.9812810021685436,0.24291099907713942,14.589356997021241,0.3738529994734563,0.0686329985910561,16.308091002429137,0,2
224,0400036.png,0.9381119998579379,0.22948100013309158,13.994215998536674,0.3475960002106149,0.0646720000077039,15.624425999703817,0,2
225,0401014.png,0.8493879977322649,0.45502300054067746,14.376479997736169,0.3554579998308327,0.06325900176307186,16.152300999237923,0,8
226,0401015.png,0.8910090000426862,0.3240869991714135,14.155440996546531,0.35352800114196725,0.06560100155184045,15.845270001591416,0,1
227,0401029.png,0.9590170011506416,0.28076400121790357,14.38425299784285,0.4388150009617675,0.07203999848570675,16.189498001040192,0,1
228,0401031.png,0.9084379998967052,0.27936199694522657,13.589207999757491,0.4884430018137209,0.07706199903623201,15.385283000796335,0,2
229,0401035.png,1.0581630012893584,0.3526760010572616,14.027700999577064,0.41406499803997576,0.07289900167961605,15.97701700302423,0,1
230,0401039.png,0.9930390006047674,0.25393600299139507,14.131846000964288,0.38650699934805743,0.0680739976814948,15.895730997726787,0,2
231,0401040.png,0.9225290014001075,0.22398199871531688,13.755282998317853,0.4329429975769017,0.06991500049480237,15.449267000803957,0,2
232,0401045.png,0.9982180017686915,0.26271100068697706,14.295708999270573,0.5455879982037004,0.0849940006446559,16.239327000221238,0,1
233,0401075.png,0.9982660012610722,0.2946339991467539,21.61161600088235,0.6055589983589016,0.119574000564171,23.688224999204976,0,6
234,0402005.png,0.9970280007109977,0.3237880009692162,16.005666999262758,0.3578020005079452,0.06594400110770948,17.81626899901312,0,1
235,0402006.png,0.8541960014554206,0.23862699890742078,14.840379000816029,0.3587579994928092,0.062372000684263185,16.39841300129774,0,4
236,0402014.png,1.118925996706821,0.38321499960147776,16.22030900034588,0.4281510009604972,0.07371099854935892,18.292537999514025,0,8
237,0402017.png,0.9991100014303811,0.3308689992991276,14.767488999495981,0.37576499744318426,0.06833200313849375,16.599463000602555,0,3
238,0402018.png,0.9517359976598527,0.23397000040858984,14.115647001744946,0.4186590012977831,0.06844400195404887,15.83992299856618,0,1
239,0402019.png,0.9205239985021763,0.30019000041647814,14.225410999642918,0.44019000051775947,0.07682700015720911,16.00800600135699,0,1
240,0402022.png,0.9649179992265999,0.26265400083502755,14.468025001406204,0.4037529979541432,0.06982600098126568,16.216037001868244,0,3
241,0402023.png,0.9311789981438778,0.2329479975742288,13.903086000937037,0.3666890006570611,0.06404499799828045,15.542510998784564,0,1
242,0402028.png,0.9414439991815016,0.22694000290357508,14.997843001765432,0.38233199666137807,0.06794799992348999,16.664515998854768,0,2
243,0402032.png,0.9322590012743603,0.23082300322130322,14.108484996540938,0.3594599984353408,0.06489099905593321,15.738210000563413,0,3
244,0403009.png,0.9344210011477116,0.23584800146636553,14.08149100097944,0.3551150002749637,0.0643720013613347,15.722784002718981,0,4
245,0403012.png,0.8365030007553287,0.26053100009448826,13.750424001045758,0.4009039985248819,0.09021299774758518,15.382108998892363,0,4
246,0403017.png,0.8065280017035548,0.23573900034534745,13.805072001559893,0.3617549991759006,0.06800600021961145,15.316543998778798,0,1
247,0403020.png,0.8259179994638544,0.2312440010427963,13.659377997100819,0.3839720011455938,0.06423299782909453,15.203228002064861,0,2
248,0403023.png,0.8016170031623915,0.2246690019092057,14.229766002245015,0.4343229993537534,0.07501800064346753,15.804937000211794,0,1
249,0403030.png,0.8556360007787589,0.3164160007145256,14.49341099942103,0.3656899971247185,0.06595600279979408,16.144847999385092,0,1
250,0403032.png,0.7972559978952631,0.24267499975394458,13.493712001945823,0.38250399666139856,0.06431799920392223,15.023141000710893,0,9
251,0403035.png,0.9627309991628863,0.24549299996579066,13.779338001768338,0.3897139977198094,0.073666000389494,15.504294999118429,0,2
252,0403036.png,0.9355760012113024,0.25828599973465316,14.231961999030318,0.41521300227032043,0.06794300134060904,15.951782999763964,0,2
253,0403037.png,0.9467850031796843,0.21186300000408664,13.5811250002007,0.40406799962511286,0.0943000013648998,15.280539999366738,0,1
254,0403045.png,0.9487229981459677,0.2816639971570112,14.23412500298582,0.3857459996652324,0.06890599979669787,15.96373299980769,0,6
255,0403046.png,0.8658130027470179,0.2485410004737787,14.127133999863872,0.37054100175737403,0.06449700231314637,15.726604000519728,0,1
256,0403051.png,0.8291479971376248,0.2600779989734292,14.088783002080163,0.42440199831617065,0.07128899960662238,15.72319800106925,0,5
257,0404005.png,0.8378530001209583,0.2434820016787853,14.097347000642912,0.39620400275452994,0.0652250018902123,15.682385001127841,0,1
258,0404014.png,0.8887010008038487,0.23647099806112237,13.498660002369434,0.26112600244232453,0.02771800063783303,14.951424000173574,0,0
259,0404018.png,0.9463390015298501,0.2394460025243461,14.639180000813212,0.3768839997064788,0.07122500028344803,16.323364001436858,0,1
260,0404025.png,0.9781519984244369,0.2573509991634637,15.867464000621112,0.45520500134443864,0.07664000077056699,17.68191500013927,0,5
261,0404026.png,0.9381950003444217,0.2615949997561984,18.62346299822093,0.46196800030884333,0.07887799802119844,20.414367001649225,0,2
262,0404029.png,0.8589360004407354,0.2776929977699183,16.253243997198297,0.36281800203141756,0.06442799713113345,17.872160002298187,0,2
263,0404032.png,0.895212000614265,0.3486419991531875,14.165243999741506,0.34756500099319965,0.06378400212270208,15.864633998717181,0,3
264,0404034.png,1.040030001604464,0.385989998903824,29.55251199819031,0.6931470015842933,0.10789100269903429,31.837382000958314,0,1
265,0404043.png,1.0700070015445817,0.29427399931591935,13.934391001384938,0.4487000005610753,0.08232400068663992,15.888332000031369,0,2
266,0404044.png,1.0254959997837432,0.3166630012856331,13.834288001817185,0.38638199839624576,0.07338799696299247,15.702405999036273,0,2
267,0404049.png,0.8400480001000687,0.2692380003281869,13.97324400022626,0.4981399979442358,0.07767299757688306,15.708271999756107,0,2
268,06000003.png,0.8890210010576993,0.337749002937926,14.096111000981182,0.35808299799100496,0.06577199746971019,15.806005998456385,0,1
269,06000014.png,0.9626450009818655,0.2897420017689001,14.053246999537805,0.4105520019948017,0.0749909995647613,15.842831999179907,0,5
270,06000019.png,0.8911299992178101,0.23375500313704833,14.1524640021089,0.4029459996672813,0.07779099905746989,15.80477300012717,0,7
271,06000022.png,0.990268999885302,0.26041900127893314,14.38359500025399,0.41004700324265286,0.07254700176417828,16.160363997187233,0,2
272,06000023.png,0.959351997153135,0.25884699789457954,14.08644800176262,0.4197799971734639,0.09609900007490069,15.867206999246264,0,1
273,06000029.png,0.8735429983062204,0.2546840005379636,15.120485997613287,0.3433819983911235,0.035814999137073755,16.675083999871276,0,0
274,06000044.png,0.8732770002097823,0.3153350007778499,17.377575000864454,0.36491100036073476,0.06409400157281198,19.04995399672771,0,10
275,06000053.png,0.9465440016356297,0.2644750020408537,14.943272002710728,0.3745479989447631,0.06575099905603565,16.647249001835007,0,15
276,06000063.png,1.0503439989406615,0.23493499975302257,14.427984002395533,0.3605379970395006,0.06849100100225769,16.19228699928499,0,2
277,06000077.png,1.0552710009505972,0.2677689990377985,14.099824002187233,0.3584379992389586,0.06563799979630858,15.901847000350244,0,2
278,06000093.png,0.9725710006023291,0.2476980007486418,14.223492002201965,0.3629509992606472,0.06754199785063975,15.921477002848405,0,4
279,06000094.png,0.8927979979489464,0.240332999965176,14.232039000489749,0.36461900162976235,0.06504200064227916,15.84479899975122,0,2
280,06010001.png,0.92102700000396,0.2424200029054191,14.187516000674805,0.359795998519985,0.06507099897135049,15.825321999727748,0,3
281,06010015.png,0.8478370000375435,0.30604199855588377,27.090988001873484,0.8038099986151792,0.12134500138927251,29.214648999186466,0,4
282,06010017.png,1.0102189989993349,0.3368500001670327,30.844958000670886,0.6906590024300385,0.11105900193797424,33.04974200000288,0,2
283,06010018.png,0.9202979999827221,0.349117999576265,16.46693799921195,0.37585199970635585,0.06528499943669885,18.2268690005003,0,19
284,06010022.png,0.8586759977333713,0.26263600011589006,15.536827999312663,0.40232100218418054,0.06554100036737509,17.16668600056437,0,1
285,06010026.png,0.8912910016078968,0.27109100119560026,16.262643999652937,0.46897900028852746,0.08961500134319067,18.04146599897649,0,4
286,06010028.png,1.2114029996155296,0.4291810000722762,23.215617002279032,0.8222149990615435,0.13730099817621522,25.891886001772946,0,2
287,06010030.png,1.0492049987078644,0.5102650029584765,28.195629001857014,0.377370000933297,0.06929699884494767,30.267940997873666,0,2
288,06010032.png,1.031679999869084,0.25262300187023357,13.971143001981545,0.38956900243647397,0.06759200186934322,15.765913998620817,0,6
289,06010035.png,0.9864599996944889,0.25737599935382605,15.038563000416616,0.4048490009154193,0.07325000115088187,16.815754999697674,0,4
290,06010039.png,0.9346879996883217,0.2617520003695972,14.406483998754993,0.36676499803434126,0.06912399840075523,16.093959999125218,0,6
291,0800006.png,1.031030999001814,0.37755399898742326,16.26139099971624,0.3903959986928385,0.07019600161584094,18.18114100024104,0,4
292,0800007.png,0.8884599992597941,0.3748800008906983,14.458552999712992,0.6639800012635533,0.08884899943950586,16.523940001206938,0,6
293,0800008.png,1.0062750006909482,0.28541400024550967,15.729880000435514,0.402879999455763,0.07641900083399378,17.560487001901492,0,3
294,0800011.png,0.941234000492841,0.23272600083146244,14.037340999493608,0.36391600224305876,0.06504900011350401,15.689617001044098,0,3
295,0800012.png,0.9494990008533932,0.22842100224806927,13.86377200105926,0.36042900319444016,0.06670299990219064,15.51595699856989,0,3
296,0800018.png,0.8212629982153885,0.22874299975228496,13.368617001106031,0.3819560006377287,0.08897600127966143,14.928729997336632,0,7
297,0800019.png,0.8469509994029067,0.22552600057679228,13.531917000364047,0.4009139993286226,0.07385599747067317,15.125944999454077,0,7
298,0800026.png,0.9863179984677117,0.24999900051625445,14.135862998955417,0.36710699714603834,0.07053100125631317,15.861602998484159,0,8
299,0800029.png,1.0191260007559322,0.33797099968069233,19.014541001524776,0.32042300153989345,0.031544997909804806,20.784485001058783,0,0
300,0800034.png,0.8967530011432245,0.2772230000118725,16.165259999979753,0.3589869993447792,0.06395899981725961,17.815589002566412,0,4
301,0800037.png,0.9285609994549304,0.2691189984034281,15.512088000832591,0.35119000312988646,0.07120699956431054,17.179674996441463,0,1
302,0800041.png,0.9485859991400503,0.233315000514267,13.964375997602474,0.3616879985202104,0.06284000119194388,15.621342998201726,0,1
303,1000006.png,0.8791840009507723,0.23516500004916452,13.932270998338936,0.36397499934537336,0.06484400000772439,15.522294997936115,0,1
304,1000012.png,0.9251349983969703,0.29326700314413756,14.372895002452424,0.36006599839311093,0.06544700227095746,16.068228000222007,0,5
305,1000019.png,0.859712999954354,0.2416140014247503,13.733042000239948,0.3758019993256312,0.06523900083266199,15.316621000238229,0,3
306,1000025.png,0.8415529991907533,0.23541699920315295,14.135155000985833,0.35617200046544895,0.0663130012981128,15.681122997193597,0,4
307,1000044.png,0.917139997909544,0.22384600015357137,13.526194001315162,0.3633349988376722,0.06516299981740303,15.143714001169428,0,2
308,1000055.png,0.8419950027018785,0.2169899998989422,14.36686200031545,0.3810640009760391,0.06954700074857101,15.91499899950577,0,3
309,1119001.png,0.9452349986531772,0.2521250025893096,15.080969002156053,0.346867000189377,0.059109999710926786,16.74845799789182,0,1
310,1119004.png,0.9359599971503485,0.22418400112655945,14.175440999679267,0.3649729987955652,0.0637480006844271,15.813891997822793,0,2
311,1119014.png,0.8695690012245905,0.24439600019832142,14.471058999333763,0.3637889967649244,0.06348199895001017,16.0590970008343,0,2
312,1119017.png,0.8713880015420727,0.23706199863227084,13.698400998691795,0.389912001992343,0.06504900011350401,15.308674999687355,0,1
313,1119018.png,0.8390990005864296,0.2243449998786673,13.994639997690683,0.3701660025399178,0.06301400208030827,15.547684997727629,0,2
314,1119024.png,0.8586500007368159,0.22356800036504865,13.949134001450147,0.377562999346992,0.06657999983872287,15.515967999817804,0,1
315,1119026.png,0.8681850013090298,0.22657299996353686,23.003353002422955,0.36441200063563883,0.06569699689862318,24.568992001150036,0,1
316,1119031.png,0.9844819978752639,0.4006380004284438,27.81635700011975,0.4869900003541261,0.07951599764055572,29.834323999239132,0,6
317,1119032.png,0.8856979984557256,0.2552430014475249,15.898281999398023,0.3977369997301139,0.06708900036755949,17.55676900211256,0,2
318,1119043.png,0.8732409987715073,0.22920700212125666,15.002816999185598,0.3829140005109366,0.06957100049476139,16.598517999227624,0,2
319,1119045.png,0.851591001264751,0.2891630028898362,13.972669999930076,0.35525600105756894,0.06415600000764243,15.57936300014262,0,2
320,1120011.png,0.8821230003377423,0.22148799689603038,13.847128000634257,0.35659800050780177,0.07069099956424907,15.434885001013754,0,1
321,1120018.png,0.9125810029217973,0.2454329987813253,14.431294999667443,0.37769600021420047,0.06524099808302708,16.074368999397848,0,6
322,1120022.png,0.8925260008254554,0.2279229993291665,13.596262000646675,0.3640040013124235,0.06308600131887943,15.191542002867209,0,4
323,1120037.png,0.8827849997032899,0.22340799841913395,13.540070001909044,0.3468169998086523,0.06321399996522814,15.093542999238707,0,3
324,1120039.png,0.9111399995163083,0.2301740023540333,13.517846000468126,0.37087199962115847,0.06531300095957704,15.142283999011852,0,9
325,1120041.png,0.8838159992592409,0.24961800227174535,13.2671500032302,0.3680680019897409,0.07186799848568626,14.884845997585217,0,1
326,1120058.png,0.884003999090055,0.22771799922338687,13.470509002218023,0.36296799953561276,0.06608100011362694,15.056385000207229,0,9
327,1120060.png,0.8942610002122819,0.24881599892978556,13.894102001358988,0.35108000156469643,0.06794399814680219,15.505008999753045,0,7
328,1121006.png,1.1263729975325987,0.24826099979691207,14.213133999874117,0.44152100235805847,0.0750800027162768,16.15531100105727,0,7
329,1121013.png,0.9893030000966974,0.25118000121437944,13.940310000180034,0.4271399993740488,0.07155200000852346,15.73390500198002,0,2
330,1128020.png,0.9602710015315097,0.25017299776664004,13.890137997805141,0.3548439999576658,0.06608599869650789,15.575658002489945,0,2
331,1128029.png,0.8880009991116822,0.21865600137971342,13.472785998601466,0.3910670020559337,0.07047300096019171,15.088156000274466,0,2
332,1128049.png,0.9278690013161395,0.22665600045002066,14.255493999371538,0.38585299989790656,0.06504200064227916,15.909843998088036,0,2
333,1128051.png,0.8889029995771125,0.2313980003236793,14.18213700162596,0.37143100053071976,0.07247200119309127,15.798389998963103,0,5
334,1128054.png,0.9200099993904587,0.21554600243689492,14.210886001819745,0.4158379997534212,0.07023900252534077,15.872553001827328,0,8
335,1130007.png,1.0176090036111418,0.29137000092305243,14.967740997235524,0.41008499829331413,0.06861599831609055,16.79957899978035,0,1
336,1130014.png,0.7815299977664836,0.27380599931348115,14.356982999743195,0.3732229997694958,0.0672979986120481,15.896164000878343,0,7
337,1130021.png,0.8953529977588914,0.24889300038921647,14.510484001220902,0.38482799936900847,0.06536100045195781,16.15427899741917,0,8
338,1130023.png,0.8755960006965324,0.22849099696031772,13.647354000568157,0.35156700323568657,0.06413400114979595,15.20772599906195,0,21
339,1130024.png,0.9045859987963922,0.250853001489304,14.109391999227228,0.4261150024831295,0.06866100011393428,15.81225900008576,0,9
340,1130026.png,0.8873909973772243,0.2443650009809062,15.679404998081736,0.4097809978702571,0.07082299998728558,17.332839001028333,0,10
341,1130048.png,0.8936939993873239,0.2400209996267222,14.814007001405116,0.41174899888574146,0.0686250023136381,16.471298000396928,0,4
342,1130053.png,1.001597000140464,0.23048300135997124,14.043992003280437,0.3898959985235706,0.07761100278003141,15.799854998476803,0,4
343,1130054.png,0.9952399996109307,0.3149879994452931,15.152078001847258,0.3717540021170862,0.06734400085406378,16.965147999144392,0,1
344,1180002.png,1.0137919998669531,0.2918379977927543,31.285381002817303,0.7192670018412173,0.1082439994206652,33.47619499982102,1,8
345,1180022.png,0.839696000184631,0.3228070017939899,19.35731699995813,0.37942999915685505,0.06889900032547303,21.018087001721142,0,7
346,1180027.png,0.8560770002077334,0.24387599842157215,14.54655799898319,0.37132599754841067,0.06809999831602909,16.12819399815635,0,2
347,1180033.png,0.8939680010371376,0.24833499992382713,14.418407001357991,0.38581400076509453,0.06870699871797115,16.053807998105185,0,2
348,1180035.png,0.8912940029404126,0.23242599854711443,14.870844002871308,0.4050030001963023,0.06702699829475023,16.507034000824206,0,6
349,1180042.png,0.873827997565968,0.25466299848631024,15.07570500325528,0.3860630022245459,0.07005199950071983,16.704966001270805,0,2
350,1180045.png,0.8755430026212707,0.26150099802180193,14.663575999293244,0.4325929985498078,0.3457309976511169,16.631211001367774,0,3
351,1180047.png,1.0101439984282479,0.30072899971855804,15.844936999201309,0.44734199764207006,0.08238600275944918,17.733467000653036,0,2
352,1243003.png,0.9813110009417869,0.2574440004536882,14.238602001569234,0.38236000182223506,0.066001000959659,15.972090001014294,0,2
353,1243006.png,0.9547199988446664,0.2596509984869044,14.390602002094965,0.3662389972305391,0.06892900273669511,16.085441002360312,0,5
354,1243014.png,0.9921939999912865,0.28959599876543507,23.841480000555748,0.3889740000886377,0.0734290006221272,25.630039999668952,0,4
355,1246017.png,0.9020490033435635,0.282089997199364,14.435877001233166,0.37700699976994656,0.06775099973310716,16.119107996928506,0,1
356,1246024.png,0.9900339973683003,0.2826790005201474,14.544441000907682,0.3682850001496263,0.06763700002920814,16.31087400164688,0,1
357,1246048.png,1.0018450011557434,0.27569400117499754,21.53671099949861,0.6777580019843299,0.11173399980179965,23.65906499835546,0,2
358,1249001.png,0.9239489991159644,0.32409899722551927,15.843165998376207,0.26545800210442394,0.02955499803647399,17.4345949999406,0,0
359,1249008.png,0.990005999483401,0.36811600148212165,14.587260997359408,0.3621750001912005,0.06709900117130019,16.443320997495903,0,3
360,1249017.png,1.1838329992315266,0.416679002228193,15.294814002118073,0.5331020001904108,0.07658600225113332,17.580761999852257,0,4
361,1249027.png,0.943865001318045,0.26675900153350085,14.266955000493908,0.43061800170107745,0.07156200081226416,16.02449499841896,0,3
362,1249037.png,0.96766599745024,0.26782699933391996,14.043917999515543,0.3536260010150727,0.06555599975399673,15.770019999763463,0,2
363,1249039.png,0.938560002396116,0.2664759995241184,14.295126999058994,0.4058720005559735,0.07617900337208994,16.033345000323607,0,4
364,1249041.png,0.9802009990380611,0.26317100127926096,14.238538999052253,0.3614430024754256,0.06457400013459846,15.95934799843235,0,2
365,1249044.png,0.9051650013134349,0.24181899789255112,14.131357998849126,0.39044799996190704,0.07250199996633455,15.781925001647323,0,1
366,1249047.png,0.9757750012795441,0.33293400338152424,14.53517399932025,0.3917169997293968,0.06804099757573567,16.3545650029846,0,2
367,1249049.png,0.944100997003261,0.25295899831689894,14.168795001751278,0.3977129999839235,0.06693999966955744,15.871144998527598,0,5
368,1249057.png,0.9224530003848486,0.2501220005797222,14.442486000916688,0.48043900096672587,0.07784400077071041,16.216305000853026,0,3
369,1249058.png,0.9679499999037944,0.28552900039358065,14.380205000634305,0.37352600338635966,0.06518400186905637,16.122271001222543,0,2
370,1252020.png,0.9459500033699442,0.24260400095954537,13.744531002885196,0.3811349997704383,0.07024200021987781,15.43113300067489,0,1
371,1252023.png,0.9967240002879407,0.3117730011581443,14.134240998828318,0.28105499950470403,0.03089299934799783,15.812633999303216,0,0
372,1252036.png,0.8432979993813206,0.2571500008343719,13.857918998837704,0.38932199822738767,0.07868299871915951,15.479712998057948,0,1
373,1254012.png,1.0302030023012776,0.31860200033406727,14.41722299932735,0.40121299753081985,0.06917500286363065,16.283097997074947,0,2
374,1254021.png,0.9279629994125571,0.3468590002739802,14.70326199705596,0.3941830000258051,0.06748200030415319,16.48883300003945,0,3
375,1255001.png,0.9570039983373135,0.3359379988978617,13.878423000278417,0.35164399741915986,0.06323300112853758,15.634765000868356,0,2
376,1255003.png,0.9271829985664226,0.23757099916110747,13.714142998651369,0.3385740019439254,0.08434399933321401,15.350237001257483,0,3
377,1255009.png,0.8740599987504538,0.23885699920356274,14.143256001261761,0.2784709977277089,0.03250999725423753,15.612654999131337,0,0
378,1255010.png,1.0076210019178689,0.2917499987233896,15.3609660010261,0.3983850001532119,0.07091600127751008,17.185520999191795,0,1
379,1256006.png,1.016917001834372,0.2860630011127796,14.58085899867001,0.4497029985941481,0.08125500244204886,16.46903800065047,0,5
380,1256033.png,0.9880690013233107,0.2678090022527613,14.535485999658704,0.3827559994533658,0.06293199840001762,16.290822000883054,0,2
381,1256036.png,0.9762020017660689,0.25773300149012357,14.19304400042165,0.3884939978888724,0.0661369995214045,15.933176000544336,0,2
382,1256045.png,1.0313650018360931,0.28780899810953997,14.377679999597603,0.3921129973605275,0.0676990021020174,16.203025999857346,0,4
383,1257015.png,0.9654509995016269,0.24397300148848444,14.321201997518074,0.3724429989233613,0.06930900053703226,16.03335199979483,0,3
384,1257022.png,0.9651840009610169,0.26311599867767654,14.13163200049894,0.382709000405157,0.06557700180565007,15.859869999985676,0,3
385,1257028.png,0.8498130009684246,0.2427910003461875,23.15718200043193,0.3825429994321894,0.06508799924631603,24.747496001509717,0,1
386,1257033.png,0.9989110003516544,0.27253799999016337,14.44969700241927,0.38556499930564314,0.07054999878164381,16.2308299986762,0,5
387,1257036.png,0.8861669994075783,0.27215899899601936,14.488336000795243,0.36940899735782295,0.06847199983894825,16.126765000080923,0,2
388,1262006.png,0.9387270001752768,0.25083800210268237,15.05180499952985,0.6605139969906304,0.07377499787253328,17.025552999257343,0,3
389,1262023.png,1.0064569978567306,0.33186300061061047,15.041524002299411,0.38402900099754333,0.0662929996906314,16.88275700144004,0,2
390,1262029.png,0.9215930003847461,0.25929899857146665,14.217905998521019,0.37047899968456477,0.06582400237675756,15.884418997302419,0,1
391,1265019.png,0.9115450011449866,0.2843910006049555,13.539825999032473,0.37297900053090416,0.06710599700454623,15.225608000037028,0,4
392,1265032.png,0.9288580004067626,0.273737998213619,13.839238999935333,0.38645699896733277,0.06509400191134773,15.53619200058165,0,2
393,1265047.png,1.007659000606509,0.29149799956940114,14.569931001460645,0.3789270012930501,0.06505200144601986,16.370825997000793,0,7
394,1265049.png,0.9487909992458299,0.31935900187818334,13.980099000036716,0.37696599974879064,0.0636590011708904,15.738968999357894,0,3
395,1265063.png,0.896280998858856,0.2559989989094902,13.318771998456214,0.40178200288210064,0.06314100028248504,14.986535999923944,0,2
396,1265073.png,0.9071089989447501,0.2793669991660863,13.63888200285146,0.3788350004469976,0.06284199844230898,15.307632998883491,0,1
397,1265075.png,0.9456080006202683,0.28169399956823327,13.430707000225084,0.3632650004874449,0.06354099969030358,15.133821998460917,0,1
398,1265085.png,0.9200899985444266,0.2583659988886211,13.544166002247948,0.38098400182207115,0.07422399721690454,15.21808500183397,0,1
399,1265086.png,0.9465309994993731,0.27831400075228885,13.586244996986352,0.35414600279182196,0.06241200026124716,15.277390000846935,0,4
400,1265094.png,0.8989979978650808,0.22799100042902865,13.959284999145893,0.3840729987132363,0.06361499981721863,15.581763000227511,0,11
401,1265096.png,0.9158389984804671,0.29014100073254667,29.964771998493234,0.6952849980734754,0.11966300007770769,32.03475900227204,0,3
402,1265097.png,0.9514379999018274,0.3442169982008636,24.3539699986286,0.3901309974025935,0.08865199924912304,26.189670999883674,0,3
403,1265099.png,0.9901659977913368,0.32808200194267556,14.49094399868045,0.37422899913508445,0.06612400102312677,16.297941001539584,0,1
404,1265104.png,0.810868001281051,0.26361499840277247,17.321703002380673,0.43128299876116216,0.07457399988197722,18.944816001749132,0,1
405,1265109.png,0.9188219992211089,0.31418499929714017,20.731740001792787,0.4905320020043291,0.08223999975598417,22.581232002266916,0,2
406,1266007.png,1.013525001326343,0.44759899901691824,17.75220999843441,0.3662000017357059,0.061675997130805627,19.698934996995376,0,4
407,1266016.png,1.0374470002716407,0.24388599922531284,14.811205997830257,0.5834650000906549,0.07218300015665591,16.800691999378614,0,2
408,1266024.png,1.02538500141236,0.317813999572536,14.08166699911817,0.37907100340817124,0.06351399861159734,15.924724000797141,0,1
409,1266032.png,0.8990310016088188,0.2794939973682631,14.278015998570481,0.39613099943380803,0.0658229982946068,15.967141000146512,0,4
410,1266033.png,0.8704929969098885,0.27363199842511676,13.781215002381941,0.3495800010568928,0.05972099825157784,15.375943999970332,0,7
411,1266044.png,1.0170690002269112,0.25020999964908697,13.663363999512512,0.366505999409128,0.064594998548273,15.412235999974655,0,9
412,1266049.png,0.9912589994200971,0.2718299983826,15.153898999415105,0.37828900167369284,0.09959199815057218,16.94743199914228,0,4
413,1266056.png,0.875879999512108,0.2921859995694831,15.544634999969276,0.3651229999377392,0.061956001445651054,17.187091001687804,0,1
414,1266060.png,0.8921930020733271,0.28415900305844843,14.407729999220464,0.36787299904972315,0.06531300095957704,16.062050002801698,0,2
415,1267001.png,1.0956779988191556,0.3021989978151396,15.893195999524323,0.372152997442754,0.07177100269473158,17.796896001527784,0,6
416,1267006.png,0.8908459967642557,0.2988950000144541,15.516456001932966,0.3971309997723438,0.0682339996274095,17.229303000931395,0,9
417,1267009.png,1.1780870008806232,0.3399950001039542,15.99373999852105,0.4240609996486455,0.09536600191495381,18.088580000039656,0,3
418,1267017.png,0.949853998463368,0.2850460004992783,14.077900999836856,0.3565680017345585,0.06272999962675385,15.776321000885218,0,2
419,1267037.png,0.8293120008602273,0.2597310012788512,13.642172998515889,0.3622639997047372,0.06561999907717109,15.213169001071947,0,4
420,1267063.png,1.1157810004078783,0.296539998089429,13.996846002555685,0.3851849978673272,0.08190999869839288,15.937952997774119,0,3
421,1267072.png,1.0536480003793258,0.2521269998396747,13.875893000658834,0.3659270005300641,0.06714900155202486,15.662784997402923,0,8
422,1267090.png,0.9373920001962688,0.28115699751651846,13.921089997893432,0.35986999864690006,0.06552999911946245,15.619050998793682,0,2
423,1267112.png,1.036598998325644,0.25013100093929097,14.322453000204405,0.40310300028068013,0.06741900142515078,16.13129300312721,0,6
424,1267114.png,1.0959059982269537,0.27150599999004044,14.11698000083561,0.397011997847585,0.06588700125575997,15.991791999113047,0,8
425,1267120.png,1.0302249975211453,0.2779580026981421,13.754297997365938,0.39988799835555255,0.06687899804092012,15.573700999084394,0,7
426,1267122.png,1.0868419994949363,0.25807500060182065,14.504014001431642,0.384161998226773,0.06833099905634299,16.355358002329012,0,1
427,1270003.png,0.8281480004370678,0.2650099995662458,15.086888000951149,0.4177189985057339,0.08232900290749967,16.724855999200372,0,2
428,1270005.png,1.0858079986064695,0.2676370022527408,14.385979000508087,0.36822800029767677,0.06109199966886081,16.221748002863023,0,5
429,1270014.png,0.8705119980731979,0.2604280016385019,15.003766999143409,0.3655660002550576,0.06457299969042651,16.617455999949016,0,3
430,1270017.png,0.8128190020215698,0.2462660013407003,14.873928001179593,0.3798770012508612,0.06657300036749803,16.421566000644816,0,1
431,1270019.png,0.8543339972675312,0.24794400087557733,15.023296000435948,0.37979500120854937,0.06825500167906284,16.620895999949425,0,2
432,1270034.png,0.8191269989765715,0.2640370003064163,14.523929999995744,0.3926149984181393,0.06661600127699785,16.106718001537956,0,3
433,1270043.png,0.8367110021936242,0.25921400083461776,14.762563001568196,0.35863800076185726,0.0836689978314098,16.34981700044591,0,6
434,1270056.png,0.8487839986628387,0.23966899971128441,14.717840000230353,0.42146600026171654,0.07420199835905805,16.34483499947237,0,2
435,1270059.png,0.823835998744471,0.26340800104662776,14.422388001548825,0.39854900023783557,0.09847299952525645,16.05139100138331,0,7
436,1270062.png,0.7907139988674317,0.2403170001343824,14.987663998908829,0.38632500218227506,0.08071200136328116,16.53106799858506,0,8
437,1270063.png,0.810028999694623,0.4501129988057073,15.120484000362922,0.43163500231457874,0.07209700197563507,16.97706999766524,0,3
438,1270072.png,1.0184999991906807,0.2961249992949888,14.71361099902424,0.39182000182336196,0.06415000098058954,16.543457997613586,0,4
439,1270083.png,0.7700780006416608,0.2548990014474839,14.21098400169285,0.42897499952232465,0.07435500083374791,15.778371998749208,0,6
440,1270090.png,0.8223949989769608,0.39533499875687994,14.08182500017574,0.3817020005953964,0.08881599933374673,15.813047997653484,0,8
441,1270100.png,0.8081470004981384,0.23570499979541637,14.45100799901411,0.4138570002396591,0.06805299926782027,16.017394002119545,0,2
442,1274019.png,0.9665030011092313,0.2759179988061078,14.852971999061992,0.39261799975065514,0.07012600326561369,16.60878400070942,0,3
443,1274026.png,0.9216889993695077,0.27783200130215846,14.605396998376818,0.3981730005762074,0.069017998612253,16.349155001080362,0,2
444,1274034.png,0.9956680005416274,0.2836169987858739,14.15576499857707,0.37843300015083514,0.06454100002883933,15.936257001158083,0,5
445,1274043.png,1.0299499990651384,0.27137299912283197,14.25899699825095,0.3526660002535209,0.06425699757528491,16.03167700159247,0,1
446,1274044.png,0.9936289970937651,0.2403350008535199,14.375026999914553,0.39147699862951413,0.06650199793512002,16.11652399878949,0,3
447,1276002.png,0.8733780014154036,0.2995469985762611,14.13431900073192,0.3585659978853073,0.06248400313779712,15.781981001055101,0,2
448,1276004.png,0.8795920002739877,0.30109599902061746,14.597762001358205,0.36172999898553826,0.06367800233419985,16.257080998911988,0,2
449,1276007.png,0.7559039986517746,0.23167600011220202,14.02604400209384,0.3905119992850814,0.07017300231382251,15.514613998675486,0,2
450,1276009.png,0.7583869992231485,0.2475359979143832,14.435054999921704,0.37942599738016725,0.06624100205954164,15.928343000268796,0,2
451,1276015.png,0.8065849979175255,0.2566619987192098,14.31650100130355,0.39599999945494346,0.06286400093813427,15.878307000093628,0,5
452,1276020.png,0.8942120002757292,0.24981300157378428,14.75250200019218,0.3655199980130419,0.06120000034570694,16.366170999390306,0,2
453,1276025.png,0.8363650013052393,0.2596399972389918,14.655723000032594,0.35727399881579913,0.06416900214389898,16.223590999288717,0,4
454,1276027.png,0.8752009998715948,0.2504959993530065,14.674705002107657,0.38235800093389116,0.06667499837931246,16.302643998642452,0,3
455,1276029.png,0.8399189973715693,0.2466850019118283,14.772214999538846,0.3779220023716334,0.06621499778702855,16.345264000847237,0,2
456,1276036.png,0.8674819982843474,0.2503789983165916,14.657793999504065,0.40791699939290993,0.07007100066402927,16.304895998473512,0,1
457,1276042.png,0.762633000704227,0.26133500068681315,14.245730002585333,0.35763900086749345,0.058845998864853755,15.730133996839868,0,1
458,1281002.png,0.777695000579115,0.23497499933000654,14.763275001314469,0.39497099714935757,0.062215000070864335,16.280802999972366,0,16
459,1281012.png,0.8156999974744394,0.23817699911887757,22.869098997034598,0.36283000008552335,0.06350199691951275,24.39881600002991,0,2
460,1281015.png,0.853231998917181,0.2733920009632129,15.483613999094814,0.37689099917770363,0.06724299964844249,17.105258000810863,0,1
461,1281016.png,0.820443998236442,0.23811500068404712,15.344196999649284,0.38156799928401597,0.0701870012562722,16.894985998078482,0,3
462,1281020.png,0.8431389978795778,0.27397799931350164,14.003170999785652,0.3998750034952536,0.06627399852732196,15.638741999282502,0,2
463,1281023.png,0.7775490012136288,0.2706949999264907,14.077716001338558,0.4427979984029662,0.06881199806230143,15.681865999795264,0,2
464,1281028.png,0.9349920001113787,0.24733700047363527,14.790430999710225,0.39591300082975067,0.06516700159409083,16.50442200116231,0,7
465,1281029.png,0.8293699975183699,0.2973949995066505,14.89258199944743,0.3520460013533011,0.05925699952058494,16.4732399971399,0,1
466,1281032.png,0.8842539973556995,0.28899199969600886,13.874625001335517,0.36370299858390354,0.05713900100090541,15.523867998126661,0,3
467,1281038.png,0.8361219988728408,0.2546360010455828,14.106610000453657,0.3664760006358847,0.08536099994671531,15.698146999056917,0,8
468,1281041.png,0.7872220012359321,0.245635997998761,14.348877000884386,0.358729997969931,0.06579500040970743,15.847025999391917,0,1
469,1281051.png,0.7225730005302466,0.24881500212359242,14.837316997727612,0.36277099934522994,0.06048900104360655,16.27204000033089,0,2
470,1283007.png,1.0403279993624892,0.5891460023121908,22.18755899957614,0.3872939996654168,0.06415100142476149,24.403632000030484,0,2
471,1283008.png,0.8863980001478922,0.24527400091756135,15.35985000009532,0.3640469985839445,0.0670019981043879,16.964566999376984,0,3
472,1283020.png,0.8381910010939464,0.2570270007709041,19.470103001367534,0.7013499998720363,0.16016000154195353,21.48016199862468,0,1
473,1283028.png,0.9655980029492639,0.33987400092883036,14.855687000817852,0.4494120003073476,0.0725110003259033,16.727591002563713,0,2
474,1283029.png,0.8843029972922523,0.3013040004589129,18.623375999595737,0.46838300113449804,0.07752599776722491,20.405693001521286,0,1
475,1283035.png,0.964307997492142,0.29708800138905644,18.59262699872488,0.452446001872886,0.0735930007067509,20.43594499991741,0,1
476,1283042.png,0.9038839998538606,0.28189399745315313,19.08772499882616,0.5488259994308464,0.10973099779221229,20.981707002647454,0,1
477,1283045.png,1.0501309989194851,0.27615199724095874,21.005784001317807,0.40285200157086365,0.07481500142603181,22.86334599921247,0,4
478,1283046.png,0.9411570026713889,0.2445070022076834,14.518890999170253,0.4438190007931553,0.0680090015521273,16.259187999821734,0,2
479,1283051.png,0.943904000450857,0.23782399875926785,14.033185001608217,0.3598399998736568,0.06636699981754646,15.683837998949457,0,2
480,1283052.png,0.9700499977043364,0.24983299954328686,14.256118996854639,0.37211399830994196,0.06342299820971675,15.961408000293886,0,4
481,1290007.png,0.9892659982142504,0.24351399770239368,14.0128029997868,0.3670490004878957,0.1308250029978808,15.787903001182713,0,2
482,1290009.png,1.047162000759272,0.2701500015973579,14.509723001538077,0.3634450004028622,0.08842899842420593,16.329900001437636,0,2
483,1292003.png,0.955878000240773,0.2726969978539273,14.207214000634849,0.36427499799174257,0.06897500134073198,15.913377999822842,0,2
484,1292004.png,0.9028959975694306,0.25705799998831935,14.677043000119738,0.37796099786646664,0.06661400038865395,16.334791002009297,0,3
485,1292011.png,1.0180050012422726,0.27748900174628943,13.838308001140831,0.3581119999580551,0.06442299854825251,15.609309000865323,0,3
486,1292019.png,0.8935160003602505,0.24429599943687208,13.883429000998149,0.34424400291754864,0.059453999710967764,15.477630000532372,0,10
487,1294008.png,0.9689859980426263,0.24908900013542734,13.490700999682304,0.35042599847656675,0.06158099859021604,15.169443999184296,0,2
488,1294013.png,1.0246089987049345,0.23944900021888316,13.780924997263355,0.3668610006570816,0.07919099880382419,15.53847300237976,0,3
489,1294017.png,0.9609520020603668,0.24948899954324588,13.290929000504548,0.3951599974243436,0.06806700184824876,15.014919998066034,0,2
490,1294019.png,0.9715930027596187,0.2660179998201784,14.074427999730688,0.36742899828823283,0.08768599946051836,15.816531999007566,0,1
491,1295010.png,0.9323259982920717,0.2454189998388756,14.684847999888007,0.3633980013546534,0.06438199852709658,16.337815002771094,0,2
492,1295011.png,0.8721419981156942,0.23508700178354047,14.446735996898497,0.3733750018000137,0.06737600051565096,16.04219699947862,0,5
493,1296006.png,0.8779160016274545,0.2445780010020826,14.00198199917213,0.3714019985636696,0.06546499935211614,15.611599999829195,0,5
494,1296008.png,0.9378699978697114,0.2594819998193998,14.182902999891667,0.3602270007831976,0.05982899892842397,15.84537599774194,0,5
495,1296009.png,0.9099400012928527,0.23075499848346226,13.732504998188233,0.36260299748391844,0.05918500028201379,15.344806997745764,0,3
496,1296015.png,0.807052001619013,0.240404002397554,13.58264200098347,0.38484000106109306,0.06066700007067993,15.119800002139527,0,1
497,1296025.png,0.7964110009197611,0.26408899793750606,14.154628999676788,0.4004599977633916,0.06532400220748968,15.732486001070356,0,6
498,1296027.png,0.7983100003912114,0.2304070003447123,14.779970999370562,0.3731380020326469,0.06207400292623788,16.28082400202402,0,2
499,1296029.png,0.795885000115959,0.24057400150923058,16.75980399886612,0.43796300087706186,0.07027299943729304,18.34811599837849,0,3
500,1296030.png,0.8522209973307326,0.2608459981274791,14.031167000212008,0.36513599843601696,0.06680800288449973,15.62585899955593,0,7
501,1297013.png,0.8137190015986562,0.34559200139483437,14.56907399915508,0.4820379981538281,0.08673400225234218,16.358977001800667,0,4
502,1297032.png,0.8480529977532569,0.5214609991526231,14.756277003471041,0.3897179994964972,0.06730099994456396,16.62647999910405,0,3
503,1298006.png,0.9142849994532298,0.29251500018290244,14.431940002396004,0.3796139972109813,0.07101300070644356,16.1307050002506,0,3
504,1298007.png,0.9459369975957088,0.26150700068683363,16.052009003033163,0.39317499977187254,0.07071499931043945,17.775683001673315,0,7
505,1298016.png,0.9554270000080578,0.3160939995723311,14.63835799950175,0.3968800010625273,0.07005900260992348,16.435284000181127,0,2
506,1298029.png,0.9062530007213354,0.25469300089753233,14.305393997346982,0.43993199869873933,0.0753759995859582,16.02441900104168,0,2
507,1298031.png,0.9219690000463743,0.27055600003222935,14.406266000150936,0.4425749975780491,0.07803100015735254,16.1668760010798,0,6
508,1298035.png,0.8927689996198751,0.2714510010264348,15.127418999327347,0.36793999970541336,0.11393300155759789,16.817924999486422,0,2
509,1298050.png,0.8855769992806017,0.24204900182667188,14.398785999219399,0.3877500021189917,0.06660399958491325,16.02208600161248,0,2
510,1301002.png,0.9285810010624118,0.2693880014703609,14.149889997497667,0.36609200105885975,0.060726000810973346,15.82936400154722,0,4
511,1301014.png,0.8517950009263586,0.2657049990375526,13.864011998521164,0.3668870012916159,0.06722000034642406,15.468785000848584,0,1
512,1301016.png,0.8470590000797529,0.28379100331221707,15.023339001345448,0.404555001296103,0.07434600047417916,16.67541500137304,0,1
513,1302008.png,0.8158540003933012,0.2752330001385417,14.239696000004187,0.2615490011521615,0.029361002816585824,15.667971998482244,0,0
514,1302020.png,0.8894659986253828,0.27624500216916203,13.906338001106633,0.36463500146055594,0.06608699914067984,15.554286001133732,0,4
515,1302033.png,0.8062689994403627,0.2621870007715188,15.23344900124357,0.3725850001501385,0.06510800085379742,16.79756500016083,0,1
516,1302038.png,0.890109997271793,0.24417399981757626,14.2190139995364,0.39056600144249387,0.06694100011372939,15.855015997658484,0,2
517,1303009.png,0.8918570019886829,0.23505599892814644,14.006377998157404,0.38067799687269144,0.06811899947933853,15.624288000253728,0,5
518,1303010.png,0.9030190012708772,0.23762099954183213,14.503882001008606,0.38398300239350647,0.06332399789243937,16.142194999702042,0,1
519,1303012.png,0.8782980003161356,0.23494000197388232,14.655128001322737,0.5759150008088909,0.07399099922622554,16.46032099961303,0,4
520,1303013.png,0.9332909976365045,0.24555799973313697,14.1419580031652,0.34996400063391775,0.06895099795656279,15.790795001521474,0,7
521,1303019.png,0.9745579991431441,0.24448799740639515,18.112230998667656,0.542165002116235,0.08802800221019424,20.017277001898037,0,4
522,1303021.png,1.0458720025781076,0.2835569976014085,17.448188998969272,0.4292560006433632,0.07795800047460943,19.338950998644577,0,3
523,1303023.png,0.950157998886425,0.3060870003537275,17.48939400204108,0.42739400305435993,0.07558499783044681,19.303088000015123,0,4
524,1303029.png,0.878740000189282,0.2755089990387205,15.420403000462102,0.37354400046751834,0.07867800013627857,17.070726997189922,0,1
525,1303035.png,0.9791339980438352,0.27043199952458963,14.447253000980709,0.36585699854185805,0.06488500002888031,16.18207300271024,0,1
526,1304005.png,0.8648459988762625,0.23500500174122863,13.915446997998515,0.38565200156881474,0.06325000140350312,15.509412998653715,0,4
527,1304009.png,0.8308819997182582,0.2339689999644179,13.649141001224052,0.36090100184082985,0.06548400051542558,15.178883000771748,0,1
528,1304010.png,0.8760999990045093,0.2621059975354001,14.843485998426331,0.36520900175673887,0.06315099744824693,16.458589998364914,0,15
529,1304014.png,0.8974339980341028,0.23359300030278973,15.050154997879872,0.3848529995593708,0.06187300095916726,16.67398800054798,0,6
530,1304018.png,0.9718090004753321,0.2670780013431795,13.913142996898387,0.36759100112249143,0.06033099998603575,15.63871699909214,0,2
531,1304025.png,0.85582699830411,0.24111599850584753,15.443496002262691,0.37421099841594696,0.06581200068467297,17.020672999933595,0,2
532,1304028.png,0.8406749984715134,0.3634849999798462,14.672099998279009,0.344197000231361,0.0613390002399683,16.343866001989227,0,1
533,1305001.jpg,1.2017500012007076,0.4592259974742774,14.647945001343032,0.5268969980534166,0.07503300003008917,16.982367997115944,0,7
534,1305002.jpg,0.9770950018719304,0.26385300225229,14.525561000482412,0.5634910012304317,0.07697799810557626,16.457292000268353,0,3
535,1305003.jpg,0.9588060020178091,0.25928700051736087,14.32588600073359,0.3667439996206667,0.0641209990135394,16.023399999539834,0,5
536,1305005.jpg,1.0296539985574782,0.2544309973018244,14.226880000933306,0.39863399797468446,0.06833500083303079,16.026845001761103,0,8
537,1305009.jpg,1.0355480008001905,0.32490299781784415,14.691589996800758,0.4136909992666915,0.0725840000086464,16.588045000389684,0,4
538,1305012.jpg,0.92876599956071,0.26742800037027337,22.668916997645283,0.69483900006162,0.10876099986489862,24.720697998418473,0,18
539,1305014.jpg,1.0492379988136236,0.386333998903865,20.903868000459624,0.4121919992030598,0.07240500053740107,22.87815999807208,0,5
540,1305016.jpg,1.0122849998879246,0.2507190001779236,14.614360999985365,0.4050639981869608,0.07736400220892392,16.41215400013607,0,4
541,1307005.png,0.9467149975534994,0.25251700208173133,13.812123997922754,0.34381099976599216,0.0623460000497289,15.4636590013979,0,2
542,1307007.png,1.0080200008815154,0.2445840000291355,14.098527000896866,0.37053300184197724,0.06940399907762185,15.838642000744585,0,4
543,1307012.png,0.8883949994924478,0.275869999313727,14.013224001246272,0.37191299998085015,0.06317199949990027,15.656867999496171,0,2
544,1307018.png,0.9689610014902428,0.2436260001559276,14.255656002205797,0.371079000615282,0.06696999844280072,15.951388999383198,0,2
545,1307047.png,0.9658539966039825,0.2461259973642882,13.68056299907039,0.3530249996401835,0.06327899973257445,15.358691001893021,0,1
546,1309001.png,0.9913700014294591,0.26559199977782555,20.145251000940334,0.30372399851330556,0.02915499862865545,21.789866001199698,0,0
547,1309005.png,0.8744570004637353,0.2594190009403974,17.345956002827734,0.37313700158847496,0.06708099681418389,18.969777000165777,0,1
548,1309022.png,0.8976360004453454,0.2514669977244921,14.190238998708082,0.41199399856850505,0.06995999865466729,15.871449002588633,0,3
549,1309025.png,0.9010599969769828,0.24669599952176213,13.55110399890691,0.5369610007619485,0.07069799903547391,15.357004998804769,0,2
550,1309033.png,0.9450610014027916,0.2651799986779224,13.774810002360027,0.5368840029404964,0.09555700307828374,15.66078000178095,0,4
551,1309037.png,1.0635250000632368,0.4327470014686696,14.719834998686565,0.4162479999649804,0.0717250004527159,16.75864600110799,0,5
552,1310005.png,0.9529700000712182,0.31285400109482,14.6302140019543,0.4094119976798538,0.07130800076993182,16.451579998829402,0,11
553,1310014.png,0.9017529991979245,0.2534179984650109,14.3157610000344,0.3945829994336236,0.06458500138251111,15.970366999681573,0,4
554,1310016.png,0.7921930009615608,0.2577179984655231,16.85601400095038,0.40702800106373616,0.06857500193291344,18.42325499819708,0,3
555,1310017.png,0.8466189974569716,0.26283600163878873,14.350167002703529,0.35816999661619775,0.06455499897128902,15.93494799817563,0,2
556,1310023.png,0.8478260024276096,0.25355700199725106,14.66604099914548,0.38268999924184754,0.06760099859093316,16.267910999886226,0,10
557,1310024.png,0.8306400013680104,0.26259100195602514,14.646850002463907,0.36987500061513856,0.06609599950024858,16.21794699894963,0,1
558,1311009.png,0.8751990026212297,0.2580170003056992,14.701724998303689,0.38187100290087983,0.06806699821026996,16.336355998646468,0,1
559,1312022.png,0.9876440017251298,0.2335820026928559,15.27441500002169,0.4226830023981165,0.06778500028303824,17.0419319983921,0,1
560,1312023.png,1.4354869999806397,0.27546099954633974,14.608998000767315,0.35742999898502603,0.06434500028262846,16.795797997474438,0,3
561,1312024.png,0.9892010020848829,0.26227100170217454,14.176902001054259,0.36661700141848996,0.06421299985959195,15.901324997685151,0,1
562,1312027.png,0.9138389978033956,0.22741900102118962,13.71729799939203,0.3566960003809072,0.061904000176582485,15.321123999456177,0,1
563,1312028.png,0.9733910010254476,0.23621700165676884,14.46298000155366,0.37513499773922376,0.06402799772331491,16.161290001036832,0,2
564,1312031.png,1.0220279982604552,0.25800399816944264,14.001273997564567,0.3604689991334453,0.06433700036723167,15.757790999487042,0,1
565,1313011.png,0.9679880022304133,0.24275100076920353,13.782239002466667,0.3550750006979797,0.06381799903465435,15.461201997823082,0,1
566,1313012.png,0.9242980013368651,0.26354800138506107,13.607426000817213,0.35564100107876584,0.08245999924838543,15.276924001227599,0,2
567,1313026.png,0.8735709998290986,0.25146400002995506,13.589690999651793,0.3507190012896899,0.0624149979557842,15.194414001598489,0,4
568,1313027.png,0.8421660022577271,0.24347500220756046,14.091692999500083,0.3956789987569209,0.08634999903733842,15.699985000537708,0,8
569,1313029.png,0.9157000022241846,0.2672199989319779,13.797185001749313,0.35806000232696533,0.06719199882354587,15.458300000318559,0,3
570,1313030.png,0.86784099767101,0.2515939995646477,14.24326099731843,0.5504569999175146,0.08260899994638748,16.047996999986935,0,1
571,1313032.png,0.9099530034291092,0.36347200148156844,15.18995799779077,0.4012630015495233,0.09347000013804063,17.01380899976357,0,5
572,1313041.png,0.986266000836622,0.30654800139018334,15.830100001039682,0.4115879964956548,0.07021200144663453,17.658017997746356,0,1
573,1313043.png,0.9770229989953805,0.25863399787340313,13.778221000393387,0.37247000000206754,0.07241699859150685,15.511443998548202,0,1
574,1313047.png,0.9789130017452408,0.406841001677094,15.468585999769857,0.4063599990331568,0.07061099677230231,17.386818002705695,0,3
575,1314002.png,0.9898360003717244,0.27251099891145714,14.41478500055382,0.35797099917544983,0.05936700108577497,16.147974001796683,0,2
576,1314003.png,1.1506850023579318,0.5368780002754647,13.90400300078909,0.390606997825671,0.0637339981039986,16.1014420009451,0,2
577,1314006.png,1.0141149978153408,0.24645099983899854,14.164365999022266,0.4096730008313898,0.06869700155220926,15.944216000207234,0,4
578,1314008.png,1.0335959996154997,0.27333400066709146,14.575642002455425,0.38168500032043085,0.06711799869663082,16.3748859995394,0,2
579,1314014.png,0.9306050014856737,0.2557059997343458,14.247219998651417,0.36509499841486104,0.0638130004517734,15.911918002530001,0,1
580,1314017.png,0.887510999746155,0.25815200206125155,14.453019000939094,0.3968860000895802,0.06826000026194379,16.119825002533616,0,3
581,1314020.png,0.9296980024373624,0.25899899992509745,14.365349001309369,0.3755529978661798,0.06462999954237603,16.04760799818905,0,1
582,1314022.png,0.9813360011321492,0.2761089999694377,15.031479000754189,0.3949550009565428,0.06789399776607752,16.806193998490926,0,4
583,1314024.png,0.9556139993946999,0.25084400112973526,14.280126997618936,0.37836800038348883,0.06882999878143892,15.988323000783566,0,13
584,1314027.png,1.1078280003857799,0.2604590008559171,14.557880000211298,0.3911659987352323,0.08741599958739243,16.48385299995425,0,2
585,1314031.png,1.2457699995138682,0.375881001673406,15.457047000381863,0.38900300205568783,0.06959099846426398,17.593839998880867,0,4
586,1314038.png,0.9853789997578133,0.2506019991415087,14.188167999236612,0.36656199881690554,0.06743700214428827,15.908814999420429,0,1
587,1314043.png,1.00212500183261,0.2626819987199269,14.084744998399401,0.3775100012717303,0.07213299977593124,15.855041998293018,0,2
588,1314044.png,0.9846520006249193,0.26041100136353634,14.32557099906262,0.371729998732917,0.0709630003257189,16.063144998042844,0,1
589,1314051.png,1.0107289999723434,0.2574099999037571,14.249470998038305,0.39153599936980754,0.06651500007137656,16.04138099719421,0,4
590,1314054.png,1.017530001263367,0.26618599804351106,13.705068002309417,0.37881200114497915,0.06766099977539852,15.484989999094978,0,5
591,1314057.png,1.001712997094728,0.2658769990375731,14.103866000368726,0.35863399898516946,0.06440200013457797,15.844732999539701,0,1
592,1315003.png,1.125741000578273,0.3120580004178919,14.069988999835914,0.3602859978855122,0.06534299973282032,15.984268000465818,0,8
593,1315020.png,1.032369997119531,0.2478460010024719,14.602680999814766,0.422057000832865,0.12309500016272068,16.480557998875156,0,7
594,1315052.png,1.092077000066638,0.34831499942811206,14.16219699967769,0.3623729971877765,0.06597700121346861,16.085833001852734,0,2
595,1315054.png,1.0854180000023916,0.23794599837856367,14.964434998546494,0.3826020001724828,0.06949399903533049,16.79242099999101,0,2
596,13160014.png,0.9544559979985934,0.26328500098316,14.066048999666236,0.45814899931428954,0.07245400047395378,15.858138001931366,0,7
597,13160020.png,0.9725570016598795,0.23917500220704824,13.681534997886047,0.38101600148365833,0.06460800068452954,15.392518998851301,0,5
598,13160024.png,0.9755869978107512,0.2636239987623412,14.381163000507513,0.35981299879495054,0.06436999683501199,16.086449999420438,0,4
599,13160028.png,0.814643000921933,0.3068189980695024,14.201693000359228,0.37461600004462525,0.06565900184796192,15.80832199761062,0,2
600,13160030.png,0.9038730022439267,0.24842700076987967,13.946100996690802,0.3674990002764389,0.06425000174203888,15.57915699959267,0,10
601,13160037.png,1.0392160002083983,0.3143210014968645,15.370500001154142,0.46720399768673815,0.08018799780984409,17.32457400066778,0,4
602,13160038.png,0.9673489985289052,0.2631580027809832,14.25870599996415,0.41851000059978105,0.08543099829694256,16.05514699986088,0,8
603,13160042.png,0.9550309987389483,0.2604769979370758,14.412017997528892,0.3822369981207885,0.07364900011452846,16.133298999193357,0,3
604,13160044.png,0.9223630004271399,0.25508000180707313,14.303244999609888,0.382100999559043,0.06696399941574782,15.970298001775518,0,4
605,13160046.png,0.9109899983741343,0.24811699768179096,14.511074998154072,0.4067979971296154,0.07046199971227907,16.189767000469146,0,6
606,13160048.png,0.8488429994031321,0.23964799765963107,14.153616000839975,0.3816560019913595,0.0687020001350902,15.733780001028208,0,5
607,1317006.png,0.8161590012605302,0.2691059999051504,14.084542002819944,0.36618100057239644,0.06828199911979027,15.650436998839723,0,6
608,1317008.png,0.8036500003072433,0.2534399973228574,14.460635000432376,0.3829300003417302,0.0668540014885366,16.008711001632037,0,1
609,1318018.png,0.884039000084158,0.27220099946134724,14.727884998137597,0.35632200160762295,0.06547900193254463,16.356495001673466,0,2
610,1318025.png,0.9099189992411993,0.27180199685972184,14.51163699675817,0.3775080003833864,0.07050799831631593,16.194698997423984,0,4
611,1319010.png,0.8997779987112153,0.2510590020392556,13.836310998158297,0.3601060016080737,0.06363600186887197,15.463520998309832,0,6
612,1319011.png,0.9141890004684683,0.26408099802210927,14.099644002271816,0.35608499820227735,0.0636529985058587,15.740961000119569,0,2
613,1319021.png,0.8858670007612091,0.2409490007266868,13.474598999891896,0.4025800008093938,0.06729500091751106,15.119120998861035,0,16
614,1319024.png,0.8807550002529752,0.23904300178401172,14.294411997980205,0.3718150001077447,0.06766699880245142,15.894256001047324,0,4
615,1319029.png,0.9212619988829829,0.2540929999668151,15.00688400119543,0.43915599962929264,0.08330600030603819,16.75893100036774,0,1
616,1319031.png,0.9557760022289585,0.2926320012193173,15.989898001862457,0.40172399894800037,0.06609800038859248,17.75536000059219,0,1
617,1320014.png,0.8643920009490103,0.23810399943613447,14.108461000432726,0.40097199962474406,0.08417399658355862,15.738144997158088,0,4
618,1320017.png,0.8605679977335967,0.23059600061969832,13.823200002661906,0.3906370002368931,0.062008999520912766,15.407175000291318,0,2
619,1320025.png,0.8728920001885854,0.23808199694030918,14.341381000122055,0.3535050018399488,0.06313399717328139,15.918203000182984,0,3
620,1320037.png,0.9011630027089268,0.23180499920272268,15.327149998483947,0.3996599989477545,0.06619199848501012,16.965832997811958,0,2
621,1320038.png,0.8940129991970025,0.243309998040786,15.151119001529878,0.38591799966525286,0.07376999928965233,16.795096002169885,0,7
622,1320041.png,0.945768002566183,0.29113300115568563,15.310607999708736,0.425496997195296,0.0772259991208557,17.104189002566272,0,6
623,1320047.png,0.898377998964861,0.27520399817149155,14.38680600040243,0.3844779967039358,0.06396200114977546,16.060306999861496,0,3
624,1320060.png,0.8860939997248352,0.2598999999463558,14.725985998666147,0.35869700150215067,0.06369899710989557,16.343537001375807,0,1
625,13210003.png,0.8900249995349441,0.24377899899263866,14.516846000333317,0.37751700074295513,0.06155300070531666,16.14086299741757,0,5
626,13210005.png,0.8896209983504377,0.23623199740541168,14.433145999646513,0.3817469987552613,0.06654999742750078,16.05036500041024,0,10
627,13210008.png,1.0142749997612555,0.37944600262562744,14.559429997461848,0.3520760001265444,0.06550000034621917,16.441551997559145,0,19
628,13210009.png,1.028820999636082,0.4607170012604911,20.908053000312066,0.5102279974380508,0.08114799857139587,23.067756999807898,0,4
629,13210018.png,0.9632820001570508,0.33096500192186795,18.875611000112258,0.4614249992300756,0.08321800123667344,20.7770690030884,0,3
630,13210021.png,0.938451001275098,0.27557700013858266,15.28662900091149,0.37227400025585666,0.06515100176329724,17.00198599792202,0,3
631,13210030.png,0.9301489990320988,0.2547129988670349,13.81910800046171,0.345649998052977,0.06145899897092022,15.465991000382928,0,5
632,13210033.png,0.916331002372317,0.2446329999656882,13.774249997368315,0.3603730001486838,0.06397600009222515,15.40680799735128,0,1
633,13210035.png,0.9070209998753853,0.242161000642227,15.149098002439132,0.378128002921585,0.06543400013470091,16.78282599823433,0,1
634,13210039.png,1.0000119982578326,0.36057100078323856,14.273319000494666,0.36847299998044036,0.06602000212296844,16.139438001118833,0,1
635,13210056.png,0.8840329974191263,0.29414399978122674,14.346181000291836,0.5329110026650596,0.07464200098183937,16.172884999832604,0,4
636,1322021.png,1.0111209994647652,0.2762589974736329,14.11781899878406,0.36711899883812293,0.06391199713107198,15.883518000919139,0,3
637,1322027.png,0.9570660004101228,0.257796000369126,13.817429000482662,0.4392970004118979,0.07896200258983299,15.602507002768107,0,3
638,1322031.png,0.9814219993131701,0.2910529983637389,14.458859001024393,0.3847420011879876,0.0721930009603966,16.237640000326792,0,3
639,1322044.png,1.046435001626378,0.26153799990424886,14.983212000515778,0.4495659995882306,0.08087199967121705,16.873050000867806,0,2
640,1325004.png,0.9230550022039097,0.2554439997766167,17.021603998728096,0.3673960018204525,0.06642799780820496,18.67750800010981,0,1
641,1325025.png,0.9129200007009786,0.27134599804412574,15.886131997831399,0.41223700100090355,0.0714859997970052,17.597060999833047,0,3
642,1325030.png,0.9544670028844848,0.2862840010493528,20.010686999739846,0.9284849984396715,0.12386099842842668,22.351743002218427,0,4
643,1325032.png,1.0357099999964703,0.4053760021633934,28.82922099888674,0.39391299651470035,0.07116000051610172,30.80109700022149,0,3
644,1325034.png,0.9513069999229629,0.26522500047576614,14.552685999660753,0.37643300311174244,0.06786499943700619,16.265572001429973,0,7
645,1325037.png,0.9629209998820443,0.24271100119221956,13.781387999188155,0.3654040010587778,0.06505799683509395,15.466479999304283,0,6
646,1325044.png,1.0042550020443741,0.272127002972411,14.054367999051465,0.3693110011226963,0.06635600220761262,15.833317000215175,0,3
647,1325050.png,0.9206690010614693,0.2749170016613789,14.440311999351252,0.6169399966893252,0.07212099808384664,16.369019002013374,0,7
648,1325051.png,0.9345139987999573,0.24403999850619584,14.207341999281198,0.408069998229621,0.06926799687789753,15.90930300153559,0,1
649,1329013.png,0.8533279979019426,0.2431819993944373,14.62554699901375,0.3680560002976563,0.06479399962699972,16.19757899970864,0,7
650,1329020.png,0.8793050001258962,0.26466399867786095,15.476784999918891,0.38705200131516904,0.06717499854858033,17.123884997999994,0,2
651,1329021.png,0.8552799990866333,0.24004800070542842,14.054272000066703,0.3640300019469578,0.06524900163640268,15.628471999661997,0,3
652,1329051.png,0.7431760022882372,0.2663710001797881,14.485359999525826,0.35925199699704535,0.06860700159450062,15.963898997142678,0,1
653,1329052.png,0.8665149980515707,0.2820720001182053,14.444012998865219,0.39080699934856966,0.06890099757583812,16.10301199980313,0,1
654,1330010.png,0.9422000002814457,0.2600480002001859,14.651110999693628,0.3703620022861287,0.0698709991411306,16.344285999366548,0,1
655,1330016.png,0.8916609986044932,0.2520750022085849,14.174064999679103,0.3846540021186229,0.06745100108673796,15.824743000848684,0,2
656,1330027.png,1.005824000458233,0.35584999932325445,14.540355001372518,0.3679490000649821,0.06683699757559225,16.38286400338984,0,1
657,1330031.png,0.9753740014275536,0.2728159997786861,14.075892002438195,0.3598340008466039,0.06415600000764243,15.802956000698032,0,2
658,1330034.png,0.92102700000396,0.24730000222916715,13.914598002884304,0.36271000135457143,0.06376600140356459,15.557225000520702,0,1
659,1330037.png,0.9568269997544121,0.24692599981790408,14.857440000923816,0.3681190028146375,0.06381000275723636,16.553073000977747,0,2
660,1330040.png,0.9839289996307343,0.2454919995216187,14.541248998284573,0.36344200270832516,0.0684750011714641,16.25272099772701,0,3
661,1330047.png,0.9430479985894635,0.27576299908105284,14.083227000810439,0.35650600329972804,0.06577599924639799,15.768952001963044,0,1
662,1331006.png,0.9236210025846958,0.2501089984434657,14.732220999576384,0.37458999941009097,0.0664649996906519,16.3954499985266,0,4
663,1331012.png,0.9354640023957472,0.24721100271563046,17.562801000167383,0.46130000191624276,0.08001000242074952,19.32886700160452,0,2
664,1331014.png,0.9501620006631128,0.27091499941889197,18.369999001151882,0.47613100105081685,0.08403800165979192,20.203863001370337,0,7
665,1331015.png,1.012608001474291,0.2786919976642821,17.633553998166462,0.38320900057442486,0.08612799865659326,19.449172999884468,0,3
666,1331025.png,0.9306510000897106,0.24794499768177047,14.368453001225134,0.36950999856344424,0.06474000110756606,16.041323000536067,0,2
667,1331027.png,0.9073430010175798,0.25729099797899835,14.027738001459511,0.3595429989218246,0.06360599945764989,15.6579119975504,0,2
668,1331032.png,0.8583499984524678,0.24029999985941686,13.696011999854818,0.4697760014096275,0.07640400144737214,15.383557001769077,0,3
669,1331043.png,0.9347259983769618,0.33250500200665556,13.901247999456245,0.35741600004257634,0.062230999901657924,15.645393999875523,0,7
670,1331044.png,0.8472170011373237,0.2730009982769843,13.549102000979474,0.4130279994569719,0.07062000076984987,15.214314000331797,0,7
671,1332002.png,0.9194989979732782,0.265463997493498,18.69430800070404,0.5408730030467268,0.08006099960766733,20.5458459968213,0,3
672,1332005.png,1.0702379986469168,0.3983229980804026,15.332195998780662,0.3786529996432364,0.08273399726022035,17.324680997262476,0,1
673,1332006.png,0.89948899767478,0.24278400087496266,14.065504998143297,0.37834000249858946,0.06982700142543763,15.704120996815618,0,2
674,1332010.png,0.8905659997253679,0.3463770008238498,13.834416000463534,0.3578429968911223,0.06509100057883188,15.539159998297691,0,3
675,1332014.png,0.8880080022208858,0.23502300246036611,14.6511120001378,0.35789600224234164,0.06464000034611672,16.238160998909734,0,1
676,1332020.png,1.0852699997485615,0.4642370004148688,14.655942999524996,0.5120380010339431,0.14495700088446029,16.950956000073347,0,2
677,1332035.png,0.9793440003704745,0.29208200066932477,18.38485600092099,0.37835799957974814,0.06481400123448111,20.149822998064337,0,2
678,1332039.png,0.9856950018729549,0.26814900047611445,14.235892002034234,0.3934599990316201,0.06805100201745518,16.01134700104012,0,2
679,1332042.png,0.9873669987428002,0.2871079996111803,13.878925001336029,0.4165479986113496,0.07449799886671826,15.698627998062875,0,4
680,1333007.png,0.9735499988892116,0.3395970015844796,22.634636003203923,0.7321449993469287,0.10042600115411915,24.826228996971622,0,1
681,1333024.png,1.1741039998014458,0.3047969985345844,14.667479001218453,0.5422369977168273,0.15405200247187167,16.90452299953904,0,6
682,1333037.png,1.1093959983554669,0.3786849993048236,19.487240999296773,0.44722200254909694,0.07650200132047758,21.556485000473913,0,1
683,1333044.png,1.0688270012906287,0.30655199952889234,20.54458299971884,0.5289319997245912,0.0800950001575984,22.587036997720134,0,6
684,1335002.png,1.1119670016341843,0.36045500019099563,20.932526000251528,0.4730729997390881,0.09923099787556566,23.05487099874881,0,4
685,1335016.png,0.910498001758242,0.34809199860319495,17.34764799766708,0.37705299837398343,0.06956899960641749,19.101354999293108,0,11
686,1335018.png,0.8883100017555989,0.24355800269404426,14.219946999219246,0.30144400079734623,0.032088002626551315,15.729274000477744,0,0
687,1335020.png,0.8834809996187687,0.25138899945886806,14.423371998418588,0.39174500125227496,0.060569000197574496,16.049988000304438,0,2
688,1340006.png,1.0141460006707348,0.2784990028885659,13.828070001181914,0.34648500150069594,0.07337799979723059,15.585832999931881,0,1
689,1340021.png,0.9473089994571637,0.2285859991388861,13.638817999890307,0.34053200215566903,0.05686000076821074,15.253158999257721,0,2
690,1358001.png,1.0608539996610489,0.2746259997365996,14.282691001426429,0.35633999868878163,0.08297499880427495,16.1333870019007,0,30
691,1358012.png,1.02844299908611,0.23649300055694766,14.329858000564855,0.36779400033992715,0.06151300112833269,16.069901997980196,0,6
692,1358013.png,1.159340998128755,0.2697889976843726,13.036431002547033,0.33638700188021176,0.05601399971055798,14.910057998349657,0,1
693,1363003.png,0.8654449993628077,0.2971180001622997,12.901045000035083,0.3567830026440788,0.06123400089563802,14.529218002280686,0,4
694,1363005.png,1.0730829999374691,0.2415510025457479,13.704057997529162,0.36910300332237966,0.06517099973279983,15.51466799719492,0,13
695,1363017.png,0.9134849969996139,0.24087500059977174,13.785963001282653,0.35879400093108416,0.0814179984445218,15.424397999595385,0,6
696,1363018.png,0.8545320015400648,0.24868000036804006,13.33726899974863,0.37474999771802686,0.06775899964850396,14.933050999388797,0,2
697,1363025.png,0.9864099993137643,0.2850759992725216,13.315359999978682,0.37834199974895455,0.06302499969024211,15.073097001732094,0,10
698,1363035.png,1.0246199999528471,0.23594800222781487,13.830121002683882,0.37193100069998764,0.06965400098124519,15.582784999423893,0,2
699,1367007.png,0.8374520002689678,0.2458279996062629,14.876786000968423,0.3818910008703824,0.0727340011508204,16.46371300012106,0,25
700,1367024.png,0.8929959985835012,0.2819760011334438,13.88047100044787,0.35438700069789775,0.06073800250305794,15.516031002334785,0,4
701,1379038.png,0.9240709987352602,0.3117890009889379,14.47198299865704,0.37606299883918837,0.0630490030744113,16.218118002143456,0,5
702,1395002.png,1.009868999972241,0.24444599694106728,24.358391998248408,0.46928699885029346,0.07913399895187467,26.20136900077341,0,8
703,1395005.png,1.0563230025582016,0.258561998634832,14.775376999750733,0.36337500205263495,0.06690000009257346,16.57296499979566,0,9
704,1395008.png,1.0291439975844696,0.2539939996495377,16.577937996771652,0.45912000132375397,0.07600599928991869,18.449201998009812,0,8
705,1395009.png,1.0707889996410813,0.26223700115224347,17.10091499990085,0.3600790005293675,0.059959998907288536,18.909406000602758,0,2
706,1395011.png,0.8803749988146592,0.23014099861029536,13.963109002361307,0.35574099820223637,0.0652250018902123,15.53486999910092,0,4
707,1395012.png,0.9122250012296718,0.2431739994790405,14.745470998605015,0.3876770024362486,0.06845399911981076,16.407541999797104,0,4
708,1395013.png,1.1797280021710321,0.34349099951214157,14.168495999911102,0.35100799868814647,0.06035299884388223,16.169848997378722,0,1
709,1395020.png,1.2687199996435083,0.37418200008687563,14.301011000497965,0.3881800003000535,0.06268899960559793,16.482997001730837,0,16
710,1399017.png,0.9342939993075561,0.24281000150949694,13.151677998394007,0.3176280006300658,0.054752999858465046,14.739549002115382,0,12
711,1399019.png,1.1578180019569118,0.4214229993522167,14.358739997987868,0.4109209985472262,0.0740509967727121,16.49536499826354,0,10
712,1399020.png,0.9924850019160658,0.25739600096130744,14.755005999177229,0.40733399873715825,0.06748599844286218,16.53154700034065,0,11
713,1399021.png,0.8169450011337176,0.22965600146562792,14.945705002901377,0.39156499769887887,0.06806300007156096,16.49254999938421,0,5
714,1399022.png,0.8959749975474551,0.24925999969127588,14.771938000194496,0.37522999991779216,0.06299700180534273,16.40575599958538,0,5
715,1424005.png,0.9450819998164661,0.26743200214696117,14.006306999363005,0.41693000093800947,0.06615799793507904,15.750195998407435,0,23
716,1424012.png,0.949548000789946,0.24310800290550105,14.094400001340546,0.37525599691434763,0.06711499736411497,15.778322002006462,0,8
717,1424017.png,0.9602880018064752,0.25362199812661856,14.240757998777553,0.370359997759806,0.06532000043080188,15.941606998239877,0,9
718,1424018.png,0.9696630004327744,0.24820000180625357,14.84459300263552,0.3700950001075398,0.08873499973560683,16.573644999880344,0,13
719,1424035.png,0.9427019977010787,0.24718900021980517,15.139543000259437,0.3825610001513269,0.06454499816754833,16.826940001919866,0,6
720,1424037.png,0.8713960014574695,0.2375149997533299,14.598124998883577,0.38051600131439045,0.06815400047344156,16.194909996556817,0,17
721,1427008.png,0.8022719994187355,0.26087900187121704,16.41796499825432,0.39117999767768197,0.07687199831707403,17.99819000007119,0,5
722,1427011.png,0.9888750028039794,0.25297500178567134,14.543312001478625,0.35579500035964884,0.08268700184999034,16.27858599749743,0,7
723,1429004.png,0.9227660011674743,0.2441789984004572,14.01323300160584,0.3690779994940385,0.06392900104401633,15.652702997613233,0,4
724,1429015.png,0.9954519991879351,0.26721099857240915,14.04127299974789,0.35825300074066035,0.06580999979632907,15.781935999257257,0,5
725,1429023.png,1.0292180013493635,0.24013300208025612,18.271181001182413,0.6128040004114155,0.09518099977867678,20.301979999203468,0,1
726,1429025.png,0.8887450021575205,0.30698400223627687,15.553578999970341,0.3945099997508805,0.07113000174285844,17.26762800171855,0,16
727,1431002.png,0.9685420009191148,0.25150000146823004,14.628040000388864,0.3801709972321987,0.06856400068500079,16.33907699942938,0,3
728,1431007.png,0.9479299988015555,0.26675499975681305,14.98895800250466,0.3703879992826842,0.06696399941574782,16.693917001248337,0,2
729,1431009.png,0.8575609972467646,0.2561900000728201,14.178254001308233,0.4581339999276679,0.18174100114265457,15.97546099947067,0,35
730,1431014.png,0.7796840000082739,0.3391110003576614,14.665214999695309,0.4374589989311062,0.0792479986557737,16.346065000107046,0,1
731,1431021.png,0.920533999305917,0.35614199805422686,14.661968998552766,0.40570700002717786,0.08665499990456738,16.479329999128822,0,10
732,1433001.png,0.9372720014653169,0.28093799846828915,14.200846002495382,0.36568699943018146,0.06647400005022064,15.897302997473162,0,1
733,1433012.png,0.9453689999645576,0.26071300089824945,22.60414500051411,1.0664180008461699,0.20809600027860142,25.13194900166127,0,9
734,1433016.png,1.0047980031231418,0.5408590004662983,32.051203001174144,0.8059479987423401,0.1272730005439371,34.60215499944752,1,3
735,2109015.png,0.8701189981366042,0.37423899993882515,31.536776998109417,0.714477999281371,0.11129699851153418,33.659401000477374,1,4
736,2109020.png,0.8746090024942532,0.32352699781768024,26.842199000384426,0.4213490028632805,0.07434800136252306,28.58797999942908,0,12
737,2110004.png,0.9482960012974218,0.29914900005678646,14.594422002119245,0.4090729999006726,0.06878400017740205,16.36374400186469,0,3
738,2110006.png,0.894484001037199,0.2952479990199208,16.7723289996502,0.5229179987509269,0.10920400018221699,18.64128400120535,0,2
739,2110007.png,1.0021119996963535,0.27075899924966507,18.284575999132358,0.4356440003903117,0.07527699926868081,20.1189979998162,0,9
740,2110012.png,1.383654998790007,0.5190849988139234,15.1360179988842,0.43683799958671443,0.0848460003908258,17.645034000452142,0,1
741,3000005.png,0.9192809993692208,0.2838099971995689,19.61492400005227,0.4967050008417573,0.0844429996504914,21.45696799925645,0,25
742,3000011.png,0.9538330014038365,0.36639600148191676,20.6030160006776,0.4960810001648497,0.07932300286483951,22.551794001628878,0,22
743,3000021.png,1.245627998287091,0.30374799825949594,23.430984001606703,0.5207100002735388,0.09590199988451786,25.65356600098312,0,1
744,3000023.png,1.1865079977724236,0.30444100048043765,21.964454997942084,0.5372770028770901,0.08659500235808082,24.15476000169292,0,5
745,3000032.png,1.2305739983275998,0.34880600287579,20.31414799785125,0.39860900142230093,0.0679179975122679,22.417877000407316,0,1
746,3000046.png,1.028632999805268,0.25592299789423123,15.039243000501301,0.3754030003619846,0.062028000684222206,16.812380999908783,0,3
747,3000058.png,1.001897999231005,0.283306999335764,14.108565002970863,0.39532899972982705,0.06690800000797026,15.909059999103192,0,12
748,3000062.png,0.9627430008549709,0.2633869989949744,14.909198001987534,0.37299299947335385,0.06758399831596762,16.61596499980078,0,11
749,3000066.png,1.0325740004191175,0.2532379985495936,14.763944000151241,0.4414510003698524,0.06758699964848347,16.61421800235985,0,8
750,3000080.png,1.033279000694165,0.3190620009263512,13.622005997603992,0.3521530015859753,0.06279700028244406,15.467560999240959,0,2
751,3000083.png,0.9605199993529823,0.39792299867258407,14.201533998857485,0.366577001841506,0.06692000170005485,16.03372400131775,0,1
752,3000089.png,1.1256750003667548,0.2738760013016872,14.220011998986593,0.39564700273331255,0.07075800021993928,16.142461998242652,0,5
753,3000108.png,1.1138570007460658,0.36750200160895474,14.666876002593199,0.5503439970198087,0.09025300096254796,16.857704002177343,0,7
754,3000109.png,1.0100839972437825,0.26739299937617034,14.88495300145587,0.4098700010217726,0.06551399928866886,16.68546400105697,0,3
755,3000113.png,0.9617540017643478,0.2729500010900665,15.629793997504748,0.5627570026263129,0.1137569997808896,17.586224999831757,0,8
756,3000120.png,1.028743998176651,0.3637790032371413,18.191849001595983,0.34322099963901564,0.06134199793450534,20.0422609996167,0,2
757,3000121.png,0.9300470010202844,0.24191299962694757,19.57460800258559,0.6796410016249865,0.0955360010266304,21.566024999629008,0,5
758,3000124.png,1.0729030000220519,0.3144210022583138,23.47459199881996,0.5821240010845941,0.09441699876333587,25.61203200093587,0,8
759,3000129.png,1.0349639997002669,0.30194300052244216,16.087633001006907,0.3795279990299605,0.06831400241935626,17.924490999575937,0,17
760,3000130.png,0.9194209997076541,0.2562500012572855,22.84751499973936,0.4032559991173912,0.06704100087517872,24.542848997953115,0,13
761,3000131.png,0.911719002033351,0.2665510000952054,14.04275300228619,0.40395600080955774,0.07388300218735822,15.749786998640047,0,15
762,3000133.png,0.9998109999287408,0.2909009999711998,14.393813999049598,0.4312669989303686,0.0726590005797334,16.24529199762037,0,15
763,3000134.png,0.9612619978724979,0.2683500024431851,13.68675200137659,0.38599700201302767,0.07216800077003427,15.424012002767995,0,8
764,3000140.png,0.9290519992646296,0.2569270000094548,14.651874000264797,0.36258700129110366,0.0673909999022726,16.309836002619704,0,25
765,3000145.png,1.056728000548901,0.2698169992072508,14.487871998426272,0.3799840014835354,0.0868460010678973,16.340420999767957,0,23
766,3000147.png,0.7759439977235161,0.26926300051854923,13.936717998149106,0.37834799877600744,0.06688600115012378,15.472511000552913,0,19
767,3000148.png,0.7722500013187528,0.2555559985921718,13.347317999432562,0.4034669982502237,0.06295500134001486,14.890058999299072,0,12
768,3000149.png,0.7849169996916316,0.2587829985714052,25.89417400304228,0.5698829991160892,0.0976189985522069,27.67026400033501,0,23
769,3000151.png,0.8035910032049287,0.3370890008227434,17.582130996743217,0.3949469974031672,0.06920599844306707,19.24209500066354,0,19
770,3000152.png,0.775404001615243,0.27443599901744165,15.868394999415614,0.37696000072173774,0.06790800034650601,17.41232199856313,0,21
771,3000156.png,0.8263070012617391,0.27120400045532733,14.279044997238088,0.3951190010411665,0.07006399755482562,15.897196000878466,0,12
772,3000183.png,1.0157840006286278,0.3021569973498117,14.253436998842517,0.37619399881805293,0.06564800060004927,16.061618000094313,0,9
773,3000186.png,0.9442729970032815,0.2948889996332582,13.844042001437629,0.35420299900579266,0.06412600123439915,15.549740001006285,0,6
774,3000190.png,1.082617000065511,0.29677400016225874,17.784601001039846,0.4718140007753391,0.08525600060238503,19.7801120011718,0,12
775,3000194.png,1.022067001031246,0.3003740021085832,18.34666099966853,0.43563799772528,0.07614700007252395,20.23884800291853,0,11
776,3000197.png,0.9660610012360848,0.27492600202094764,18.480694001482334,0.48614599654683843,0.08316999810631387,20.346162000350887,0,24
777,3000204.png,0.9950300009222701,0.29352799901971593,14.892649996909313,0.3765639994526282,0.06351000047288835,16.66678299807245,0,6
778,3000212.png,1.0449449982843362,0.29018300119787455,14.08546499806107,0.3830940004263539,0.061601997003890574,15.918797998892842,0,5
779,3000246.png,0.9330680004495662,0.2461099975334946,14.238446001400007,0.3892840031767264,0.0654459981888067,15.91989899679902,0,1
780,3002009.png,0.953855000261683,0.361810001777485,14.931927998986794,0.4169569983787369,0.07626200022059493,16.802678001113236,0,11
781,3002017.png,0.8027589974517468,0.2788120000332128,14.250617998186499,0.39919499977258965,0.0701769968145527,15.852182001253823,0,21
782,3002022.png,0.7573490001959726,0.2787119992717635,14.40078600353445,0.3728500014403835,0.06865699833724648,15.917502998490818,0,32
783,3002026.png,0.9972640000341926,0.24632499844301492,14.73137900029542,0.3886939994117711,0.06668299829470925,16.480962000059662,0,20
784,3002029.png,0.9246190020348877,0.30364900158019736,13.87573800093378,0.38195499655557796,0.06433200178435072,15.605798998876708,0,2
785,3002033.png,0.8891199977369979,0.2561780020187143,14.082485999097116,0.4318140017858241,0.0752909982111305,15.777077998791356,0,1
786,3002034.png,1.0070250027638394,0.2851129975169897,14.416171001357725,0.3684619987325277,0.06840800051577389,16.191398997762008,0,5
787,3002036.png,0.9073770015675109,0.24918499912018888,15.339507001044694,0.43928400191362016,0.08295199950225651,17.083733997424133,0,15
788,3002039.png,1.0241219970339444,0.27321800007484853,14.902129001711728,0.37631799932569265,0.0674499970045872,16.705222999007674,0,15
789,3002056.png,0.9729640005389228,0.24777499857009389,15.168407000601292,0.3833579976344481,0.07386800280073658,16.89792500110343,0,5
790,3002057.png,0.968311996984994,0.27490600041346624,15.143515000090702,0.3853289999824483,0.06610999844269827,16.880159000720596,0,7
791,3002059.png,0.891546002094401,0.24278100318042561,13.865638000424951,0.35719700099434704,0.0624210006208159,15.462038001714973,0,13
792,3002062.png,0.8267060002253857,0.2369820031162817,15.429027000209317,0.3638439993665088,0.06244500036700629,16.967513001873158,0,6
793,3002064.png,0.9725620002427604,0.24164899878087454,14.310894999653101,0.37469099697773345,0.0630510003247764,16.013910997571656,0,8
794,3002075.png,0.9152390011877287,0.24779200248303823,30.643408998002997,0.7259769990923814,0.15969100059010088,32.744591000664514,0,11
795,3002080.png,1.1500920008984394,0.5334839988790918,22.319964999041986,0.3742740009329282,0.0663880018691998,24.51472499888041,0,11
796,3002087.png,0.920610997127369,0.24816700170049444,14.523145000566728,0.35924599796999246,0.06228500205907039,16.156196001247736,0,7
797,3002094.png,0.9988019992306363,0.24306799969053827,18.58522100155824,0.4564060000120662,0.0806480020401068,20.415144997969037,0,3
798,3002096.png,1.0031009987869766,0.30636399969807826,19.7526759984612,0.49847300033434294,0.08003599941730499,21.69400099955965,0,16
799,3002106.png,1.0561880008026492,0.3192839976691175,19.443057997705182,0.4577189974952489,0.08361199797946028,21.421913002996007,0,17
800,3002108.png,0.8935760015447158,0.2580299988039769,23.901364002085757,0.40170899956137873,0.0737429982109461,25.578797998605296,0,9
801,3002109.png,0.9003060004033614,0.30102500022621825,14.58656099930522,0.3908219987351913,0.06487599966931157,16.287940001348034,0,6
802,3002110.png,1.041363000695128,0.2369110006839037,13.797521001833957,0.40378799894824624,0.06352299897116609,15.585097000439418,0,11
803,3002112.png,0.9104870005103294,0.2358780002396088,23.305538998101838,0.3932710023946129,0.08937299935496412,24.981990998639958,0,2
804,3002119.png,0.8571920006943401,0.257147999946028,14.146524998068344,0.36857400118606165,0.07276799806277268,15.74434899885091,0,2
805,3002131.png,1.0152770009881351,0.2694400027394295,13.998028000060003,0.368681998224929,0.06830400161561556,15.768350000143982,0,4
806,3002137.png,0.9747589974722359,0.26808199982042424,14.301551000244217,0.37447200156748295,0.06908100112923421,16.04104699799791,0,8
807,3002148.png,0.8572510014346335,0.2501620001567062,13.915365998400375,0.4080830003658775,0.08117700053844601,15.565711000817828,0,4
808,3002152.png,0.8656429999973625,0.3299849995528348,14.639960001659347,0.3778500031330623,0.07074299719533883,16.339592999429442,0,12
809,3002154.png,0.8746419989620335,0.241556997934822,13.978451999719255,0.3640120012278203,0.06803799988119863,15.572088002954843,0,8
810,3002155.png,0.8533690015610773,0.24673299776623026,13.652514000568772,0.3699610024341382,0.0665339975967072,15.246097998897312,0,12
811,3002161.png,0.9287989996664692,0.2485330005583819,16.43486099783331,0.4044310007884633,0.07089899736456573,18.12955300192698,0,5
812,3002170.png,0.9163450013147667,0.24655399829498492,16.00293400042574,0.4768649996549357,0.0809600023785606,17.774567000742536,0,1
813,3002191.png,1.0534930006542709,0.2682590020413045,18.53549899897189,0.44524499753606506,0.09235799734597094,20.448449002287816,0,7
814,3002197.png,0.9369030012749135,0.26653999884729274,14.763765997486189,0.39235700023709796,0.06406099782907404,16.477503999340115,0,28
815,3002203.png,0.9945309975591954,0.25219300005119294,13.696369998797309,0.35274399851914495,0.059745998441940174,15.405956997710746,0,18
816,3002204.png,0.9647929982747883,0.23916699865367264,13.732201998209348,0.3646810000645928,0.0619589991401881,15.409777999593643,0,6
817,3002213.png,0.9427419972780626,0.2304439985891804,13.8290409995534,0.369053002941655,0.07498400009353645,15.489836998312967,0,6
818,3002228.png,0.8938689970818814,0.23763399804010987,14.23700599843869,0.38324700290104374,0.06205400131875649,15.852781998546561,0,5
819,3002230.png,0.8319400003529154,0.24894200032576919,13.904844003263861,0.3486869973130524,0.06380900231306441,15.441685998666799,0,35
820,3002232.png,0.8551560022169724,0.24678000045241788,14.313032999780262,0.35393899815971963,0.06251299782888964,15.879274000326404,0,3
821,3002238.png,0.8792119988356717,0.24638400282128714,14.073136997467373,0.3599699994083494,0.06401300197467208,15.674645997933112,0,27
822,3002243.png,0.8817550005915109,0.2601039996079635,13.535736998164793,0.359259000106249,0.07003900100244209,15.159525999479229,0,25
823,3002244.png,0.9573210008966271,0.2637590005178936,13.71583800209919,0.3906940000888426,0.06986199878156185,15.45669199913391,0,33
824,3003005.png,0.8898870000848547,0.23198700000648387,13.387342001806246,0.3582259996619541,0.08597700070822611,14.995189998444403,0,4
825,3003010.png,0.9006079999380745,0.24091199884423986,24.133320002874825,0.38041899824747816,0.07091700172168203,25.772465000045486,0,10
826,3003013.png,0.9511699972790666,0.275408001471078,14.259371000662213,0.36016599915456027,0.06066599962650798,15.958407999278279,0,12
827,3003016.png,0.9194439990096726,0.24043099983828142,14.464222000242444,0.3878009993059095,0.06719999873894267,16.140916999574983,0,9
828,3003018.png,0.823147998744389,0.24063800083240494,14.082066998525988,0.2689079992705956,0.028025002393405885,15.48266800091369,0,0
829,3003029.png,0.8076949998212513,0.24466800095979124,13.603306997538311,0.34860699815908447,0.061138998717069626,15.107360999536468,0,5
830,3003033.png,0.8800169998721685,0.2577899977040943,14.112216002104105,0.36131000160821714,0.06385300002875738,15.730405997601338,0,15
831,3003036.png,0.8318949985550717,0.2859980013454333,14.444740001636092,0.3694219994940795,0.06289600059972145,16.044723997765686,0,2
832,3003047.png,0.9541110011923593,0.24683999799890444,14.728661000845022,0.3627440019045025,0.07198400271590799,16.417639999417588,0,4
833,3003048.png,0.9229790011886507,0.2592169985291548,15.370015000371495,0.3812930008280091,0.06264100011321716,17.03890199860325,0,3
834,3003049.png,0.9457840023969766,0.2539189990784507,14.611565999075538,0.34074699942721054,0.05833300019730814,16.263646000879817,0,4
835,3003069.png,1.0209169995505363,0.23348999820882455,14.505776998703368,0.3532510017976165,0.06333099736366421,16.228475997195346,0,5
836,3003078.png,0.9289250010624528,0.4074709977430757,14.114371999312425,0.3978500026278198,0.06896199920447543,15.971524997439701,0,1
837,3003083.png,0.9007609987747855,0.3531910006131511,15.777176999108633,0.5215370001678821,0.11592400187510066,17.72798199817771,0,28
838,3003094.png,1.1472390033304691,0.36609399830922484,15.577616999507882,0.3853289999824483,0.06945700079086237,17.607734000193886,0,10
839,3003105.png,0.9176060011668596,0.2685250001377426,15.56998700107215,0.40361200080951676,0.06853100057924166,17.283272001805017,0,2
840,3003106.png,0.8686070032126736,0.2568140007497277,14.667857001768425,0.37517300006584264,0.0670039989927318,16.287497001030715,0,10
841,3003121.png,0.8686439978191629,0.28989900238229893,14.246766000724165,0.37222099854261614,0.06190799831529148,15.882701001828536,0,3
842,3003125.png,0.9455679974053055,0.30016000164323486,13.754196999798296,0.3878390016325284,0.06620199928875081,15.498401000513695,0,3
843,3003139.png,0.9063670004252344,0.27372499971534126,15.228659001877531,0.42270599806215614,0.06931299867574126,16.949370998190716,0,4
844,3003152.png,1.0138799989363179,0.29000300128245726,14.721978997840779,0.3849710010399576,0.06553600178449415,16.534449998289347,0,1
845,3003160.png,0.9693520005384926,0.2417940013401676,14.321602000563871,0.381183999706991,0.0648380009806715,16.029735998017713,0,4
846,3003164.png,0.853269000799628,0.23492699983762577,14.104634999966947,0.353039002220612,0.060531998315127566,15.647907999664312,0,3
847,3003166.png,1.0068269984913059,0.23555799998575822,14.019867998285918,0.3611190004448872,0.06591500277863815,15.738486999907764,0,1
848,3003168.png,0.9145919975708239,0.26562600032775663,14.28820699948119,0.3590140004234854,0.06901899905642495,15.947648000292247,0,5
