index,filename,preprocess_ms,host_to_device_ms,inference_ms,postprocess_ms,output_to_cpu_ms,processing_total_ms,deadline_missed,num_detections
1,0001003.png,1.0062939982162789,0.29112499760231003,13.902765000239015,0.3861479999613948,0.06822599971201271,15.700244999607094,0,5
2,0001020.png,1.0176190044148825,0.24606800434412435,20.181070001854096,0.7600009994348511,0.11760000052163377,22.368903999449685,0,1
3,0001023.png,1.0434169962536544,0.308824994135648,34.74501799792051,0.7531369992648251,0.1159289968200028,37.01459200237878,1,7
4,0001031.png,1.0673360011423938,0.3183880035066977,24.366705998545513,0.4660600025090389,0.08071600313996896,26.353399000072386,0,4
5,0001043.png,1.0414249991299585,0.2901600018958561,13.737039000261575,0.35353999555809423,0.06247300188988447,15.539047999482136,0,4
6,0001047.png,1.0634870050125755,0.2263569986098446,13.46934300090652,0.36543599708238617,0.06788800237700343,15.246993003529496,0,6
7,0001052.png,0.8594280006946065,0.22195999918039888,13.310649002960417,0.34446300560375676,0.06127099914010614,14.846956000837963,0,11
8,0001053.png,0.8477760056848638,0.21306900453055277,13.214088001404889,0.35383400245336816,0.08573199738748372,14.762564998818561,0,5
9,0001054.png,0.8470120010315441,0.21457399998325855,13.373983994824812,0.35692800156539306,0.06219699571374804,14.899710004101507,0,1
10,0001060.png,0.8368499984499067,0.21802900300826877,13.146539997251239,0.3831029971479438,0.059181002143304795,14.683918001537677,0,2
11,0001068.png,0.8696320001035929,0.2308939947397448,13.503066002158448,0.349758003721945,0.05990500358166173,15.062665996083524,0,5
12,0001071.png,0.8038480009417981,0.24183899950003251,13.731918996199965,0.35517699870979413,0.058653997257351875,15.233466001518536,0,3
13,0001072.png,0.8361890068044886,0.23417200281983241,13.788852003926877,0.37814599636476487,0.06741499964846298,15.351368005212862,0,3
14,0001073.png,0.8823349999147467,0.22681799600832164,13.350851004361175,0.3571439956431277,0.08814899774733931,14.954735997889657,0,9
15,0001074.png,0.7917280017863959,0.21687600383302197,12.962792003236245,0.3478479993646033,0.062334998801816255,14.427298003283795,0,1
16,0001083.png,0.8506330050295219,0.2161759985028766,14.130117997410707,0.3927889993065037,0.06422599835786968,15.701672004070133,0,4
17,0001085.png,0.8779150011832826,0.2241990005131811,13.379438998526894,0.35290399682708085,0.061370003095362335,14.94675600406481,0,3
18,0001086.png,0.8256360015366226,0.20453800243558362,12.820847005059477,0.3522300030454062,0.06608300463994965,14.308086996607017,0,12
19,0001088.png,0.87356599397026,0.22258899844018742,13.53900799585972,0.37697199877584353,0.07341199670918286,15.13333199545741,0,1
20,0002015.png,0.893663993338123,0.3193619995727204,13.656137998623308,0.4130420056753792,0.06850000499980524,15.402263001305982,0,3
21,0002037.png,0.9488320065429434,0.2189880033256486,13.870524999219924,0.38524500268977135,0.06355500227073207,15.525700997386593,0,2
22,0002040.png,0.937003998842556,0.21512700186576694,19.989365006040316,0.7588219959870912,0.11574699601624161,22.061069001210853,0,2
23,0002043.png,0.9472849997109734,0.32950799504760653,29.724775995418895,0.37184800021350384,0.06762699922546744,31.49690899590496,0,1
24,0002045.png,1.0046910028904676,0.27023599977837875,13.753465995250735,0.35051900340477005,0.06374700024025515,15.499663997616153,0,8
25,0002046.png,0.9476219929638319,0.22719800472259521,13.442534997011535,0.37906300713075325,0.06646200199611485,15.11433799896622,0,3
26,0002049.png,0.9588269967935048,0.24567500076955184,13.065927996649407,0.35358100285520777,0.06264800322242081,14.739089994691312,0,9
27,0002061.png,0.8425319974776357,0.2214190026279539,13.219225998909678,0.3781319974223152,0.06504100019810721,14.774278999539092,0,19
28,0002065.png,0.9078270013560541,0.22878900199430063,13.288385998748709,0.3670110017992556,0.06454699905589223,14.909612000337802,0,6
29,0002075.png,0.9090929961530492,0.22789600188843906,13.792605997878127,0.41183999564964324,0.06692599708912894,15.45005999651039,0,4
30,00030001.png,0.8683849955559708,0.23180699645308778,13.438228001177777,0.36523499875329435,0.06700799713144079,15.021451996290125,0,15
31,00030004.png,0.850326003273949,0.22388000070350245,13.582393003161997,0.3773439966607839,0.06573300197487697,15.144693999900483,0,1
32,00030006.png,0.9566910011926666,0.23155500093707815,13.230610995378811,0.3335650035296567,0.059958998463116586,14.862395000818651,0,4
33,00030015.png,0.9420200003660284,0.2067300010821782,13.91737300582463,0.357856995833572,0.06649400165770203,15.533760000835173,0,5
34,00030016.png,0.9407329998794012,0.2477509988239035,14.255442998546641,0.38825199590064585,0.06268799916142598,15.948839005432092,0,7
35,00030017.png,0.8989509951788932,0.23118999524740502,14.272498003265355,0.4156950017204508,0.07252200157381594,15.937093005049974,0,1
36,0006002.png,1.0356129932915792,0.23114999930839986,14.394527999684215,0.4065079992869869,0.06861700239824131,16.185901993594598,0,7
37,0006013.png,1.030167994031217,0.25807099882513285,14.077302999794483,0.36941299913451076,0.06677200144622475,15.856104000704363,0,19
38,0008009.png,0.8288360040751286,0.2239419991383329,13.690651998331305,0.3446730042924173,0.06635799945797771,15.204429000732489,0,6
39,0008034.png,0.9477970015723258,0.2596790000097826,14.71390199731104,0.36526599433273077,0.06558099994435906,16.40222500282107,0,3
40,0009007.png,0.9850749993347563,0.24038500123424456,14.179737998347264,0.3730079988599755,0.0645749969407916,15.897006996965501,0,3
41,0009020.png,0.9824519947869703,0.2449409948894754,13.332094000361394,0.3777680030907504,0.06726299761794508,15.054801006044727,0,5
42,0009028.png,0.9620810014894232,0.24883200239855796,13.242537002952304,0.35610300255939364,0.06406399916158989,14.918098000634927,0,3
43,0009029.png,0.9980880058719777,0.22572399757336825,13.448690995573997,0.37711999902967364,0.06730500172125176,15.168844001891557,0,1
44,0009030.png,0.9493409961578436,0.224126000830438,13.424413999018725,0.3485490015009418,0.06574100552825257,15.055814001243562,0,7
45,0009032.png,0.9142529961536638,0.23233299725688994,13.471408004988916,0.36046799505129457,0.0676829949952662,15.097930998308584,0,11
46,0009036.png,0.9232349984813482,0.33660999906715006,14.22194400220178,0.37650000012945384,0.06697600474581122,15.974282003298867,0,22
47,0009045.png,1.0443930004839785,0.2293680008733645,14.495248004095629,0.3782599960686639,0.06956399738555774,16.26987900090171,0,4
48,0009053.png,1.081139998859726,0.230871002713684,15.213413003948517,0.3892540044034831,0.07329000072786584,17.040678001649212,0,16
49,0011005.png,0.9339880052721128,0.28814699908252805,14.484471001196653,0.39282500074477866,0.06798700633225963,16.216435004025698,0,11
50,0011006.png,0.8961030034697615,0.25235299835912883,14.16533200244885,0.38655399839626625,0.06509399827336892,15.811541001312435,0,6
51,0011014.png,1.0357060018577613,0.2207850047852844,13.371105000260286,0.3547450032783672,0.06470100197475404,15.091834997292608,0,8
52,0011016.png,0.9688990030554123,0.2500079935998656,12.944660003995523,0.3574980000848882,0.06182099605211988,14.637472995673306,0,10
53,0011022.png,0.9804130022530444,0.2179320072173141,12.855499000579584,0.37723799323430285,0.06096099968999624,14.538750001520384,0,9
54,0011025.png,0.9423790033906698,0.20536700321827084,12.909397999465,0.3464639958110638,0.06285000563366339,14.5058260022779,0,10
55,0011026.png,0.9113699998124503,0.21965299674775451,13.735119995544665,0.38214500091271475,0.06395200034603477,15.357363998191431,0,8
56,0011031.png,0.9290369998780079,0.2307579998159781,13.728135003475472,0.3749110037460923,0.06366899469867349,15.367895000963472,0,2
57,0011034.png,1.0562929965090007,0.22415300190914422,13.79177800117759,0.37671899917768314,0.06842299626441672,15.584623004542664,0,16
58,0011036.png,1.0809230006998405,0.22947000252315775,13.720953997108154,0.36336100311018527,0.05983000301057473,15.493925995542668,0,19
59,0012002.png,1.0362360044382513,0.22177500068210065,14.222953999706078,0.3626280013122596,0.06406700413208455,15.956652998283971,0,2
60,0012003.png,0.9992359991883859,0.22638800146523863,13.370761997066438,0.33837899536592886,0.062411003455054015,15.040173006127588,0,4
61,0012005.png,0.9695949993329123,0.22453600104199722,13.520758999220561,0.33954399987123907,0.0635169999441132,15.167388999543618,0,4
62,0012006.png,0.9209580020979047,0.23128300381358713,14.022589995875023,0.3547239975887351,0.06317000224953517,15.642067999579012,0,16
63,0012008.png,0.9207800030708313,0.2467660015099682,13.550971998483874,0.3679020010167733,0.06595600279979408,15.195715001027565,0,10
64,0012011.png,1.010555999528151,0.2360299986321479,12.878388006356545,0.3482120009721257,0.0636730037513189,14.575692999642342,0,5
65,0013002.png,0.9091969986911863,0.22362200252246112,13.614879004308023,0.368451997928787,0.06585999653907493,15.232053003273904,0,1
66,0013003.png,0.8203079996746965,0.23110500478651375,13.793694000924006,0.374431001546327,0.06588000542251393,15.335094998590648,0,4
67,0013008.png,0.9586669984855689,0.23273799888556823,13.752481005212758,0.35404499794822186,0.06416700489353389,15.414164001413155,0,4
68,0013012.png,0.8878389999154024,0.21942199964541942,13.95394899736857,0.35816000308841467,0.06742899859091267,15.536924001935404,0,5
69,0013021.png,0.9156610030913725,0.2263610003865324,13.845656001649331,0.3638240013970062,0.0648119967081584,15.465400007087737,0,4
70,0014011.png,1.0421440019854344,0.23063799744704738,13.652681998792104,0.37669899757020175,0.06725300045218319,15.414624998811632,0,2
71,0014017.png,0.9329349995823577,0.2634590055095032,13.818939005432185,0.35790899710264057,0.06298299558693543,15.47864600433968,0,3
72,0014020.png,0.9624610029277392,0.27640500047709793,13.590985996415839,0.37974799488438293,0.06620900239795446,15.319400001317263,0,4
73,0014023.png,0.9210930002154782,0.2533410006435588,13.215140999818686,0.35888900310965255,0.06454200047301129,14.853961998596787,0,3
74,0014029.png,0.9605939994798973,0.2344819949939847,13.129115002811886,0.3523919949657284,0.05593599780695513,14.781828002014663,0,5
75,0015004.png,0.9729759985930286,0.22895399888511747,13.559332001022995,0.3908219950972125,0.06162899808259681,15.26136999746086,0,8
76,0015006.png,0.797992994193919,0.26900999364443123,14.308919999166392,0.39532600203529,0.0656810007058084,15.89937799872132,0,30
77,0015013.png,1.0146529966732487,0.22895499569131061,14.25251199543709,0.3980879992013797,0.06504599878098816,16.001458003302105,0,8
78,0016002.png,0.8595830004196614,0.24165999639080837,13.523774003260769,0.35919500078307465,0.06393000512616709,15.09928399900673,0,6
79,0016006.png,0.924312997085508,0.23480699746869504,12.893514998722821,0.33904099836945534,0.05980100104352459,14.494907998596318,0,4
80,0016007.png,0.8582070004194975,0.20893399778287858,12.711973002296872,0.36569099756889045,0.06522799958474934,14.254572000936605,0,8
81,0016009.png,0.9282169994548894,0.2378550052526407,13.083509002171922,0.40630500006955117,0.06722399848513305,14.773688999412116,0,8
82,0016014.png,0.9030629953485914,0.22914399596629664,12.845727003877982,0.3412709993426688,0.0650570000289008,14.42481399863027,0,6
83,0016015.png,0.7640459953108802,0.2263730057165958,12.732170005619992,0.31810899963602424,0.060679994930978864,14.138080005068332,0,4
84,0016017.png,0.9003309969557449,0.27286000113235787,13.343343998712953,0.3540659963618964,0.0622730003669858,14.985345995228272,0,4
85,0020006.png,0.972385001659859,0.26861300284508616,13.156661996617913,0.3522830011206679,0.06145899533294141,14.866905003145803,0,9
86,0022008.png,1.0533500026213005,0.21747400023741648,13.87388700095471,0.36898899998050183,0.06540700269397348,15.624678999301977,0,15
87,0022010.png,0.9909110012813471,0.23199499992188066,13.223658002971206,0.3541269979905337,0.06214200402610004,14.9083900032565,0,8
88,0022030.png,1.1510059994179755,0.21942400053376332,13.297264995344449,0.3896979978890158,0.0642890008748509,15.173972002230585,0,5
89,0022039.png,1.027797996357549,0.2642309991642833,14.334724000946153,0.3808710025623441,0.06353599746944383,16.1250549936085,0,7
90,0023007.png,1.150834999862127,0.2696130031836219,19.264561000454705,0.7743979949736968,0.12451899965526536,21.643624997523148,0,6
91,0023014.png,1.1069699976360425,0.3367350000189617,29.57829099614173,0.3672820021165535,0.06674099859083071,31.505582999670878,0,3
92,0024022.png,1.0343540052417666,0.23609399795532227,13.498330001311842,0.39882800047053024,0.06642199878115207,15.28420999966329,0,6
93,0024038.png,0.9057460047188215,0.254979997407645,13.783207003143616,0.35124099667882547,0.06489700172096491,15.402482997160405,0,35
94,0024047.png,1.0178049997193739,0.25135400210274383,13.657159004651476,0.3669540019473061,0.06638199556618929,15.406066995637957,0,17
95,0024054.png,0.8996859978651628,0.2324820015928708,16.82468500075629,0.7303929960471578,0.10678899707272649,18.8455659954343,0,7
96,0024061.png,0.9441470028832555,0.3163169967592694,33.1015070041758,0.36861499393125996,0.0657560012768954,34.844172005250584,1,11
97,0025003.png,1.0151239985134453,0.22633800108451396,14.374856997164898,0.38003399822628126,0.07007900421740487,16.11741200031247,0,11
98,0025006.png,1.1079620016971603,0.23656199482502416,14.862122996419203,0.35267299972474575,0.08281000191345811,16.686791997926775,0,6
99,0025013.png,0.9546350047457963,0.238464999711141,13.784685004793573,0.37254700146149844,0.06506800127681345,15.46791500004474,0,4
100,0025016.png,0.8620820008218288,0.2386780033702962,13.649921005708165,0.3710409946506843,0.06479900184785947,15.228500997181982,0,10
101,0025017.png,0.855744001455605,0.4173689958406612,21.897104001254775,0.3606129976105876,0.0814989980426617,23.66764799808152,0,9
102,0025024.png,0.8870560050127096,0.2627400026540272,13.38183299958473,0.35350800317246467,0.062473998696077615,14.993046002928168,0,9
103,0025034.png,0.8768459956627339,0.26405800599604845,13.083762001770083,0.35112500336254016,0.06162299541756511,14.68391500384314,0,9
104,0026005.png,1.0645900038070977,0.25993499730248004,13.08572999550961,0.3753689961740747,0.06374999793479219,14.898608998919372,0,12
105,0026012.png,1.0324600007152185,0.23050600429996848,13.536513994040433,0.35641100112115964,0.06428000051528215,15.262645996699575,0,14
106,0026013.png,1.0589420053292997,0.23571400379296392,13.485670999216381,0.36134899710305035,0.06312899495242164,15.258206003636587,0,14
107,0100017.png,0.9630749991629273,0.2259499960928224,14.315683998574968,0.40252199687529355,0.07260599522851408,16.032300001825206,0,11
108,0100021.png,1.030390994856134,0.2782499941531569,14.404412999283522,0.4324690016801469,0.07721799920545891,16.276957001537085,0,7
109,0100022.png,1.0066070026368834,0.25354899844387546,13.925004997872747,0.3663379975478165,0.06646999827353284,15.673177003918681,0,15
110,0100030.png,0.9654669993324205,0.22714000078849494,14.229400992917363,0.40751800406724215,0.07061500218696892,15.952595000271685,0,4
111,0100041.png,0.9497569990344346,0.2997330011567101,15.062622995174024,0.3644380049081519,0.06634899909840897,16.80176900117658,0,4
112,0100056.png,0.9992769992095418,0.22824399638921022,31.21133699460188,0.7749799988232553,0.11968800390604883,33.38685799826635,1,2
113,0100057.png,0.9285850028390996,0.35530899913283065,17.813983002270106,0.40483599877916276,0.10119000216946006,19.656981996377,0,2
114,0100059.png,1.0849709942704067,0.32139799441210926,13.613383998745121,0.3646569966804236,0.06762599514331669,15.512799996940885,0,6
115,0100067.png,0.9017490010592155,0.26566500309854746,13.419001006695908,0.4046710018883459,0.07036699389573187,15.115814996534027,0,4
116,0100073.png,0.9599469995009713,0.28963600198039785,14.451062997977715,0.7644060024176724,0.11817899940069765,16.637638000247534,0,4
117,0100074.png,0.9013349990709685,0.36495999665930867,35.34061700338498,0.8561819995520636,0.13202000263845548,37.64961700653657,1,4
118,0100075.png,0.9609530025045387,0.3620650022639893,26.431995000166353,0.39199599996209145,0.06547199882334098,28.266048000659794,0,4
119,0100083.png,0.9812830030568875,0.24135999410646036,14.717514997755643,0.3926089993910864,0.07141199603211135,16.450155999336857,0,4
120,0101008.png,1.0343219983042218,0.24048399791354313,14.357829000800848,0.3820979982265271,0.07200999971246347,16.132887998537626,0,7
121,0101018.png,1.1197720014024526,0.2409310036455281,13.56442499672994,0.40097999590216205,0.06615799793507904,15.448389000084717,0,6
122,0101020.png,1.0385099958512,0.2335110038984567,14.287812002294231,0.36546800401993096,0.06854000093881041,16.03885800432181,0,7
123,0101022.png,1.0722290026023984,0.284863002889324,14.436957993893884,0.3653720050351694,0.06496299465652555,16.272421002213378,0,3
124,0101032.png,0.9752919941092841,0.25782000011531636,14.54490300238831,0.40807900222716853,0.07013600406935439,16.31269700010307,0,1
125,0101056.png,1.1554320008144714,0.24042600125540048,14.501313999062404,0.3728400042746216,0.0665219995426014,16.390635006246157,0,6
126,0101058.png,1.0474039954715408,0.24303500686073676,13.60720100637991,0.3659389985841699,0.06153299909783527,15.387947001727298,0,2
127,0101071.png,0.9380789997521788,0.22940700000617653,13.363643003685866,0.41616599628468975,0.06626699905609712,15.062738995766267,0,2
128,0101072.png,1.0074480014736764,0.22730799537384883,14.35180900443811,0.39330900472123176,0.06964099884498864,16.100449000077788,0,5
129,0102006.png,0.9848369954852387,0.277398998150602,13.868620000721421,0.383667997084558,0.06606900569749996,15.639139004633762,0,2
130,0102007.png,1.03103400033433,0.26869599969359115,14.167675006319769,0.3730040043592453,0.0654420000500977,15.962784003932029,0,2
131,0102010.png,1.088953998987563,0.25808300415519625,13.190144003601745,0.34965600207215175,0.0620239952695556,15.002637999714352,0,2
132,0102016.png,0.9221599975717254,0.263818001258187,13.054299000941683,0.3541789992596023,0.05797599442303181,14.700433006510139,0,1
133,0102020.png,0.9498840008745901,0.2606549969641492,13.44294000591617,0.3651850056485273,0.062090999563224614,15.134058994590305,0,2
134,0102025.png,1.0131680028280243,0.25619100051699206,13.684657002158929,0.31352000223705545,0.058093995903618634,15.375500006484799,0,4
135,0102032.png,1.0274500018567778,0.24452099751215428,14.097170002060011,0.3957070002797991,0.06277299689827487,15.875176999543328,0,1
136,0102033.png,1.0508929990464821,0.24542599567212164,13.14570099930279,0.35404499794822186,0.06515299901366234,14.925041999958921,0,4
137,0102040.png,1.0959380015265197,0.25481299962848425,13.292511001054663,0.3613699955167249,0.06444800237659365,15.118834999157116,0,1
138,0102041.png,1.0678719991119578,0.23453200265066698,13.49114299955545,0.380035002308432,0.062159997469279915,15.284597997379024,0,2
139,0102050.png,0.9212419972755015,0.26734299899544567,14.048596000066027,0.3948360026697628,0.06168099935166538,15.738567999505904,0,2
140,0103013.png,0.9628550033085048,0.2500429982319474,13.601143000414595,0.4140899982303381,0.06561299960594624,15.34293100121431,0,2
141,0103016.png,0.9937800059560686,0.32912100141402334,13.3421360005741,0.3464820038061589,0.06356900121318176,15.130069004953839,0,1
142,0103018.png,0.9095650020753965,0.2934730000561103,13.503205998858903,0.3743459965335205,0.06732499605277553,15.208210999844596,0,1
143,0103026.png,1.0569890000624582,0.2481560004525818,13.464582996675745,0.3633879969129339,0.06479600415332243,15.24407000397332,0,2
144,0103028.png,1.0724020030465908,0.24517699785064906,14.106449998507742,0.4235889937262982,0.06821900024078786,15.964613994583488,0,1
145,0103036.png,0.9349350002594292,0.2652589973877184,14.395992999197915,0.3780490005738102,0.0668259963276796,16.08643600047799,0,3
146,0103042.png,0.9657240007072687,0.26243100001011044,13.800108004943468,0.350914997397922,0.06365100125549361,15.491678997932468,0,2
147,0104011.png,1.0156370044569485,0.2674569986993447,13.602979997813236,0.34778199915308505,0.06256499909795821,15.345113999501336,0,4
148,0104012.png,1.0077879996970296,0.24726300034672022,13.570771996455733,0.37305600562831387,0.0653690003673546,15.315874996304046,0,4
149,0104013.png,1.0021490015788004,0.25421100144740194,13.14788599847816,0.3848049964290112,0.06084699998609722,14.902394999808166,0,2
150,0104016.png,0.87850999989314,0.26339999749325216,13.28051900054561,0.3529130044626072,0.06144500366644934,14.885999000398442,0,4
151,0104020.png,0.9238240018021315,0.28807399939978495,13.291112998558674,0.5720650005969219,0.07361800089711323,15.191880993370432,0,6
152,0104040.png,0.9811370036914013,0.32678299612598494,12.862169001891743,0.5868749940418638,0.08619199797976762,14.89690499874996,0,1
153,0104042.png,1.0101629959535785,0.3765299989026971,13.208682998083532,0.3408049960853532,0.05999200220685452,15.039730002172291,0,2
154,0104043.png,1.2781690020347014,0.31460999889532104,13.43153999914648,0.3366570017533377,0.06051699892850593,15.482902999792714,0,1
155,0105001.png,1.1458749941084534,0.3445980037213303,13.489012999343686,0.34944700018968433,0.06068000220693648,15.471281003556214,0,3
156,0105002.png,1.2169889960205182,0.5763109948020428,18.48719500412699,0.37428799987537786,0.06105399370426312,20.823534003284294,0,9
157,0105007.png,1.001636999717448,0.2658299999893643,14.008317004481796,0.40475499554304406,0.06704500265186653,15.80342699890025,0,5
158,0105010.png,1.0154779956792481,0.23618200066266581,13.319449994014576,0.3900869996869005,0.06687999848509207,15.073178001330234,0,5
159,0105014.png,1.0456140007590875,0.25997199554694816,13.590365997515619,0.3647350022220053,0.06828600453445688,15.381542005343363,0,5
160,0105017.png,1.1222489993087947,0.24553999537602067,13.697876005608123,0.3730309981619939,0.0731410036678426,15.563093998935074,0,1
161,0105026.png,0.9497240025666542,0.29668099887203425,13.878386002033949,0.3681379967019893,0.06743300036760047,15.607280998665374,0,4
162,0105029.png,1.036102999933064,0.2768519989331253,13.628558997879736,0.3722000037669204,0.0717899965820834,15.439422000781633,0,3
163,0105034.png,1.0189969980274327,0.26917800278170034,13.377539995417465,0.38087699795141816,0.0643660023342818,15.162967996730004,0,4
164,0105040.png,0.972392997937277,0.24897100229281932,13.728001002164092,0.26983099814970046,0.029237999115139246,15.298706995963585,0,0
165,0106006.png,1.0003290008171462,0.2657110017025843,14.1954189966782,0.4222229981678538,0.07322599412873387,16.00692400097614,0,1
166,0106007.png,1.0017969980253838,0.25954400189220905,13.78389100136701,0.3680000008898787,0.06484999903477728,15.522453999437857,0,5
167,0106008.png,1.0586630014586262,0.29409599665086716,13.159902999177575,0.35413000296102837,0.0629740025033243,14.987217997258995,0,8
168,0106012.png,1.0890490011661313,0.25391900271642953,13.017520999710541,0.355978001607582,0.06236300396267325,14.829446998191997,0,3
169,0106014.png,1.1301529957563616,0.31768799817655236,14.386773000296671,0.38220799615373835,0.068144996475894,16.3425209975685,0,1
170,0106016.png,1.0218579991487786,0.24656300229253247,13.35400200332515,0.45174499973654747,0.06623299850616604,15.185435004241299,0,2
171,0106021.png,1.0406889996374957,0.2440169992041774,14.175668002280872,0.3949029996874742,0.06713699985994026,15.970173000823706,0,2
172,0107008.png,0.9780479958862998,0.2996260009240359,14.455776996328495,0.4180879986961372,0.06188699626363814,16.267038001387846,0,3
173,0107025.png,0.9850749993347563,0.2471049956511706,13.424177006527316,0.3866319966618903,0.06657899939455092,15.15825300157303,0,2
174,0107030.png,0.9558040037518367,0.2699760007089935,12.900082998385187,0.34571300056995824,0.06613000005017966,14.579234004486352,0,1
175,0108001.png,0.8995649986900389,0.27119799779029563,13.260111001727637,0.36407200241228566,0.05692000559065491,14.891258004354313,0,2
176,0108008.png,0.9066810016520321,0.3024729958269745,13.37472799787065,0.353616000211332,0.06256999768083915,15.040320002299268,0,1
177,0108014.png,1.0777900024550036,0.3060870003537275,13.296605000505224,0.3462329987087287,0.054905998695176095,15.139285998884588,0,2
178,0108015.png,0.8770669955993071,0.25235099747078493,13.340436002181377,0.35143700370099396,0.05833099567098543,14.9167959971237,0,2
179,0108021.png,0.8464729980914854,0.254177997703664,12.989868002478033,0.35216200194554403,0.061724997067358345,14.552221997291781,0,2
180,0108023.png,0.7857229938963428,0.2388499997323379,12.961034997715615,0.3558000025805086,0.06104500062065199,14.439495003898628,0,1
181,0108026.png,0.8957710015238263,0.2354259995627217,23.485277997679077,0.3705829949467443,0.06486199708888307,25.098456993873697,0,2
182,0108028.png,0.9247859998140484,0.2595429978100583,13.374841000768356,0.39235100121004507,0.07056300091790035,15.068100998178124,0,1
183,0108033.png,1.0132609968422912,0.31804000172996894,13.913421003962867,0.3712999969138764,0.06498999573523179,15.738754998892546,0,2
184,0108035.png,0.8529440019628964,0.28680799732683226,13.733933003095444,0.385038998501841,0.07311400258913636,15.388685998914298,0,1
185,0108041.png,1.0030609992099926,0.2508690013200976,13.610630005132407,0.36433700006455183,0.07090200233506039,15.353454000432976,0,1
186,0200006.png,0.7444319999194704,0.255662998824846,13.566944995545782,0.4846920055570081,0.07951700536068529,15.18631199724041,0,4
187,0200008.png,0.9052460009115748,0.26923900441033766,13.816152997605968,0.36394999915501103,0.06777599628549069,15.468410994799342,0,1
188,0200010.png,0.8048110030358657,0.25568200362613425,14.026420001755469,0.4911819996777922,0.07473200093954802,15.703971999755595,0,5
189,0200012.png,0.8291429985547438,0.266602000920102,13.865108005120419,0.38058099744375795,0.06702799873892218,15.461609997146297,0,2
190,0200016.png,0.7784539993735962,0.283492001472041,13.309410001966171,0.36232700222171843,0.06429499626392499,14.848066995909903,0,2
191,0200025.png,0.6991729969740845,0.24404800205957144,13.68792999710422,0.4024959998787381,0.06975600263103843,15.143224001803901,0,1
192,0200028.png,0.7681019997107796,0.23970799520611763,13.62641400191933,0.45240100007504225,0.06890999793540686,15.196362001006491,0,8
193,0200031.png,0.8664080014568754,0.27997399593004957,13.233179000962991,0.4135850031161681,0.07016600284259766,14.915846004441846,0,1
194,0200032.png,0.8156670010066591,0.2560059947427362,14.305425000202376,0.39270299748750404,0.07026299863355234,15.883289001067169,0,1
195,0200036.png,0.9001389989862218,0.24834299983922392,13.6587020024308,0.4098010031157173,0.07111799641279504,15.341910999268293,0,1
196,0201005.png,0.9534400014672428,0.2844640039256774,13.67298699915409,0.3853450034512207,0.0662239981465973,15.41733399790246,0,1
197,0201007.png,0.8551130013074726,0.26187399635091424,14.626773998315912,0.44707200140692294,0.06981300248298794,16.312088999256957,0,1
198,0201019.png,0.7499429993913509,0.2500260015949607,14.029600002686493,0.37412199890241027,0.07086300320224836,15.516428000410087,0,1
199,0202003.png,0.8939269973780029,0.28218400257173926,13.908562003052793,0.42766399565152824,0.07827999797882512,15.639678000297863,0,1
200,0202005.png,0.8629320000181906,0.31135400058701634,13.783665002847556,0.3633199958130717,0.06508699880214408,15.440491995832417,0,2
201,0202014.png,0.9099170056288131,0.41224100277759135,14.180580001266208,0.3793889991356991,0.065510997956153,15.999146999092773,0,1
202,0203001.png,0.8557429973734543,0.2440509997541085,13.959944997623097,0.4311679949751124,0.07172199548222125,15.607535999151878,0,3
203,0203007.png,0.9305269995820709,0.2665610008989461,13.656002003699541,0.38826400123070925,0.0670950030325912,15.36081299855141,0,2
204,0203008.png,0.8761179997236468,0.2958750046673231,13.698832997761201,0.3663159950519912,0.06650500290561467,15.354998002294451,0,1
205,0203009.png,0.7836950026103295,0.25516100140521303,13.76149000134319,0.3893920002155937,0.06507900252472609,15.296131998184137,0,2
206,0203010.png,0.7761679953546263,0.2472810010658577,13.92696800030535,0.3974690043833107,0.07229400216601789,15.460355003597215,0,2
207,0203012.png,0.9290110028814524,0.3215729957446456,13.611886999569833,0.4112469978281297,0.0679279983160086,15.386325001600198,0,3
208,0203015.png,0.9541079998598434,0.2761610012385063,13.39244400151074,0.5398259963840246,0.07145600102376193,15.285121000488289,0,9
209,0203016.png,0.7822750048944727,0.3213079980923794,13.220701999671292,0.3286990031483583,0.05955000233370811,14.751189002708998,0,3
210,0203020.png,0.7905650054453872,0.3480399973341264,14.326009004435036,0.36567699862644076,0.06553999992320314,15.949716995237395,0,1
211,0203021.png,0.8467929947073571,0.2825299961841665,13.611433998448774,0.3491460010991432,0.06059299630578607,15.21063200198114,0,2
212,0204002.png,0.8497739981976338,0.29035999614279717,13.594503994681872,0.34504000359447673,0.06353299977490678,15.199369998299517,0,1
213,0204018.png,0.8479579992126673,0.2938979960163124,13.669059000676498,0.3524569983710535,0.06597900210181251,15.293272997951135,0,2
214,0204020.png,0.7633100030943751,0.3359589973115362,13.051932997768745,0.37407499621622264,0.0624210006208159,14.639217995863874,0,2
215,0204023.png,0.7578200020361692,0.2447480001137592,12.70626000041375,0.35273999674245715,0.062052997236605734,14.169779999065213,0,5
216,0205001.png,0.801609996415209,0.2341739964322187,13.188046999857761,0.3517379955155775,0.06603899964829907,14.685794005345087,0,3
217,0205002.png,0.7696890024817549,0.25847000506473705,14.22453900158871,0.3846239997074008,0.07626099977642298,15.753846004372463,0,2
218,0205011.png,0.8244269993156195,0.25571900187060237,14.068405005673412,0.39653899875702336,0.0651360023766756,15.658796997740865,0,3
219,0400002.png,0.9149329998763278,0.27519799914443865,25.61129300011089,0.7683069998165593,0.138486000651028,27.76444000483025,0,3
220,0400024.png,0.9451919977436773,0.3309290041215718,18.428843999572564,0.3785640001296997,0.06489000224974006,20.200787999783643,0,2
221,0400025.png,0.931779999518767,0.2470520048518665,14.089714000874665,0.39530500362161547,0.06478999421233311,15.772211998410057,0,2
222,0400027.png,0.911117997020483,0.23829600104363635,13.825987000018358,0.35442199441604316,0.06384599691955373,15.439672002685256,0,6
223,0400028.png,0.91603599867085,0.24372000189032406,13.763609997113235,0.3567989988368936,0.06092200055718422,15.383132005808875,0,4
224,0400036.png,0.8776460017543286,0.23158900148700923,13.463006995152682,0.3449549985816702,0.06424500315915793,15.018275000329595,0,1
225,0401014.png,0.7983820032677613,0.24033999943640083,13.571231997048017,0.37405700277304277,0.06615999882342294,15.090761000465136,0,12
226,0401015.png,0.831469995318912,0.2623699983814731,13.379547999647912,0.34449999657226726,0.06219100032467395,14.931277997675352,0,1
227,0401029.png,0.8495840011164546,0.24779299565125257,13.670104002812877,0.3630879946285859,0.06253200263017789,15.242192996083759,0,3
228,0401031.png,0.8740980047150515,0.2686380030354485,13.220417000411544,0.3452680030022748,0.06161499914014712,14.821460004895926,0,2
229,0401035.png,0.962064994382672,0.25578799977665767,13.915419003751595,0.36114000249654055,0.06534400017699227,15.609603993652854,0,1
230,0401039.png,0.9835019955062307,0.24413900246145204,13.91967199742794,0.40927900408860296,0.0673220056341961,15.676218004955444,0,2
231,0401040.png,0.9262249950552359,0.24353700428036973,13.845581997884437,0.36417500086827204,0.06483699689852074,15.493832004722208,0,3
232,0401045.png,0.917094002943486,0.25155500043183565,13.76776400138624,0.3688389988383278,0.08068400347838178,15.431836000061594,0,1
233,0401075.png,0.9230649957316928,0.238840002566576,13.637866999488324,0.3520989994285628,0.06344299617921934,15.257723003742285,0,12
234,0402005.png,0.8786840044194832,0.24447699979646131,13.441004004562274,0.3474199984339066,0.06298800144577399,15.023525003925897,0,1
235,0402006.png,0.82661300257314,0.25961700157495216,14.804537000600249,0.4095919939572923,0.07397399895126,16.41786099935416,0,3
236,0402014.png,0.9028880012920126,0.28089900297345594,14.60471100290306,0.3854120004689321,0.07355400157393888,16.303860997140873,0,15
237,0402017.png,0.9867150001809932,0.31063899950822815,15.527236995694693,0.39400599780492485,0.06834699888713658,17.346533000818454,0,4
238,0402018.png,0.9439580026082695,0.2432610053801909,15.849112001887988,0.38332799886120483,0.0708029983798042,17.54236000124365,0,3
239,0402019.png,0.9603639991837554,0.28971299616387114,33.23023200209718,0.8593199963797815,0.1298240022151731,35.52781100006541,1,2
240,0402022.png,1.0975990007864311,0.42743900121422485,18.390689001535065,0.39518899575341493,0.06709100125590339,20.458678001887165,0,5
241,0402023.png,0.9679499999037944,0.27097300335299224,14.927614996850025,0.3586169987102039,0.06577900057891384,16.644418996293098,0,1
242,0402028.png,0.9602830032235943,0.23524399875896052,13.527217997761909,0.3670309961307794,0.06269499863265082,15.20636999339331,0,5
243,0402032.png,0.9473400059505366,0.3222029990865849,13.435357999696862,0.372495996998623,0.06348700117086992,15.192102000582963,0,5
244,0403009.png,0.9471930025028996,0.252392994298134,13.709778002521489,0.4180610048933886,0.07092500163707882,15.46922599663958,0,3
245,0403012.png,0.8462530022370629,0.2765990066109225,14.352407997648697,0.4245930031174794,0.07208299939520657,16.017269001167733,0,5
246,0403017.png,0.8096620003925636,0.31126899557420984,13.89540499803843,0.3779519975068979,0.0688800064381212,15.51196299988078,0,1
247,0403020.png,0.8364750028704293,0.25886100047500804,13.423256001260597,0.3517739969538525,0.061263002862688154,14.972898999985773,0,3
248,0403023.png,0.81270399823552,0.26151300698984414,13.594689997262321,0.3926110002794303,0.0692409957991913,15.17956599855097,0,2
249,0403030.png,0.8221419993788004,0.24685599782969803,13.704236000194214,0.38795599539298564,0.06672600284218788,15.280865001841448,0,1
250,0403032.png,0.8098070029518567,0.2361980004934594,14.815864000411239,0.3852180016110651,0.0671579982736148,16.356258005544078,0,3
251,0403035.png,0.9465179973631166,0.24944399774540216,14.140190003672615,0.3628699996625073,0.06674299947917461,15.807561001565773,0,1
252,0403036.png,0.9584400031599216,0.2423190016997978,13.557337995734997,0.37009199877502397,0.06668300193268806,15.246459995978512,0,1
253,0403037.png,0.9444530005566776,0.2736469978117384,13.340919998881873,0.35446800029603764,0.061950995586812496,15.023429994471371,0,2
254,0403045.png,0.9023799939313903,0.26434799656271935,12.735217998852022,0.3465730042080395,0.06289599696174264,14.352117999806069,0,8
255,0403046.png,0.8585510004195385,0.23965100263012573,13.166881995857693,0.35603000287665054,0.06409199704648927,14.735711003595497,0,1
256,0403051.png,0.8140410063788295,0.24969500373117626,13.954710004327353,0.36175399873172864,0.06578199827345088,15.500273999350611,0,6
257,0404005.png,0.8430220041191205,0.23770999541739002,13.378289004322141,0.27096099802292883,0.026744994102045894,14.798201998928562,0,0
258,0404014.png,0.924007996218279,0.25950900453608483,13.789711003482807,0.3721979956026189,0.06501600000774488,15.457314999366645,0,1
259,0404018.png,0.934871997742448,0.2430079985060729,13.686926002264954,0.36650100082624704,0.06348000169964507,15.343912004027516,0,2
260,0404025.png,0.8921379994717427,0.24335300258826464,13.729471997066867,0.38368899549823254,0.09538500307826325,15.386051003588364,0,5
261,0404026.png,0.9497969949734397,0.2610299998195842,13.47556399559835,0.3544930004864,0.06301199755398557,15.155275999859441,0,2
262,0404029.png,0.8577109983889386,0.24506799672963098,17.90555100160418,0.8487980012432672,0.13877699529984966,20.053997002833057,0,1
263,0404032.png,0.8565449970774353,0.351476002833806,34.24708099919371,0.764590993640013,0.11532400094438344,36.37752200302202,1,3
264,0404034.png,0.9173810030915774,0.3150529955746606,32.71457299706526,0.6071200041333213,0.0845280010253191,34.68653999880189,1,2
265,0404043.png,0.9238439961336553,0.2627590001793578,14.362485999299679,0.4049440030939877,0.06898099672980607,16.065361000073608,0,2
266,0404044.png,0.9362920027342625,0.24221400235546753,13.501340996299405,0.3586210004868917,0.0656810007058084,15.154590000747703,0,2
267,0404049.png,0.8262889969046228,0.2926980014308356,13.703401004022453,0.37744899600511417,0.06816600216552615,15.317491997848265,0,2
268,06000003.png,0.8380840008612722,0.2439499949105084,13.758618995780125,0.4527159981080331,0.0803340008133091,15.415668000059668,0,2
269,06000014.png,1.0280759961460717,0.3374899970367551,14.274948996899184,0.37226999847916886,0.0776189990574494,16.1480050010141,0,4
270,06000019.png,0.9576890006428584,0.28215799829922616,14.292487998318393,0.4245410018484108,0.08604799950262532,16.09863599878736,0,6
271,06000022.png,1.003272998786997,0.3528460001689382,14.737395002157427,0.34697100636549294,0.06665500404778868,16.551396998693235,0,3
272,06000023.png,1.0513059969525784,0.27933700039284304,13.931355999375228,0.39284100057557225,0.0789500045357272,15.779709996422753,0,2
273,06000029.png,0.867529000970535,0.2915009972639382,13.31831199786393,0.36417099909158424,0.0657540003885515,14.960063999751583,0,2
274,06000044.png,0.8923790010157973,0.3172130018356256,13.805892995151225,0.3821020000032149,0.07159000233514234,15.521691006142646,0,9
275,06000053.png,0.9165629962808453,0.28042699705110863,13.919422999606468,0.3810030029853806,0.07175200153142214,15.624210995156318,0,16
276,06000063.png,1.0713469964684919,0.2858040024875663,14.523404999636114,0.3811190035776235,0.09269700240110978,16.411097996751778,0,3
277,06000077.png,1.0093289965880103,0.31338199914898723,13.64788899809355,0.3489049995550886,0.06661799852736294,15.43573699746048,0,2
278,06000093.png,1.0020889967563562,0.26633399829734117,14.164877000439446,0.4446050006663427,0.08789200364844874,16.019283000787254,0,5
279,06000094.png,0.9078150033019483,0.29971999902045354,14.697603000968229,0.38214699452510104,0.06898099672980607,16.411123004218098,0,3
280,06010001.png,0.9162779970210977,0.2814479958033189,15.493312996113673,0.3936889988835901,0.06695200136164203,17.202995004481636,0,3
281,06010015.png,0.8952420030254871,0.2739179981290363,14.95017200068105,0.4076789991813712,0.06432899681385607,16.649179997330066,0,4
282,06010017.png,0.9494479963905178,0.2649269954417832,14.59814100235235,0.4489249986363575,0.07996799831744283,16.399462998379022,0,3
283,06010018.png,1.0475759991095401,0.3354360014782287,15.08896299492335,0.4015010053990409,0.06755199865438044,17.007383998134173,0,23
284,06010022.png,0.8642169996164739,0.2684350038180128,13.216961997386534,0.3421399960643612,0.06214600580278784,14.797571995586623,0,1
285,06010026.png,0.8391660012421198,0.23518600210081786,13.907861997722648,0.36677500611403957,0.06579999899258837,15.462984003534075,0,2
286,06010028.png,0.9079910014406778,0.2629970040288754,13.534282996261027,0.36134100082563236,0.06316399958450347,15.184632000455167,0,5
287,06010030.png,0.83618400094565,0.2430929962429218,13.284856999234762,0.3497420038911514,0.06549599493155256,14.828933002718259,0,2
288,06010032.png,0.9667350022937171,0.2487500023562461,14.481653997791,0.3822490034508519,0.07431699486915022,16.2163060012972,0,3
289,06010035.png,0.9359809992020018,0.2893130003940314,13.611863003461622,0.4063079977640882,0.12861099821748212,15.422015996591654,0,5
290,06010039.png,0.8867440046742558,0.3347989986650646,13.728311001614202,0.3481759995338507,0.06356900121318176,15.401869000925217,0,6
291,0800006.png,0.8494099965901114,0.2653620031196624,13.407238999207038,0.3629420025390573,0.07019199983915314,15.002931999333669,0,1
292,0800007.png,0.8752460053074174,0.24234200100181624,13.366692001000047,0.36414500209502876,0.06500500603578985,14.953294994484168,0,7
293,0800008.png,0.9041739976964891,0.2543099981267005,13.537108003220055,0.34289900213479996,0.06104199565015733,15.145585995924193,0,2
294,0800011.png,0.9121629991568625,0.24926100013544783,13.016835000598803,0.3423020025365986,0.11414099571993575,14.682270004414022,0,4
295,0800012.png,0.916110999241937,0.24888800544431433,13.090508000459522,0.3617100010160357,0.06535199645441025,14.730445000168402,0,3
296,0800018.png,0.8584429961047135,0.24283499806188047,13.324068000656553,0.37795300158904865,0.06473199755419046,14.917366999725346,0,3
297,0800019.png,0.8764410013100132,0.25140900106634945,14.003468997543678,0.8202570024877787,0.1344090051134117,16.13804900262039,0,5
298,0800026.png,1.0030110061052255,0.4508210040512495,27.829036000184715,0.3678479988593608,0.06562299677170813,29.883513998356648,0,5
299,0800029.png,0.9477019993937574,0.24044000019785017,13.760565001575742,0.48273599531967193,0.08762899960856885,15.567450995149557,0,1
300,0800034.png,0.8991270005935803,0.2945570013253018,17.26269100618083,0.3624300006777048,0.063596002291888,18.937367996841203,0,2
301,0800037.png,0.9106719953706488,0.24254000163637102,13.888763998693321,0.3642570009105839,0.06876800034660846,15.515150997089222,0,1
302,0800041.png,0.9322959958808497,0.25618699874030426,13.730561004194897,0.3673899991554208,0.06619699706789106,15.40972899965709,0,1
303,1000006.png,0.9058610012289137,0.23374599550152197,14.208588007022627,0.3682509995996952,0.06842600123491138,15.83658299932722,0,1
304,1000012.png,0.8684639979037456,0.28201199893373996,13.594611002190504,0.37741399864898995,0.06442300218623132,15.234027996484656,0,5
305,1000019.png,0.8560319984098896,0.2417009964119643,13.69556000281591,0.35793500137515366,0.06437800038838759,15.264049994584639,0,4
306,1000025.png,0.8800539944786578,0.4522090021055192,14.548428996931762,0.3840159988612868,0.06628000119235367,16.38864599954104,0,9
307,1000044.png,0.8851730017340742,0.23771699488861486,13.704894001421053,0.3891809974447824,0.06838500121375546,15.337960998294875,0,3
308,1000055.png,0.8934350044000894,0.24722100351937115,14.039815003343392,0.37447200156748295,0.06837300315964967,15.679101001296658,0,2
309,1119001.png,0.9308849985245615,0.24230199778685346,13.93248900421895,0.35592300264397636,0.06338900129776448,15.578113998344634,0,1
310,1119004.png,0.9329280001111329,0.24095299886539578,13.346037005248945,0.34693099587457255,0.06350599869620055,14.980133004428353,0,3
311,1119014.png,0.8699030004208907,0.24037699768086895,13.114935005432926,0.3856609982904047,0.06777100497856736,14.72762000048533,0,2
312,1119017.png,0.8482079938403331,0.24788900191197172,13.22190299833892,0.3550909968907945,0.06337100057862699,14.776771997276228,0,1
313,1119018.png,0.8532800056855194,0.23794900334905833,13.643163998494856,0.3496170029393397,0.06312900222837925,15.194799998425879,0,2
314,1119024.png,0.9213079974870197,0.25689800531836227,13.752384998952039,0.35499100340530276,0.06128200038801879,15.393059999041725,0,2
315,1119026.png,0.8779190029599704,0.26116299704881385,13.271280004119035,0.35927000135416165,0.06281900277826935,14.8773760010954,0,1
316,1119031.png,0.8530050035915338,0.23060500097926706,13.331219997780863,0.3702239991980605,0.06334299541777,14.889040998241398,0,6
317,1119032.png,0.8846929995343089,0.2523969960748218,13.174847998016048,0.361509999493137,0.05956499808235094,14.80031899700407,0,1
318,1119043.png,0.8392399977310561,0.25034500140463933,13.482408998243045,0.36709700361825526,0.06001799920341,15.035948003060184,0,3
319,1119045.png,0.8930890035117045,0.24973499967018142,12.521761003881693,0.4046589965582825,0.06525400385726243,14.172694005537778,0,5
320,1120011.png,0.9048849969985895,0.2804320029099472,12.589532001584303,0.3364909935044125,0.05411900201579556,14.21212000423111,0,1
321,1120018.png,1.0423679996165447,0.38365699583664536,13.350439003261272,0.3496979988995008,0.06340200343402103,15.252133998728823,0,4
322,1120022.png,0.9529789967928082,0.36981599987484515,13.501531997462735,0.34893100382760167,0.06187599501572549,15.28831400355557,0,6
323,1120037.png,0.8796309994067997,0.23209399660117924,13.694936002139002,0.36887000169372186,0.08344499656232074,15.305233995604794,0,5
324,1120039.png,0.8802779993857257,0.25557899789419025,14.30070199421607,0.33791099849622697,0.08788100240053609,15.901568003755528,0,12
325,1120041.png,0.8900440006982535,0.2298300023539923,13.625984000100289,0.36809399898629636,0.0617320038145408,15.21629499620758,0,1
326,1120058.png,0.8918399980757385,0.24603800557088107,13.315625001268927,0.3360439950483851,0.06173599831527099,14.902597999025602,0,9
327,1120060.png,0.8776869944995269,0.24250400019809604,13.354709000850562,0.3554149952833541,0.06261300586629659,14.93732300150441,0,6
328,1121006.png,0.9413629959453829,0.24576299620093778,13.200859997596126,0.3596179958549328,0.06240099901333451,14.86006600316614,0,7
329,1121013.png,0.9257589990738779,0.24036200193222612,13.944748003268614,0.35204899904783815,0.06262999522732571,15.56924199394416,0,3
330,1128020.png,0.8809589999145828,0.23391600552713498,13.592267998319585,0.36438400275073946,0.06327200389932841,15.185642994765658,0,3
331,1128029.png,0.880789004440885,0.2518719993531704,13.693380002223421,0.36018399987369776,0.06787500024074689,15.305161003198009,0,3
332,1128049.png,0.9434739986318164,0.25238400121452287,14.063267997698858,0.3608370025176555,0.06217700138222426,15.73314999404829,0,2
333,1128051.png,0.8935969963204116,0.22664100106339902,14.349755998409819,0.41895399772329256,0.06370699702529237,15.995619003660977,0,3
334,1128054.png,0.979096999799367,0.2728339968598448,13.620687001093756,0.36166900099487975,0.06570400000782683,15.34868500311859,0,8
335,1130007.png,0.9617960022296757,0.29008599813096225,13.924838000093587,0.38110999594209716,0.06417799886548892,15.66794700192986,0,1
336,1130014.png,0.7995970008778386,0.2422540055704303,13.458142995659728,0.34435999987181276,0.06003800081089139,14.950297998439055,0,5
337,1130021.png,0.8555079984944314,0.2584989997558296,13.650327004143037,0.37637499917764217,0.06462600140366703,15.246283997839782,0,3
338,1130023.png,0.8932440032367595,0.24663400108693168,13.764651004748885,0.38467599370051175,0.06779900286346674,15.408042003400624,0,16
339,1130024.png,0.8744189981371164,0.25636699865572155,13.401905001956038,0.43256700155325234,0.0669879955239594,15.07690199650824,0,13
340,1130026.png,0.8769370033405721,0.25502000062260777,13.21282000571955,0.34334899828536436,0.06224300159374252,14.794225004152395,0,11
341,1130048.png,0.9021559963002801,0.2621320018079132,13.153847001376562,0.382669000828173,0.061555998399853706,14.810943997872528,0,4
342,1130053.png,0.9722169997985475,0.2374579999013804,13.855844998033717,0.3838580014416948,0.07920899952296168,15.58289300010074,0,6
343,1130054.png,0.9652410008129664,0.24781499814707786,13.919994999014307,0.38084200059529394,0.06297900108620524,15.618724006344564,0,1
344,1180002.png,0.9449639983358793,0.25800400180742145,14.16625199635746,0.38582600245717913,0.07655999797862023,15.884158005064819,0,8
345,1180022.png,0.8188560022972524,0.24929600476752967,14.688477000163402,0.38182899879757315,0.07441599882440642,16.257336996204685,0,7
346,1180027.png,0.8706059961696155,0.24624200159450993,13.538967999920715,0.3692259997478686,0.06247899727895856,15.140980001888238,0,2
347,1180033.png,0.8900450047804043,0.24826700246194378,12.935691003804095,0.34092299756594,0.06143999780761078,14.517971001623664,0,2
348,1180035.png,0.9124200005317107,0.2629890004754998,12.999382000998594,0.3674339968711138,0.08756999886827543,14.673801997560076,0,5
349,1180042.png,0.8749440021347255,0.2807040000334382,13.327366003068164,0.3809489935520105,0.06634700548602268,14.970120995712932,0,1
350,1180045.png,0.8491030021104962,0.3481759995338507,14.004800999828149,0.3702930043800734,0.06502899486804381,15.679397001804318,0,3
351,1180047.png,0.9088789956877008,0.2769089987850748,13.59595299436478,0.36759499926120043,0.08188500214600936,15.279316998203285,0,3
352,1243003.png,0.9619460033718497,0.2343360029044561,13.204410999605898,0.3736770013347268,0.06541200127685443,14.883967000059783,0,1
353,1243006.png,0.9466930059716105,0.2813860046444461,14.22708300378872,0.3672820021165535,0.06549600220751017,15.933187998598441,0,7
354,1243014.png,0.9989800018956885,0.24562400358263403,13.504521004506387,0.36578399885911494,0.06335999933071434,15.228545002173632,0,3
355,1246017.png,0.8644190020277165,0.2485470031388104,14.179343997966498,0.3657000052044168,0.06475800182670355,15.7879199978197,0,1
356,1246024.png,0.936558993998915,0.24204800138249993,13.770041994575877,0.3967989978264086,0.06495399429695681,15.46218000294175,0,1
357,1246048.png,0.9983899944927543,0.38582499837502837,13.528973999200389,0.37997699837433174,0.06543600466102362,15.417419002915267,0,2
358,1249001.png,0.9087989965337329,0.24506999761797488,13.438823007163592,0.3598460025386885,0.06672700692433864,15.06058900122298,0,2
359,1249008.png,0.9415750027983449,0.24183899950003251,14.039797999430448,0.379391000024043,0.06749000021954998,15.72362199658528,0,2
360,1249017.png,0.9149760007858276,0.2489909966243431,14.910935999068897,0.4124139959458262,0.07766899943817407,16.60826900479151,0,6
361,1249027.png,0.9703949981485493,0.27751399466069415,13.821187007124536,0.36537900450639427,0.0632049996056594,15.549423995253164,0,6
362,1249037.png,0.9318459997302853,0.25958499463740736,14.067670002987143,0.4196579975541681,0.07105399708962068,15.79774499987252,0,2
363,1249039.png,0.9863660015980713,0.306226997054182,15.043512001284398,0.44168499880470335,0.07365600322373211,16.93279300525319,0,3
364,1249041.png,0.9803959983401,0.30535500263795257,15.976754002622329,0.4675189993577078,0.08944499859353527,17.874125005619135,0,3
365,1249044.png,1.017049995425623,0.41936900379369035,15.18544399732491,0.4072759984410368,0.07835299766156822,17.167810998216737,0,1
366,1249047.png,1.1146459946758114,0.4549060031422414,16.142840999236796,0.38952600152697414,0.07195900252554566,18.257229996379465,0,5
367,1249049.png,0.9884920000331476,0.31274600041797385,13.683124001545366,0.4612099946825765,0.07084100070642307,15.575470999465324,0,4
368,1249057.png,0.9090390012715943,0.24179500178433955,13.395877002039924,0.4439650001586415,0.07831899711163715,15.11658100207569,0,2
369,1249058.png,0.9224659952451475,0.2492339990567416,12.844174001656938,0.37370800419012085,0.060461999964900315,14.496488998702262,0,1
370,1252020.png,1.0696570025174879,0.3462070017121732,13.66100599989295,0.2720740012591705,0.028919006581418216,15.440458002558444,0,0
371,1252023.png,1.1017059950972907,0.311111994960811,13.960069001768716,0.3784399959840812,0.05935900117037818,15.865949004364666,0,1
372,1252036.png,0.7853789938963018,0.32895099866436794,13.704028002393898,0.36190199898555875,0.05861400131834671,15.485554999031592,0,1
373,1254012.png,1.1022420003428124,0.42874000064330176,13.194372004363686,0.3672219972941093,0.057737001043278724,15.234061997034587,0,3
374,1254021.png,0.8279389949166216,0.2541050052968785,13.267711998196319,0.35167299938621,0.05666999641107395,14.793485999689437,0,3
375,1255001.png,0.9426010001334362,0.25412999821128324,14.13938600308029,0.3620209972723387,0.06465600017691031,15.81060799799161,0,1
376,1255003.png,0.9781550033949316,0.2367509951000102,13.789971999358386,0.34738300018943846,0.06639500497840345,15.469635000044946,0,4
377,1255009.png,0.8998940029414371,0.24309800210176036,13.568465001299046,0.3548829990904778,0.06078700243961066,15.177261004282627,0,1
378,1255010.png,0.9604950028005987,0.2500689952285029,13.56496899825288,0.35565700090955943,0.06234300235519186,15.244968999468256,0,2
379,1256006.png,0.9245589972124435,0.22864299535285681,14.397412996913772,0.3534720017341897,0.06379499973263592,16.008086000510957,0,4
380,1256033.png,0.9405710006831214,0.25165200349874794,13.618450000649318,0.3483580003376119,0.06846100586699322,15.281605999916792,0,1
381,1256036.png,0.9838700061663985,0.24746400595176965,13.576277997344732,0.3882320015691221,0.06476500129792839,15.30705999903148,0,1
382,1256045.png,0.9489120056969114,0.2850620003300719,30.54007400351111,0.7635479996679351,0.11323999933665618,32.693852997908834,0,3
383,1257015.png,0.9594369985279627,0.35108899464830756,14.051491001737304,0.3424890019232407,0.06014300015522167,15.810172000783496,0,2
384,1257022.png,0.9883759994409047,0.2774700042209588,14.15238699701149,0.3782090061577037,0.06597299943678081,15.913536000880413,0,2
385,1257028.png,0.8153029993991368,0.2441139949951321,13.317539000126999,0.33637099841143936,0.06110699905548245,14.816747003351338,0,1
386,1257033.png,0.9436849941266701,0.2551750003476627,13.778027998341713,0.35443199885776266,0.06024700269335881,15.432348001922946,0,4
387,1257036.png,0.8639529987704009,0.24578000011388212,13.82203800312709,0.4518140049185604,0.07786700007272884,15.505753995967098,0,3
388,1262006.png,0.8960930063039996,0.29056600033072755,14.423428998270538,0.36520700086839497,0.06382800347637385,16.08357400255045,0,3
389,1262023.png,0.9232000011252239,0.2318090046173893,12.906740004837047,0.3484659973764792,0.06160500197438523,14.513525005895644,0,4
390,1262029.png,0.871071002620738,0.2572550001787022,12.943444002303295,0.3705179988173768,0.064129002566915,14.54710699908901,0,2
391,1265019.png,0.8983880034065805,0.23896399943623692,13.466622003761586,0.38343399501172826,0.06595499871764332,15.109728003153577,0,5
392,1265032.png,0.9424750023754314,0.23741000040899962,13.832738004566636,0.3921589959645644,0.06640500214416534,15.523802998359315,0,3
393,1265047.png,0.9069070001714863,0.23758500174153596,13.226684000983369,0.35829300031764433,0.05825200059916824,14.828931001829915,0,7
394,1265049.png,0.8977840043371543,0.2629529990372248,12.806056998670101,0.34865899942815304,0.06106700311647728,14.41518100182293,0,3
395,1265063.png,0.8529449987690896,0.24335899797733873,13.759610999841243,0.35809900145977736,0.0644550018478185,15.33694699901389,0,3
396,1265073.png,0.9670660001575015,0.2385480038356036,13.878846002626233,0.3576359958969988,0.06573500286322087,15.558734005026054,0,1
397,1265075.png,0.9218249979312532,0.2636279969010502,14.193827999406494,0.3604989979066886,0.06384399603120983,15.856357000302523,0,1
398,1265085.png,0.9819280021474697,0.2680809993762523,13.781555004243273,0.3692499958560802,0.06533399573527277,15.52348599943798,0,1
399,1265086.png,0.9545150023768656,0.2588839997770265,13.871467002900317,0.398536998545751,0.06674500036751851,15.600313003233168,0,5
400,1265094.png,0.9053260000655428,0.2384999970672652,13.299186997755896,0.3455810001469217,0.06065599882276729,14.894477993948385,0,13
401,1265096.png,0.9937200011336245,0.31320600101025775,13.900938000006136,0.37446199712576345,0.06602200301131234,15.691406995756552,0,2
402,1265097.png,0.9104650016524829,0.2543299997341819,13.46451500285184,0.39590300002601,0.06180600030347705,15.131154999835417,0,4
403,1265099.png,0.9255090044462122,0.2539569977670908,12.951702003192622,0.3634630047599785,0.05874699854757637,14.596529996197205,0,1
404,1265104.png,0.777205998019781,0.2795250038616359,13.055366005573887,0.3504659980535507,0.06399399717338383,14.566607998858672,0,1
405,1265109.png,0.9150600017164834,0.2530609999666922,14.594191001378931,0.3849770000670105,0.07040300260996446,16.26599500013981,0,3
406,1266007.png,0.9442920054425485,0.2759400013019331,13.921726000262424,0.36789500154554844,0.06245700205909088,15.623751998646185,0,5
407,1266016.png,1.028868995490484,0.25402900064364076,14.02626799972495,0.38174400106072426,0.06485300400527194,15.809492993867025,0,3
408,1266024.png,0.9955150017049164,0.24461700377287343,13.934419002907816,0.3394359955564141,0.0774529980844818,15.643107006326318,0,1
409,1266032.png,0.8391800001845695,0.24525800108676776,13.928487998782657,0.3626690013334155,0.06770899926777929,15.487092001421843,0,4
410,1266033.png,0.8897270017769188,0.23700599558651447,14.421288993617054,0.3954799976781942,0.06814600055804476,16.062871996837202,0,7
411,1266044.png,1.0445869993418455,0.24997499713208526,13.528575000236742,0.36539299617288634,0.06276299973251298,15.304184998967685,0,8
412,1266049.png,0.9617239993531257,0.23658200370846316,13.64224600547459,0.35887900594389066,0.06320400279946625,15.312649004044943,0,2
413,1266056.png,0.8536669993191026,0.2480549956089817,19.49914400029229,0.41047200647881255,0.13281999417813495,21.195687004365027,0,1
414,1266060.png,0.9636179966037162,0.46327900054166093,30.605003994423896,0.37137600156711414,0.06835700332885608,32.5351529972977,0,3
415,1267001.png,1.000684998871293,0.281284999800846,13.403712997387629,0.40868300129659474,0.06470399966929108,15.211102996545378,0,7
416,1267006.png,0.7735549952485599,0.23609400523127988,13.478549000865314,0.36863899731542915,0.06409999332390726,14.959243999328464,0,8
417,1267009.png,1.0571110033197328,0.2337929981877096,12.9961779966834,0.927324996155221,0.08015400089789182,15.34353700117208,0,2
418,1267017.png,0.9728030054247938,0.37807899934705347,33.242705001612194,0.7665469966013916,0.1352889958070591,35.540466000384185,1,2
419,1267037.png,0.8192400055122562,0.3420450011617504,27.642774002742954,0.3844439997919835,0.0683799953549169,29.299643996637315,0,2
420,1267063.png,1.0932470031548291,0.27372899785405025,13.672394001332577,0.3498540027067065,0.08020699897315353,15.518927000812255,0,4
421,1267072.png,1.0886090021813288,0.25638700026320294,13.481756999681238,0.37105000228621066,0.058633006119634956,15.308173999073915,0,8
422,1267090.png,0.8578489942010492,0.25230099709006026,13.708203005080577,0.37860700103919953,0.06805099837947637,15.312779003579635,0,2
423,1267112.png,1.0978689970215783,0.2889400057028979,14.537739996740129,0.411540997447446,0.07330499647650868,16.463471001770813,0,6
424,1267114.png,1.09635699482169,0.2815370025928132,13.569260001531802,0.3864350001094863,0.059591999161057174,15.463151001313236,0,10
425,1267120.png,0.9727470023790374,0.25126100081251934,13.689313003851566,0.3854910028167069,0.09112199768424034,15.430377003212925,0,6
426,1267122.png,1.05051499849651,0.2765770041150972,13.714806002099067,0.378676995751448,0.0674880066071637,15.535928003373556,0,3
427,1270003.png,0.813464997918345,0.2627059948281385,13.980974996229634,0.39666800148552284,0.07917799666756764,15.581490995828062,0,2
428,1270005.png,1.13001000136137,0.34742100251605734,14.382533998286817,0.3761409971048124,0.06710500019835308,16.36140199843794,0,4
429,1270014.png,0.8404620020883158,0.2676419971976429,13.849968003341928,0.36320499930297956,0.06508400110760704,15.438416994584259,0,4
430,1270017.png,0.8830549995764159,0.2757929978542961,14.059218003239948,0.36517099943012,0.06594099977519363,15.7040979975136,0,1
431,1270019.png,0.8305989977088757,0.24848500470397994,14.849765997496434,0.41303499892819673,0.07365299825323746,16.458944999612868,0,2
432,1270034.png,0.8615990009275265,0.29310899844858795,14.240118995076045,0.4056510006194003,0.06773300265194848,15.92404099937994,0,4
433,1270043.png,0.8755630042287521,0.27921199944103137,14.301367998996284,0.38153299828991294,0.06893500540172681,15.962871002557222,0,6
434,1270056.png,0.8949969997047447,0.28398900030879304,14.478719000180718,0.39211100374814123,0.06370099436026067,16.168413996638265,0,2
435,1270059.png,0.8152899972628802,0.2843309994204901,14.532326997141354,0.38232700171647593,0.06500299787148833,16.124888003105298,0,5
436,1270062.png,0.8304799994220957,0.2506320015527308,13.973878994875122,0.36601699684979394,0.06447700434364378,15.5390600048122,0,8
437,1270063.png,0.8322020003106445,0.26885799888987094,13.310853006260004,0.3832720030914061,0.06672299787169322,14.911389000189956,0,4
438,1270072.png,0.8072689961409196,0.23792700085323304,14.29378899774747,0.37389499630080536,0.06837299588369206,15.829042997211218,0,4
439,1270083.png,0.84353700367501,0.26315299328416586,14.253599998482969,0.3851079964078963,0.06539199966937304,15.864062996115535,0,5
440,1270090.png,0.8170580040314235,0.25220899988198653,14.414286000828724,0.36559999716700986,0.06665500404778868,15.964876001817174,0,9
441,1270100.png,0.8034179991227575,0.2474510038155131,14.132427997537889,0.3740879983524792,0.06588800169993192,15.66647199797444,0,4
442,1274019.png,0.9072030006791465,0.2793769963318482,17.73774000321282,0.41282099846284837,0.06993699935264885,19.45024900487624,0,2
443,1274026.png,0.9334280039183795,0.25683500280138105,14.026041004399303,0.36708499828819185,0.0650610018055886,15.697975999501068,0,5
444,1274034.png,0.9200710046570748,0.2636950011947192,13.749188001384027,0.35431599826551974,0.06464799662353471,15.400488002342172,0,4
445,1274043.png,1.038966998748947,0.24856799427652732,13.75057199766161,0.37002900353400037,0.06438299897126853,15.522536996286362,0,1
446,1274044.png,1.0422949999338016,0.25322899455204606,13.450689002638683,0.3471949967206456,0.061348000599537045,15.204262999759521,0,3
447,1276002.png,0.80954499571817,0.23666299966862425,13.953730995126534,0.3534049974405207,0.06458500138251111,15.464028998394497,0,2
448,1276004.png,0.8345120004378259,0.2469019964337349,13.688810002349783,0.35573200148064643,0.06454100366681814,15.239088999805972,0,2
449,1276007.png,0.7946989935589954,0.2377659984631464,13.434512999083381,0.36118100251769647,0.064820000261534,14.936913998099044,0,3
450,1276009.png,0.8216960050049238,0.24102900351863354,13.871089999156538,0.38498600042657927,0.06618100451305509,15.432457999850158,0,1
451,1276015.png,0.8113330040941946,0.22776200057705864,14.243630001146812,0.4107260028831661,0.07921699580037966,15.820345004613046,0,5
452,1276020.png,0.9505940033704974,0.345535998349078,16.042576004110742,0.380539997422602,0.06713000038871542,17.849874995590653,0,2
453,1276025.png,0.80419699952472,0.25780199939617887,14.620277994254138,0.383649006835185,0.06300400127656758,16.170470000361092,0,5
454,1276027.png,0.7778250001138076,0.2320810017408803,13.335855001059826,0.37794499803567305,0.06728099833708256,14.8299729989958,0,2
455,1276029.png,0.790347003203351,0.24320500233443454,13.907419001043309,0.36253200232749805,0.06666300032520667,15.409822000947315,0,2
456,1276036.png,0.8372090014745481,0.25299799744971097,13.64826200006064,0.3682690003188327,0.06370899791363627,15.2215099951718,0,1
457,1276042.png,0.7485960013582371,0.24142400070559233,14.078979998885188,0.38194200169527903,0.0763060015742667,15.575074998196214,0,2
458,1281002.png,0.7278620032593608,0.25474200083408505,14.071568002691492,0.3678980065160431,0.06509699596790597,15.528187002928462,0,14
459,1281012.png,0.7664410004508682,0.23741000040899962,14.249396001105197,0.37516099837375805,0.06637699698330835,15.742711002530996,0,2
460,1281015.png,0.8420480007771403,0.2465799989295192,13.924298000347335,0.37797899858560413,0.0632840019534342,15.502665999520104,0,1
461,1281016.png,0.8043179986998439,0.24308400315931067,33.62605999427615,0.8248020021710545,0.13208999735070392,35.67065599781927,1,2
462,1281020.png,0.7846200023777783,0.3755349971470423,15.798692002135795,0.3690529993036762,0.06841599679319188,17.44253899960313,0,2
463,1281023.png,0.7449330005329102,0.27442600548965856,16.13429199642269,0.4857519961660728,0.08395899931201711,17.766762000974268,0,1
464,1281028.png,0.8588689961470664,0.29841899959137663,16.198616998735815,0.4015949962195009,0.07693799852859229,17.886583002109546,0,2
465,1281029.png,0.8318480031448416,0.2506680029910058,13.830092000716832,0.39144699985627085,0.06239399954210967,15.416262998769525,0,1
466,1281032.png,0.8434249975834973,0.2553019949118607,28.307423999649473,0.7859570032451302,0.1159329985966906,30.35763899970334,0,4
467,1281038.png,0.8082829954219051,0.34091099951183423,18.244903003505897,0.3967700031353161,0.06201300129760057,19.894361001206562,0,3
468,1281041.png,0.7466019960702397,0.2567229967098683,14.769837995117996,0.3919219961971976,0.06464299804065377,16.273549001198262,0,1
469,1281051.png,0.7684150041313842,0.276793994999025,14.155797005514614,0.3954299972974695,0.06580999615835026,15.712073996837717,0,1
470,1283007.png,0.857769999129232,0.2586109985713847,13.462649003486149,0.3716610008268617,0.06305799615802243,15.051180002046749,0,2
471,1283008.png,0.8750889974180609,0.24095399567158893,13.298696001584176,0.376224001229275,0.07927199476398528,14.919053995981812,0,3
472,1283020.png,0.7988739962456748,0.25114999880315736,13.91175599565031,0.34748599864542484,0.06562199996551499,15.418378003232647,0,1
473,1283028.png,0.9193369987769984,0.26314200658816844,14.008248996105976,0.3661320006358437,0.06604699592571706,15.674936003051698,0,1
474,1283029.png,0.8819939976092428,0.2421709941700101,13.501901994459331,0.3481859966996126,0.06283199763856828,15.085541002918035,0,1
475,1283035.png,0.9268990033888258,0.24126199423335493,13.383176999923307,0.3575019945856184,0.08558399713365361,15.04289800504921,0,2
476,1283042.png,0.8936669983086176,0.2415530034340918,13.541655003791675,0.3717079962370917,0.06334300269372761,15.152956999372691,0,1
477,1283045.png,0.9094880006159656,0.24621799821034074,14.042337999853771,0.40613400051370263,0.07190399628598243,15.726624005765188,0,4
478,1283046.png,0.9768909949343652,0.33777300268411636,17.626394001126755,0.4431510024005547,0.07347099744947627,19.521791997249238,0,2
479,1283051.png,1.101497997296974,0.47710399667266756,17.83712000178639,0.5020660028094426,0.0859950014273636,20.098397995752748,0,2
480,1283052.png,1.0848539968719706,0.3939059970434755,17.354176001390442,0.44451100256992504,0.0733540000510402,19.420412994804792,0,4
481,1290007.png,0.9780260006664321,0.26215799880446866,14.7576589952223,0.3851410001516342,0.06620400381507352,16.503398997883778,0,4
482,1290009.png,0.9695769986137748,0.2673760027391836,14.384411995706614,0.3875920010614209,0.0694190021022223,16.131506003148388,0,2
483,1292003.png,0.9032059970195405,0.2765690005617216,14.171518996590748,0.3721449975273572,0.06816400127718225,15.846147995034698,0,3
484,1292004.png,0.8772220026003197,0.2833760008797981,17.29970700398553,0.46187100087990984,0.08027199510252103,19.057276993407868,0,2
485,1292011.png,0.9364790021209046,0.28269400354474783,19.200563001504634,0.4084230022272095,0.0697979994583875,20.959845998731907,0,3
486,1292019.png,0.8786810067249462,0.24052699882304296,13.585557004262228,0.37587400584015995,0.06948899681447074,15.193074999842793,0,10
487,1294008.png,0.9681970041128807,0.2572029989096336,14.50246300373692,0.5003609985578805,0.085453997598961,16.368220996810123,0,2
488,1294013.png,1.1420079972594976,0.42301599751226604,15.246382004988845,0.42424599814694375,0.06850600038887933,17.37169399712002,0,2
489,1294017.png,0.9460880028200336,0.24650300474604592,14.295303997641895,0.4127610009163618,0.06814500375185162,16.00872199924197,0,2
490,1294019.png,0.9452739977859892,0.2509599944460206,13.75082499725977,0.35976600338472053,0.06437399861169979,15.419759998621885,0,1
491,1295010.png,0.907138004549779,0.24468599440297112,14.203273996827193,0.3708419972099364,0.06473999383160844,15.847537004447076,0,3
492,1295011.png,0.858186002005823,0.2505879965610802,13.563610998971853,0.3854520036838949,0.06535799911944196,15.17349200003082,0,5
493,1296006.png,0.8056150036281906,0.2530530036892742,14.636745996540412,0.39461599953938276,0.06797599780838937,16.2035730027128,0,6
494,1296008.png,0.8790689971647225,0.24851900525391102,14.017028996022418,0.3917780049960129,0.065772001107689,15.651685003831517,0,6
495,1296009.png,0.8415370029979385,0.240146997384727,17.73756699549267,0.7607619991176762,0.1293380046263337,19.748585000343155,0,4
496,1296015.png,0.7765270056552254,0.33941199944820255,17.604581000341568,0.3604929952416569,0.06412999937310815,19.18267300061416,0,1
497,1296025.png,0.8427459979429841,0.31116799800656736,14.597409004636575,0.4759619987453334,0.07704300514888018,16.378298001654912,0,6
498,1296027.png,0.8337350009242073,0.3258360011386685,14.354003993503284,0.35516700154403225,0.06535300053656101,15.988552004273515,0,1
499,1296029.png,0.8175310067599639,0.3503560001263395,14.48419300140813,0.42074699740624055,0.0711859975126572,16.195687996514607,0,4
500,1296030.png,0.8413520044996403,0.27875399973709136,14.607616998546291,0.37820600118720904,0.06911899981787428,16.228237000177614,0,10
501,1297013.png,0.8657850048621185,0.32476899650646374,14.690907002659515,0.39160699816420674,0.08525400335201994,16.398065999965183,0,5
502,1297032.png,0.7559239966212772,0.2606959969853051,13.885811997170094,0.39231599657796323,0.07211299816844985,15.410724998218939,0,1
503,1298006.png,0.8971770002972335,0.271712000539992,14.270127001509536,0.408891006372869,0.06842999573564157,15.965087004587986,0,6
504,1298007.png,0.9029389984789304,0.25481500051682815,14.360424000187777,0.37020699528511614,0.06757600203854963,16.007545003958512,0,6
505,1298016.png,0.9445130053791218,0.2759729977697134,13.829524999891873,0.3804910011240281,0.06620600470341742,15.54757200210588,0,2
506,1298029.png,0.9564770007273182,0.2754279994405806,22.770046998630278,0.8246689976658672,0.12920299923280254,25.008162003359757,0,2
507,1298031.png,0.8959389961091802,0.37964300281601027,15.945857005135622,0.4752570021082647,0.08615999831818044,17.8402890014695,0,5
508,1298035.png,0.921782004297711,0.3023269964614883,14.59547299600672,0.4156680006417446,0.07665500015718862,16.36795300146332,0,3
509,1298050.png,0.9131789993261918,0.3702300018630922,16.167488996870816,0.45263399806572124,0.08038000669330359,18.054865999147296,0,1
510,1301002.png,0.9855009993771091,0.4001809938927181,15.136995003558695,0.4207800011499785,0.06915800622664392,17.071991998818703,0,4
511,1301014.png,0.8398290010518394,0.2423779951641336,13.807317001919728,0.36633499985327944,0.0688599975546822,15.369554996141233,0,1
512,1301016.png,0.881720996403601,0.24572199617978185,13.773350001429208,0.3795809971052222,0.0662320016999729,15.396220995171461,0,1
513,1302008.png,0.8187849962268956,0.2545379975344986,13.906370004406199,0.38218300323933363,0.061831997300032526,15.472521001356654,0,1
514,1302020.png,0.8842269962769933,0.3356789966346696,14.67905699973926,0.3665190015453845,0.0714190027792938,16.395231999922544,0,4
515,1302033.png,0.8213019973482005,0.25408199871890247,14.279950999480207,0.4039609993924387,0.07397699664579704,15.87698599905707,0,1
516,1302038.png,0.9086610007216223,0.2727210012380965,14.849088001938071,0.3759969986276701,0.06748500163666904,16.530639004486147,0,4
517,1303009.png,0.9093729968299158,0.2693599963095039,14.365451999765355,0.3803389990935102,0.06881100125610828,16.04479199886555,0,4
518,1303010.png,0.8793679953669198,0.26710399833973497,14.871785999275744,0.3875370020978153,0.06554200081154704,16.51566800137516,0,2
519,1303012.png,0.9234780009137467,0.24316100461874157,14.595972003007773,0.372073998732958,0.0656039992463775,16.25361900369171,0,4
520,1303013.png,0.9589040055288933,0.2417089999653399,17.317319005087484,0.37873499968554825,0.0657780037727207,19.01394600281492,0,8
521,1303019.png,0.978718999249395,0.26705700292950496,14.110907999565825,0.3550890032784082,0.062491999415215105,15.827024995815009,0,3
522,1303021.png,0.9964419950847514,0.2427969957352616,13.817888997436967,0.3627049954957329,0.06392200157279149,15.536219005298335,0,1
523,1303023.png,0.9083969998755492,0.24858200049493462,13.134303997503594,0.3326129954075441,0.060063001001253724,14.731936003954615,0,2
524,1303029.png,0.8616330014774576,0.2370329966652207,13.722653995500877,0.3593719957279973,0.06604699592571706,15.288431997760199,0,1
525,1303035.png,0.9211950018652715,0.23841800430091098,13.618484998005442,0.36586300120688975,0.06512500112876296,15.261028995155357,0,1
526,1304005.png,0.8253939959104173,0.26224899920634925,32.29971700056922,0.8033150006667711,0.2013179982895963,34.46120399894426,1,1
527,1304009.png,1.2849620034103282,0.486459000967443,34.502775997680146,0.7618180025019683,0.1194180003949441,37.254595998092555,1,1
528,1304010.png,0.8754750015214086,0.3382260038051754,28.619155003980268,0.36749799619428813,0.0741849944461137,30.32266099762637,0,14
529,1304014.png,0.8568880002712831,0.2571279983385466,13.947364997875411,0.3897139977198094,0.0642039958620444,15.557593003904913,0,7
530,1304018.png,0.8401570012210868,0.2427929939585738,13.902134000090882,0.37064500065753236,0.06508099613711238,15.45733200327959,0,2
531,1304025.png,0.8724240033188835,0.2383739993092604,13.58471300045494,0.3781789928325452,0.06743300036760047,15.191630001936574,0,3
532,1304028.png,0.7657360038137995,0.24207300157286227,13.688703998923302,0.3878700008499436,0.07035899761831388,15.1984080002876,0,1
533,1305001.jpg,0.916871998924762,0.25415400159545243,13.825630994688254,0.39475300582125783,0.06413299706764519,15.505244002270047,0,7
534,1305002.jpg,0.9057830029632896,0.2495459993951954,13.333872993825935,0.36043699947185814,0.06443400343414396,14.96349299850408,0,4
535,1305003.jpg,0.8855849955580197,0.2527899996493943,13.740671005507465,0.370431000192184,0.09097699512494728,15.38884500041604,0,5
536,1305005.jpg,0.9919410003931262,0.2453050037729554,13.68355999875348,0.36228300450602546,0.06693899922538549,15.400001000671182,0,6
537,1305009.jpg,0.8730909976293333,0.23314300051424652,13.75900699349586,0.3503879997879267,0.06143999780761078,15.336634998675436,0,6
538,1305012.jpg,0.8773059962550178,0.24747000134084374,14.15897099650465,0.3884209945681505,0.06295499770203605,15.781706999405287,0,14
539,1305014.jpg,0.9858890043688007,0.25088999973377213,14.037461995030753,0.36566200287779793,0.06571500125573948,15.753024999867193,0,6
540,1305016.jpg,0.94886699662311,0.2774680033326149,14.098367995757144,0.4530320002231747,0.07020100019872189,15.910813002847135,0,5
541,1307005.png,0.9235969992005266,0.24940100411185995,13.987386999360751,0.37323200376704335,0.06782599666621536,15.647648004232906,0,3
542,1307007.png,0.9406730023329146,0.27050700009567663,13.60104600462364,0.3658479981822893,0.06390300404746085,15.284822999092285,0,2
543,1307012.png,0.8747169995331205,0.23995199444470927,13.884706000681035,0.38395800220314413,0.07022500358289108,15.49592700030189,0,2
544,1307018.png,0.9715899941511452,0.24758800282143056,14.389051997568458,0.3728419978870079,0.06295400089584291,16.095876002509613,0,3
545,1307047.png,0.9297620053985156,0.25322699366370216,14.386276998266112,0.35917900095228106,0.06409700290532783,16.036323002481367,0,1
546,1309001.png,0.8839579968480393,0.24237199977505952,13.802174995362293,0.3783590000239201,0.06624600064242259,15.434553002705798,0,3
547,1309005.png,0.8399110010941513,0.2468490056344308,14.742828003363684,0.4184299978078343,0.07183300476754084,16.36037999560358,0,2
548,1309022.png,0.9291579990531318,0.26470900047570467,15.287798996723723,0.44870500278193504,0.08097999671008438,17.068941000616178,0,2
549,1309025.png,0.9057770002982579,0.3633820015238598,15.175863001786638,0.4285480026737787,0.0725860008969903,16.998676997900475,0,1
550,1309033.png,0.9099009985220619,0.2422499965177849,14.446275999944191,0.3647600024123676,0.06743500125594437,16.074238999863155,0,5
551,1309037.png,3.1557280017295852,0.4419630058691837,17.503082999610342,0.37324600270949304,0.061186998209450394,21.663337996869814,0,4
552,1310005.png,1.0664430010365322,0.5393140017986298,33.90205799951218,0.769299003877677,0.12886000331491232,36.46940999897197,1,13
553,1310014.png,0.8828040008665994,0.34290899930056185,35.84908899938455,0.7957199995871633,0.12134200369473547,38.04081300040707,1,4
554,1310016.png,0.8118879995890893,0.3266569983679801,14.673855002911296,0.3563190039130859,0.06184299854794517,16.27996700699441,0,3
555,1310017.png,0.8082490021479316,0.23983400024008006,13.196719999541529,0.35664600000018254,0.06096300057834014,14.710998999362346,0,2
556,1310023.png,0.7948380007292144,0.2527980032027699,13.431079001748003,0.38156100345076993,0.0636549957562238,14.964645000873134,0,6
557,1310024.png,0.8008929944480769,0.2338859994779341,13.039080004091375,0.3405740062589757,0.06228400161489844,14.518408999720123,0,1
558,1311009.png,0.7978580033523031,0.25668300077086315,14.02842399693327,0.3528480010572821,0.06795299850637093,15.540418004093226,0,1
559,1312022.png,0.9656379988882691,0.249554002948571,14.136990001134109,0.3531600013957359,0.06246000702958554,15.818593004951254,0,1
560,1312023.png,0.9875480027403682,0.24741900415392593,13.317634002305567,0.34566500107757747,0.06266700074775144,15.008121001301333,0,1
561,1312024.png,0.9968809972633608,0.20624099852284417,14.16830500238575,0.36277699837228283,0.06306800059974194,15.845346002606675,0,1
562,1312027.png,0.9370819971081801,0.24624900106573477,13.626791995193344,0.37520500336540863,0.06735100032528862,15.295839002646971,0,3
563,1312028.png,0.9540649989503436,0.2548440024838783,13.353452006413136,0.34097600291715935,0.06086599751142785,15.015703997050878,0,1
564,1312031.png,0.987138002528809,0.21194199507590383,13.815856997098308,0.41747099749045447,0.06571300036739558,15.544159003184177,0,1
565,1313011.png,0.9405279997736216,0.24462500005029142,15.685106998716947,0.3645630058599636,0.06424700404750183,17.34822899743449,0,1
566,1313012.png,0.9148590033873916,0.23404700186802074,15.19467099569738,0.3823080041911453,0.06700299854855984,16.83920500363456,0,2
567,1313026.png,0.8971279967227019,0.25136699696304277,32.47047799959546,0.7777680002618581,0.1298040006076917,34.58146599587053,1,4
568,1313027.png,0.9098199952859432,0.34214900369988754,21.163245997740887,0.415043999964837,0.06871599907753989,22.94889499899,0,5
569,1313029.png,0.8718030003365129,0.2918289974331856,14.03744300478138,0.3736560029210523,0.06367400055751204,15.684014004364144,0,3
570,1313030.png,0.7974699983606115,0.26799100305652246,14.132436001091264,0.3644820026238449,0.06547399971168488,15.670434004277922,0,3
571,1313032.png,0.8588589989813045,0.24007500178413466,14.085358998272568,0.3899669973179698,0.06634999590460211,15.693531000579242,0,3
572,1313041.png,0.9354119974886999,0.24370800383621827,14.178999997966457,0.41282700112788007,0.068781002482865,15.89042800333118,0,1
573,1313043.png,0.9212730001308955,0.2519690024200827,14.167045999784023,0.35211400245316327,0.0647670021862723,15.79905200196663,0,1
574,1313047.png,0.9309450033470057,0.24865400337148458,13.706491998163983,0.35485900298226625,0.06256699998630211,15.354558003309648,0,2
575,1314002.png,0.9209759955410846,0.2603940010885708,13.608162000309676,0.3752470001927577,0.07160099630709738,15.288631002476905,0,3
576,1314003.png,1.0027300013462082,0.24831699556671083,13.886934000765905,0.3621279975050129,0.06349600153043866,15.608096000505611,0,3
577,1314006.png,1.0034380029537715,0.25001100584631786,13.710498998989351,0.3805349988397211,0.07201900007203221,15.469396006665193,0,4
578,1314008.png,1.0514809982851148,0.27825700090033934,14.688986004330218,0.3974569990532473,0.06505400233436376,16.533463000087067,0,1
579,1314014.png,0.8920069958548993,0.3871750013786368,16.013431995816063,0.36745599936693907,0.08958200487541035,17.802404996473342,0,1
580,1314017.png,0.9135519940173253,0.2827820062520914,14.130533003481105,0.37126099778106436,0.06398299592547119,15.815266000572592,0,4
581,1314020.png,0.8922159977373667,0.23973199859028682,14.77896400319878,0.3731280012289062,0.09396899986313656,16.430161995231174,0,3
582,1314022.png,0.9346149963675998,0.27475599927129224,14.716813006089069,0.3580799966584891,0.08245700155384839,16.415229001722764,0,4
583,1314024.png,0.9457420019316487,0.39159299922175705,14.667711999209132,0.5592689994955435,0.12961700122104958,16.774374998931307,0,16
584,1314027.png,1.2259350041858852,0.3227580018574372,13.933178997831419,0.3894990004482679,0.07324400212382898,16.01830199797405,0,2
585,1314031.png,1.0575969936326146,0.28386199846863747,13.565554996603169,0.4126490021008067,0.10510499851079658,15.47662200027844,0,8
586,1314038.png,1.0029500044765882,0.2895500001613982,14.126757996564265,0.4544969997368753,0.07317600102396682,16.002444994228426,0,1
587,1314043.png,1.0152729955734685,0.3447819981374778,14.189854999131057,0.38424000376835465,0.06698699871776626,16.05917399865575,0,1
588,1314044.png,1.072100996680092,0.27635500009637326,13.861414001439698,0.3975260042352602,0.07174100028350949,15.733731997897848,0,2
589,1314051.png,0.9666660043876618,0.26931399770546705,14.4746980004129,0.4214079963276163,0.07438199827447534,16.2500500009628,0,3
590,1314054.png,0.9808049944695085,0.2774969980237074,14.237215000321157,0.4051139985676855,0.06935100100236014,16.026520999730565,0,6
591,1314057.png,0.9721340029500425,0.24910799402277917,13.275869998324197,0.3478719954728149,0.060693004343193024,14.94715999433538,0,1
592,1315003.png,1.0575889973551966,0.23597599647473544,12.784951999492478,0.37047499790787697,0.06570899859070778,14.561243006028235,0,8
593,1315020.png,1.0169090019189753,0.24594300339231268,16.410286996688228,0.3865100006805733,0.06925599882379174,18.17486200161511,0,5
594,1315052.png,1.0282759976689704,0.27938000130234286,13.87344300019322,0.3939339949283749,0.06445000326493755,15.696764996391721,0,2
595,1315054.png,1.0937330007436685,0.2774319946183823,13.543068002036307,0.31299900001613423,0.029271002858877182,15.305950000765733,0,0
596,13160014.png,0.9404969969182275,0.2442559998598881,13.382090997765772,0.40189400169765577,0.06870299694128335,15.087357001903001,0,6
597,13160020.png,0.992970002698712,0.3433719975873828,14.057808002689853,0.40976500167744234,0.0676220006425865,15.920799000014085,0,4
598,13160024.png,0.9918529976857826,0.2443590055918321,13.558742997702211,0.40870199882192537,0.06594099977519363,15.320789003453683,0,4
599,13160028.png,0.7681950010010041,0.24001199926715344,13.792347002890892,0.34189999860245734,0.06451100489357486,15.246402996126562,0,1
600,13160030.png,0.9750130047905259,0.24569500237703323,13.624603001517244,0.3699469962157309,0.06626299727940932,15.33222299622139,0,8
601,13160037.png,0.8885249990271404,0.4192749984213151,16.064207004092168,0.3736910002771765,0.06505799683509395,17.8589830029523,0,5
602,13160038.png,0.9338079980807379,0.2534300001570955,14.245150996430311,0.3609529958339408,0.08649999654153362,15.932688002067152,0,4
603,13160042.png,0.920261001738254,0.26542200066614896,14.447232999373227,0.3650069993454963,0.06498100265162066,16.112866003823,0,3
604,13160044.png,0.8975509990705177,0.2557780026108958,13.922267004090827,0.3835280003841035,0.07156100036809221,15.575386001728475,0,3
605,13160046.png,0.9226659967680462,0.25025400100275874,13.6843240034068,0.36228899989509955,0.06473199755419046,15.337984994403087,0,7
606,13160048.png,0.8581560032325797,0.27300600049784407,13.930902001447976,0.38378400495275855,0.07031900167930871,15.560954001557548,0,3
607,1317006.png,0.775705004343763,0.2527739998186007,14.341068999783602,0.39284100057557225,0.06816200038883835,15.872046998993028,0,5
608,1317008.png,0.8115769960568286,0.2350329959881492,14.176431002852041,0.35265900078229606,0.06371200288413092,15.690770997025538,0,1
609,1318018.png,0.8837180066620931,0.24529800430173054,13.863000000128523,0.3373830040800385,0.08296000305563211,15.460116999747697,0,4
610,1318025.png,0.8585969990235753,0.26165899907937273,14.680667001812253,0.37935299769742414,0.0700799937476404,16.29829800367588,0,6
611,1319010.png,0.8785579993855208,0.24768699950072914,30.17699300107779,0.7954460015753284,0.11596799595281482,32.25897199445171,0,7
612,1319011.png,0.8662090040161274,0.34681500255828723,23.480568997911178,0.36803100374527276,0.0669250002829358,25.169984000967816,0,4
613,1319021.png,0.8698320016264915,0.23956599761731923,13.979094997921493,0.38335699355229735,0.06885499897180125,15.593248994264286,0,16
614,1319024.png,0.9014710012706928,0.2534320010454394,13.985910998599138,0.3796559976763092,0.06653400487266481,15.628879998985212,0,4
615,1319029.png,0.86696299695177,0.25062100030481815,13.66242799849715,0.3683969989651814,0.06551200203830376,15.256885002600029,0,1
616,1319031.png,0.9156570013146847,0.2473720014677383,13.766931995633058,0.3622170042945072,0.06202899385243654,15.403176003019325,0,2
617,1320014.png,0.865402995259501,0.26741900364868343,13.573004005593248,0.3618580012698658,0.06747099541826174,15.186267999524716,0,4
618,1320017.png,0.8914369973354042,0.2580290019977838,13.537373997678515,0.3332029955345206,0.059129000874236226,15.13232100114692,0,2
619,1320025.png,0.8450579989585094,0.22278200049186125,13.369653999689035,0.3802510036621243,0.07605500286445022,14.940617998945527,0,3
620,1320037.png,0.9517969956505112,0.30544600303983316,14.168317000439856,0.3661360024125315,0.06397199467755854,15.9050029978971,0,2
621,1320038.png,0.9807860042201355,0.29317000007722527,14.997455000411719,0.40500800241716206,0.06951600516913459,16.803687998617534,0,7
622,1320041.png,0.9129399986704811,0.25936400197679177,14.059970999369398,0.36959499993827194,0.06763399869669229,15.724509001302067,0,4
623,1320047.png,0.8656960053485818,0.2660940008354373,14.298631002020556,0.3633230007835664,0.06249300349736586,15.909468005702365,0,4
624,1320060.png,0.8704740030225366,0.245900999289006,13.205717004893813,0.3544260034686886,0.062010003603063524,14.79024300351739,0,1
625,13210003.png,0.8660419989610091,0.23956799850566313,14.028139994479716,0.3796300006797537,0.06838400440756232,15.629200999683235,0,5
626,13210005.png,0.9097509973798878,0.2538560001994483,14.864664000924677,0.4404599967529066,0.08253400301327929,16.605101998720784,0,10
627,13210008.png,0.9103010015678592,0.26314000569982454,13.87598599831108,0.35506200219970196,0.06800999835832044,15.515929000684991,0,17
628,13210009.png,0.8608290008851327,0.24202699569286779,13.525333000870887,0.37073199928272516,0.06680500518996269,15.113251000002492,0,6
629,13210018.png,0.8950979972723871,0.2507430035620928,13.24075499724131,0.35356000444153324,0.06220499926712364,14.855663997877855,0,2
630,13210021.png,0.8869400044204667,0.2615630000946112,13.817783998092636,0.3597980030463077,0.06440099969040602,15.431810999871232,0,3
631,13210030.png,0.8744139995542355,0.2666319996933453,14.013341002282687,0.35754599957726896,0.0655330004519783,15.62792399636237,0,5
632,13210033.png,0.8861229944159277,0.24851100170053542,13.577257996075787,0.36820099921897054,0.06456000119214877,15.192873004707508,0,1
633,13210035.png,0.9213839948642999,0.25273000210290775,13.541706997784786,0.38981399848125875,0.06704199768137187,15.226178002194501,0,1
634,13210039.png,0.8846030032145791,0.2489219987182878,14.40617199841654,0.4157110015512444,0.07614900096086785,16.082426001958083,0,1
635,13210056.png,0.9364360012114048,0.3005559992743656,15.39811499969801,0.38046100235078484,0.0727480000932701,17.146452999440953,0,3
636,1322021.png,0.9374270011903718,0.28626700077438727,23.911162999866065,0.7709389974479564,0.12535400310298428,26.08733399392804,0,2
637,1322027.png,0.9337650044471957,0.39039999683154747,21.522740004002117,0.47255900426534936,0.0662079983158037,23.442695994162932,0,3
638,1322031.png,0.8949470065999776,0.24049799685599282,13.416654997854494,0.38462699740193784,0.06371999916154891,15.052021000883542,0,3
639,1322044.png,0.9469540018471889,0.24648300313856453,13.84206699731294,0.3790639966609888,0.06525999924633652,15.52222999453079,0,1
640,1325004.png,0.9178920008707792,0.2584850008133799,13.934881004388444,0.3590360065572895,0.06542899791384116,15.581874999043066,0,1
641,1325025.png,0.8856229978846386,0.249217999225948,13.336579999304377,0.3502199979266152,0.06080800085328519,14.934147002350073,0,2
642,1325030.png,0.8971999995992519,0.2536120009608567,13.155151005776133,0.35723600012715906,0.06412000220734626,14.767300999665167,0,1
643,1325032.png,0.922199003980495,0.23663100000703707,13.873390002117958,0.41581699770176783,0.07225300214486197,15.571192001516465,0,3
644,1325034.png,0.9236080004484393,0.32667800405761227,14.13270099874353,0.3789059992413968,0.0698060030117631,15.873288000875618,0,7
645,1325037.png,0.9530679963063449,0.2690399996936321,13.868669004295953,0.3674239997053519,0.06357000529533252,15.571522002574056,0,5
646,1325044.png,0.9507080030743964,0.24212100106524304,17.717362999974284,0.35218499397160485,0.06249499710975215,19.373871000425424,0,3
647,1325050.png,0.9016910044010729,0.2493979991413653,28.766878000169527,0.7462819994543679,0.12247300037415698,30.828477996692527,0,6
648,1325051.png,0.925528998777736,0.35408199619269,16.323263000231236,0.3693149992614053,0.06252100138226524,18.076685999403708,0,1
649,1329013.png,0.8182609963114373,0.24278400087496266,14.3691379998927,0.35453899909043685,0.0622709994786419,15.895086005912162,0,3
650,1329020.png,0.822494002932217,0.2550089993746951,13.029604997427668,0.3392959988559596,0.059668003814294934,14.552927998011,0,1
651,1329021.png,0.8107419998850673,0.2411719979136251,16.52904499496799,0.400547003664542,0.07131700112950057,18.099378001352306,0,2
652,1329051.png,0.7510309951612726,0.3877820054185577,13.995254004839808,0.3525569991325028,0.06459200085373595,15.59682200604584,0,2
653,1329052.png,0.807656004326418,0.3655260006780736,26.034089001768734,0.7636270020157099,0.11924400314455852,28.134804000728764,0,1
654,1330010.png,0.9203549998346716,0.33653099671937525,27.723195002181455,0.8077759994193912,0.12170700210845098,29.961320004076697,0,1
655,1330016.png,0.9306979991379194,0.43548899702727795,17.079012002795935,0.3777550009544939,0.06647800182690844,18.934166997496504,0,1
656,1330027.png,1.170053998066578,0.3092420010943897,14.524721002089791,0.4645930021069944,0.0826559989945963,16.616515000350773,0,1
657,1330031.png,0.9496809943811968,0.30037200485821813,14.702811997267418,0.44441600039135665,0.09354599751532078,16.543920995900407,0,2
658,1330034.png,0.9888269996736199,0.31275200308300555,14.8145960047259,0.46310700417961925,0.07940300565678626,16.72721700015245,0,1
659,1330037.png,0.975397000729572,0.31003500043880194,13.978110000607558,0.3704920018208213,0.0660559962852858,15.757995002786629,0,2
660,1330040.png,0.9977230001823045,0.26465999690117314,13.363730002311058,0.3802780047408305,0.06549499812535942,15.123601995583158,0,3
661,1330047.png,0.9667470003478229,0.2588270072010346,13.852611002221238,0.36499999987427145,0.08110100316116586,15.575462995911948,0,1
662,1331006.png,0.9051460001501255,0.24566699721617624,14.678979001473635,0.4072239971719682,0.07492199802072719,16.36332100315485,0,4
663,1331012.png,0.9202540022670291,0.29945300047984347,14.65965300303651,0.3902360040228814,0.06718000076944008,16.382724003051408,0,2
664,1331014.png,0.9635749956942163,0.2471449988661334,14.807104998908471,0.39732299774186686,0.07195600483100861,16.537162999156862,0,7
665,1331015.png,0.990084998193197,0.29378799808910117,14.210275003279094,0.4034259982290678,0.06941400351934135,16.022351999708917,0,4
666,1331025.png,0.9532929980196059,0.33352799800923094,14.796880997892004,0.38935599877731875,0.06967999797780067,16.595437002251856,0,1
667,1331027.png,0.9650229985709302,0.34999200579477474,15.649072993255686,0.41633000364527106,0.07217800157377496,17.50402600009693,0,2
668,1331032.png,0.9543380001559854,0.4096300035598688,15.136249996430706,0.38702999881934375,0.08856299973558635,17.040200997143984,0,2
669,1331043.png,0.8555320018786006,0.24952700186986476,32.262295004329644,0.8553490042686462,0.12757200602209195,34.39633899688488,1,5
670,1331044.png,0.9014919996843673,0.36476699460763484,14.125266003247816,0.7428609969792888,0.1893880034913309,16.37723299791105,0,6
671,1332002.png,0.9399260015925393,0.4188479942968115,34.08004200173309,0.7743460009805858,0.11725499643944204,36.383969003509264,1,1
672,1332005.png,0.9241410007234663,0.3371720013092272,28.81146300205728,0.3921730021829717,0.06394600495696068,30.579228994611185,0,2
673,1332006.png,0.8446179999737069,0.23472400062019005,13.383712997892871,0.4024130030302331,0.06205100362421945,14.977651997469366,0,2
674,1332010.png,0.8564720046706498,0.24234299780800939,14.307516001281328,0.3451020020293072,0.058842997532337904,15.848718998313416,0,4
675,1332014.png,0.862453001900576,0.2368339992244728,12.978400001884438,0.30572100513381884,0.03191900032106787,14.456954995694105,0,0
676,1332020.png,0.8727349995751865,0.27198499446967617,14.424393004446756,0.35438899794826284,0.06694300100207329,16.033735999371856,0,1
677,1332035.png,0.8770409986027516,0.2714079964789562,17.769472004147246,0.7676360037294216,0.11417099449317902,19.844938993628602,0,2
678,1332039.png,0.8553820007364266,0.33719700149958953,32.92436600168003,0.7332469976972789,0.11341900244588032,35.0032589994953,1,2
679,1332042.png,0.8722780039533973,0.3358590038260445,25.55201399809448,0.42331199801992625,0.0702539982739836,27.304677001666278,0,4
680,1333007.png,0.9936869973898865,0.29017899942118675,14.826630998868495,0.3676289998111315,0.06795100489398465,16.599916998529807,0,2
681,1333024.png,1.0035919985966757,0.26876699848799035,14.303559997642878,0.3825649982900359,0.06617399776587263,16.07805799721973,0,6
682,1333037.png,1.0408050002297387,0.24593800480943173,13.829618997988291,0.4039269988425076,0.06869900244055316,15.641732003132347,0,1
683,1333044.png,1.1193550017196685,0.2816080013872124,14.43458999710856,0.37296899972716346,0.06428600318031386,16.326900004060008,0,8
684,1335002.png,0.8990860005724244,0.2796640037558973,14.381421999132726,0.3647999983513728,0.06455999391619116,16.032528001233004,0,6
685,1335016.png,0.8524650038452819,0.24493700038874522,26.760829998238478,0.7671400016988628,0.11991799692623317,28.78757700091228,0,14
686,1335018.png,0.8528620019205846,0.33608300145715475,17.91127999604214,0.36307499976828694,0.06463500176323578,19.56774100108305,0,1
687,1335020.png,0.8816130066406913,0.24105099873850122,13.971503998618573,0.34626400156412274,0.08439700468443334,15.572759002679959,0,3
688,1340006.png,1.0185280043515377,0.24599799507996067,13.805444003082812,0.3739549938472919,0.06497299909824505,15.555878999293782,0,1
689,1340021.png,0.9401089992024936,0.28003800252918154,18.763389001833275,0.37212999450275674,0.06790400220779702,20.464537003135774,0,1
690,1358001.png,1.327220001257956,0.4356099962024018,19.364405001397245,0.36358799843583256,0.06459800351876765,21.629486000165343,0,32
691,1358012.png,1.0450159970787354,0.24052600201684982,13.742618000833318,0.3862390003632754,0.06822100112913176,15.532509998593014,0,5
692,1358013.png,1.1447330034570768,0.2747589969658293,13.939663003839087,0.3501290048006922,0.06425200263038278,15.827016999537591,0,1
693,1363003.png,0.9526189969619736,0.359867000952363,13.424045995634515,0.39352400199277326,0.06487999780802056,15.24819200130878,0,3
694,1363005.png,1.0730100038927048,0.26537899975664914,13.259620995086152,0.3930199964088388,0.06455299444496632,15.10691799921915,0,18
695,1363017.png,0.922514998819679,0.24306299746967852,13.440368995361496,0.3787690002354793,0.06229300197446719,15.09127800090937,0,7
696,1363018.png,0.8273299972643144,0.24460699933115393,17.036614000971895,0.803087001258973,0.11876099597429857,19.091943999228533,0,1
697,1363025.png,0.9121120019699447,0.338596997607965,34.29257799871266,0.7739790016785264,0.11675099813146517,36.48252800485352,1,7
698,1363035.png,1.0016099986387417,0.3378609981155023,19.41519199317554,0.3769550021388568,0.0726529979147017,21.25803899980383,0,2
699,1367007.png,0.7976490014698356,0.2608230061014183,13.92966900311876,0.36142599856248125,0.06724199920427054,15.467778997845016,0,17
700,1367024.png,0.883878004970029,0.2503180003259331,15.466745004232507,0.7429340039379895,0.1147599978139624,17.50779999565566,0,2
701,1379038.png,1.0408489979454316,0.38798800233053043,14.475536998361349,0.3809890040429309,0.06523600313812494,16.398077001213096,0,5
702,1395002.png,0.9864999956334941,0.25249300233554095,13.248085000668652,0.327453002682887,0.06117000157246366,14.917812004568987,0,4
703,1395005.png,0.9735760031617247,0.23956500081112608,12.805912003386766,0.33691000135149807,0.0621029976173304,14.46034999389667,0,10
704,1395008.png,0.9964409982785583,0.24644099903525785,13.352481000765692,0.33455299853812903,0.07924700184958056,15.054436997161247,0,4
705,1395009.png,0.9926000057021156,0.26893500034930184,13.34156800294295,0.33679400075925514,0.061001999711152166,15.049300003738608,0,3
706,1395011.png,0.877337995916605,0.2441869946778752,13.651815002958756,0.38787099765613675,0.06395199307007715,15.27085999987321,0,6
707,1395012.png,0.8998710036394186,0.24816099903546274,14.383808993443381,0.3426449984544888,0.06153000140329823,15.981395001290366,0,5
708,1395013.png,0.8598989952588454,0.23795800370862707,13.865931003238074,0.3612889995565638,0.06564700015587732,15.43223499902524,0,3
709,1395020.png,0.918121004360728,0.29671500669792295,13.789807999273762,0.4054649980389513,0.06652100273640826,15.525556002103258,0,12
710,1399017.png,0.9743030022946186,0.3027810016646981,13.648775995534379,0.34671399771468714,0.06490500527434051,15.383113001007587,0,11
711,1399019.png,0.9928669969667681,0.26798900216817856,14.799297998251859,0.39413100603269413,0.06948699592612684,16.57539399457164,0,8
712,1399020.png,0.9871220026980154,0.2835729974322021,15.597507001075428,0.388151005608961,0.0691620007273741,17.383270998834632,0,13
713,1399021.png,0.883622000401374,0.26911500026471913,14.27234699804103,0.37755799712613225,0.06917300197528675,15.926132000458892,0,4
714,1399022.png,0.9085540004889481,0.25344900495838374,13.714675995288417,0.35558299714466557,0.06569400284206495,15.351489004387986,0,7
715,1424005.png,0.912939001864288,0.2554629973019473,13.564878005126957,0.37167200207477435,0.06620299973292276,15.220065004541539,0,23
716,1424012.png,0.923692001379095,0.28112800646340474,14.183810002577957,0.3591269996832125,0.06434800161514431,15.864187000261154,0,6
717,1424017.png,0.9290149973821826,0.266001996351406,13.689023995539173,0.4287530027795583,0.06861000292701647,15.429270999447908,0,7
718,1424018.png,0.8955710000009276,0.24735300394240767,13.59624600445386,0.37035299465060234,0.06306300201686099,15.214689003187232,0,18
719,1424035.png,0.9209979980369098,0.25040200125658885,14.03707600547932,0.35963299887953326,0.06304199632722884,15.677818002586719,0,8
720,1424037.png,0.8630590018583462,0.24043599842116237,14.41153100313386,0.3871930020977743,0.06961199687793851,16.015237000829075,0,17
721,1427008.png,0.7748260031803511,0.2737500035436824,15.645594001398422,0.37347900070017204,0.067378998210188,17.17809100227896,0,4
722,1427011.png,0.973759000771679,0.2768100021057762,14.701277999847662,0.37870099913561717,0.06645499524893239,16.444458000478335,0,13
723,1429004.png,0.9726069984026253,0.27030099590774626,14.487378000922035,0.3678229986689985,0.06617299368372187,16.21833399985917,0,3
724,1429015.png,0.9536500001559034,0.24869199842214584,14.551899999787565,0.35890700382879004,0.06485500489361584,16.231597001024056,0,7
725,1429023.png,1.0046919996966608,0.2666470027179457,14.917733002221212,0.40027099748840556,0.06596100138267502,16.70835100230761,0,1
726,1429025.png,0.8598229978815652,0.2404710030532442,14.697639002406504,0.3627780024544336,0.06719700468238443,16.278410999802873,0,12
727,1431002.png,0.9814290024223737,0.2708550018724054,14.451132999965921,0.36400099634192884,0.06488900544354692,16.18743600556627,0,4
728,1431007.png,0.8646540009067394,0.26071899628732353,14.180083999235649,0.3661250011646189,0.06489000224974006,15.780957997776568,0,5
729,1431009.png,0.8758459953241982,0.24406900047324598,14.20290999521967,0.3653780004242435,0.06587900134036317,15.802713998709805,0,34
730,1431014.png,0.7970590013428591,0.2487170058884658,13.807449002342764,0.36778999492526054,0.06564499926753342,15.339019999373704,0,1
731,1431021.png,0.8811170046101324,0.31987399415811524,13.864720000128727,0.3720980021171272,0.08222500036936253,15.572780997899827,0,7
732,1433001.png,1.0219820032943971,0.39715499588055536,13.798446001601405,0.3564889993867837,0.06417799886548892,15.702464996138588,0,2
733,1433012.png,1.1591150032472797,0.4202130003250204,18.829277003533207,0.3855019967886619,0.06687800487270579,20.93578100175364,0,10
734,1433016.png,0.8555009990232065,0.27395200595492497,13.673800996912178,0.3457849961705506,0.059589998272713274,15.253621000738349,0,4
735,2109015.png,0.7406420045299456,0.22740600252291188,12.851366998802405,0.39436099905287847,0.06922199827386066,14.327413999126293,0,3
736,2109020.png,0.8106899986159988,0.24020200362429023,13.811755998176523,0.376299001800362,0.07066599937388673,15.348973000072874,0,11
737,2110004.png,0.9597009993740357,0.25463500060141087,13.8612290029414,0.3589039988582954,0.06420400313800201,15.553893004835118,0,3
738,2110006.png,0.885870998899918,0.2554789971327409,17.038764999597333,0.7643429999006912,0.11700199684128165,19.112173999019433,0,2
739,2110007.png,0.9300989986513741,0.337753001076635,19.87383799860254,0.35697400016942993,0.062366998463403434,21.609782001178246,0,9
740,2110012.png,0.9521070023765787,0.24691699945833534,13.60246200056281,0.3617080001276918,0.06237000343389809,15.276594000170007,0,2
741,3000005.png,0.8996420001494698,0.2500340051483363,13.641493002069183,0.3734900019480847,0.06358300015563145,15.28400499955751,0,15
742,3000011.png,0.962773003266193,0.23721799516351894,13.196177998906933,0.34490499820094556,0.061450999055523425,14.853369000775274,0,23
743,3000021.png,1.0053090009023435,0.24625300284242257,14.244519996282179,0.3528119996190071,0.06130099791334942,15.951312001561746,0,1
744,3000023.png,1.0380490057286806,0.24385299911955371,13.629854001919739,0.3616839967435226,0.06367699825204909,15.39260899880901,0,4
745,3000032.png,0.9305579951615073,0.24153800040949136,13.947320003353525,0.35314900014782324,0.06364900036714971,15.586212997732218,0,1
746,3000046.png,1.008191000437364,0.2647960063768551,20.425006005098112,0.8268259989563376,0.13970299914944917,22.720954999385867,0,2
747,3000058.png,1.1494979989947751,0.3613939989008941,31.379102998471353,0.3611469946918078,0.06667299749096856,33.37127400300233,1,11
748,3000062.png,0.9436820037080906,0.229543999012094,13.412788997811731,0.34333700023125857,0.06637899787165225,15.033825999125838,0,14
749,3000066.png,0.9774830032256432,0.29231699591036886,14.805240003624931,0.42249900434399024,0.07378499867627397,16.628999001113698,0,11
750,3000080.png,1.00876599753974,0.3401139983907342,15.51776899577817,0.43206300324527547,0.07565499981865287,17.432092005037703,0,1
751,3000083.png,1.0549549988354556,0.33275600435445085,14.422537002246827,0.5790230061393231,0.07177999941632152,16.52356299746316,0,1
752,3000089.png,0.9496479979134165,0.2375979966018349,15.217556996503845,0.3572699934011325,0.06466899503720924,16.885265002201777,0,5
753,3000108.png,0.9702089955681004,0.2542430011089891,15.412688000651542,0.41811099799815565,0.07767900387989357,17.188038997119293,0,5
754,3000109.png,1.1271959956502542,0.39685299998382106,14.716074998432305,0.3872130037052557,0.06857499829493463,16.767439999966882,0,2
755,3000113.png,0.989847001619637,0.256850995356217,14.40011800150387,0.3550509936758317,0.06355200457619503,16.11549000517698,0,8
756,3000120.png,0.9412119979970157,0.2354320022277534,13.431767998554278,0.40576100582256913,0.06512000254588202,15.131665997614618,0,1
757,3000121.png,0.9441170041100122,0.23886399867478758,13.791950994345825,0.355634001607541,0.06831000064266846,15.449022997927386,0,4
758,3000124.png,0.9285930063924752,0.2439520030748099,13.892089002183639,0.3638119960669428,0.0645280015305616,15.54135899641551,0,9
759,3000129.png,0.9384479999425821,0.2523669973015785,14.241796998248901,0.3985190051025711,0.06619199848501012,15.946359002555255,0,15
760,3000130.png,0.8744119986658916,0.23137099924497306,14.09871500072768,0.3684699986479245,0.06395899981725961,15.678010000556242,0,12
761,3000131.png,0.919834004889708,0.240762994508259,13.862428997526877,0.3490349990897812,0.06344899884425104,15.487333002965897,0,15
762,3000133.png,0.8571829966967925,0.24343200493603945,13.960421005322132,0.3881599986925721,0.07190399628598243,15.568420996714849,0,11
763,3000134.png,0.9388290054630488,0.24481799482600763,32.357716001570225,0.769081998441834,0.11707299563568085,34.48034500615904,1,7
764,3000140.png,0.9194869999191724,0.32701800228096545,34.63382100017043,0.8660560051794164,0.11942099808948115,36.91154800617369,1,26
765,3000145.png,1.014747002045624,0.41238300036638975,34.563929999421816,0.7639010000275448,0.11672599794110283,36.928785004420206,1,24
766,3000147.png,0.7663529977435246,0.3446729970164597,18.365888005064335,0.4141989993513562,0.07157600339269266,20.00188999954844,0,17
767,3000148.png,0.7668109974474646,0.2573120000306517,12.981938001757953,0.5246900036581792,0.07686200115131214,14.654519000032451,0,11
768,3000149.png,0.7832480041543022,0.24808699527056888,14.806696999585256,0.6638720005867071,0.12319399684201926,16.6720470006112,0,31
769,3000151.png,0.8565379976062104,0.3550870023900643,14.415341000130866,0.39246599772013724,0.06665100227110088,16.147207999893,0,20
770,3000152.png,0.7841050028218888,0.24326400307472795,13.489203003700823,0.3518490048008971,0.061722996179014444,14.980646999902092,0,22
771,3000156.png,0.8087550013442524,0.2451029940857552,13.424037999357097,0.3760859981412068,0.06572400161530823,14.966541995818261,0,14
772,3000183.png,0.9096440044231713,0.24652199499541894,13.602865001303144,0.42712300637504086,0.0692550020175986,15.30353900307091,0,10
773,3000186.png,1.0043420043075457,0.357315999281127,15.527374998782761,0.4020809938083403,0.07056500180624425,17.41331000084756,0,7
774,3000190.png,1.0861539994948544,0.5438679945655167,14.200116005667951,0.4023219953523949,0.06831400241935626,16.36659799987683,0,16
775,3000194.png,0.9389260012540035,0.258436004514806,14.336446998640895,0.3855320028378628,0.06382999708876014,16.054687002906576,0,7
776,3000197.png,0.9327060033683665,0.2654810014064424,13.630692999868188,0.3530239991960116,0.0636629993095994,15.297423997253645,0,26
777,3000204.png,0.9875620016828179,0.2514629959478043,13.663537996762898,0.3473269971436821,0.08067199814831838,15.381775003334042,0,8
778,3000212.png,0.9508790026302449,0.24362700060009956,13.780777000647504,0.3378999972483143,0.062063001678325236,15.41531099792337,0,6
779,3000246.png,0.9147750024567358,0.24972599931061268,13.813245997880585,0.41161300032399595,0.07441699563059956,15.508185999351554,0,5
780,3002009.png,0.8819529975880869,0.322343003062997,13.715075998334214,0.3610990024753846,0.06473800021922216,15.400270000100136,0,14
781,3002017.png,0.7876679956098087,0.2743299992289394,13.353305002965499,0.3513269984978251,0.06472499808296561,14.87737700517755,0,18
782,3002022.png,0.7443229987984523,0.26075200003106147,13.563468004576862,0.3661879964056425,0.06320000102277845,15.044846993987449,0,28
783,3002026.png,0.9929009975166991,0.24994200066430494,13.867089000996202,0.40896300197346136,0.07069099956424907,15.634841001883615,0,21
784,3002029.png,0.8619709988124669,0.25047899544006214,13.766222997219302,0.27514500106917694,0.0614099990343675,15.258063998771831,0,0
785,3002033.png,0.8790520005277358,0.24431599740637466,13.716551002289634,0.4000870030722581,0.06856100662844256,15.350770998338703,0,3
786,3002034.png,0.9279260048060678,0.2660429963725619,14.07077899784781,0.39454500074498355,0.06780600233469158,15.77764799731085,0,9
787,3002036.png,0.9279770019929856,0.29310899844858795,14.291103994764853,0.39768800343154,0.07008200191194192,16.035952998208813,0,14
788,3002039.png,0.9958589944289997,0.2914100041380152,13.802779001707677,0.3643279997049831,0.06235799810383469,15.573311000480317,0,19
789,3002056.png,0.9117810041061603,0.27074600075138733,13.50465499854181,0.35806800588034093,0.06407299952115864,15.149881997785997,0,5
790,3002057.png,0.9215479949489236,0.2500420014257543,13.227912997535896,0.48303999938070774,0.07190299947978929,14.996222998888697,0,7
791,3002059.png,1.0045160015579313,0.36680899938801304,15.44360399566358,0.46907800424378365,0.07786199421389028,17.425682999601122,0,11
792,3002062.png,0.9591130001354031,0.39321999793173745,16.062864000559784,0.404480000725016,0.07239000115077943,17.955365998204798,0,11
793,3002064.png,0.9954910055967048,0.26675299886846915,13.517653998860624,0.35789400135399774,0.06259800284169614,15.250388998538256,0,8
794,3002075.png,1.038799004163593,0.3542400008882396,14.273827997385524,0.3683989998535253,0.0680820012348704,16.165526998520363,0,15
795,3002080.png,0.9059750009328127,0.25616699713282287,14.002192998304963,0.39592699613422155,0.072134003858082,15.68454600055702,0,9
796,3002087.png,0.9955320056178607,0.29171899950597435,15.222442998492625,0.38132000190671533,0.07310199725907296,17.02454000042053,0,7
797,3002094.png,0.9430389982298948,0.27072199736721814,14.691395997942891,0.38398699689423665,0.09157000022241846,16.42674500180874,0,6
798,3002096.png,0.9275369957322255,0.26723699556896463,14.189030000125058,0.3799400001298636,0.06775100337108597,15.882975996646564,0,14
799,3002106.png,0.9150240002782084,0.24702399969100952,14.415370998904109,0.3772330019273795,0.07502099470002577,16.073553000751417,0,16
800,3002108.png,0.8620299995527603,0.2455889989505522,14.291706000221893,0.3875480033457279,0.06441400182666257,15.892994997557253,0,10
801,3002109.png,1.0462650025147013,0.3649400023277849,14.142130996333435,0.3811329952441156,0.0639870049781166,16.04430199950002,0,7
802,3002110.png,1.18115299846977,0.3275950002716854,14.254657995479647,0.36134700349066406,0.07977199857123196,16.261063996353187,0,13
803,3002112.png,1.0307519987691194,0.3154910009470768,14.231246001145337,0.6034950056346133,0.08632200479041785,16.325550997862592,0,4
804,3002119.png,0.9104619966819882,0.39592699613422155,14.039048000995535,0.4707869957201183,0.07571699825348333,15.938729004119523,0,4
805,3002131.png,1.0994699987350032,0.2493779975338839,15.005583001766354,0.4146469946135767,0.07232300413306803,16.894846005016007,0,2
806,3002137.png,0.9321780016762204,0.3554249997250736,15.302257001167163,0.38996800140012056,0.07038199692033231,17.116479997639544,0,9
807,3002148.png,0.8781829965300858,0.25466700026299804,14.209307002602145,0.3720639942912385,0.06685399421257898,15.833418998226989,0,3
808,3002152.png,0.8510480038239621,0.280640997516457,13.980387004266959,0.36940100108040497,0.06546900112880394,15.594654003507458,0,12
809,3002154.png,0.8572239967179485,0.24071100051514804,13.83180000266293,0.3713919941219501,0.06947800284251571,15.420708994497545,0,7
810,3002155.png,0.8191289962269366,0.2912399941124022,14.037875000212807,0.35885499528376386,0.06425999890780076,15.615514996170532,0,16
811,3002161.png,0.9348160019726492,0.25073600409086794,14.16360899747815,0.4017989995190874,0.06641800428042188,15.869394002947956,0,6
812,3002170.png,0.921451995964162,0.254141996265389,13.910940004279837,0.3735819991561584,0.06443599704653025,15.572757998597808,0,2
813,3002191.png,1.0706260000006296,0.22744699526811019,13.611866001156159,0.38211699575185776,0.06533799751196057,15.407031998620369,0,7
814,3002197.png,0.9335060021840036,0.25244899734389037,13.91799800330773,0.38716600101906806,0.07060099596856162,15.61426000262145,0,30
815,3002203.png,0.9725039999466389,0.25695499789435416,14.245711994590238,0.35468900023261085,0.06225300603546202,15.949586995702703,0,21
816,3002204.png,1.0186100043938495,0.24680200294824317,13.537680999434087,0.36818299849983305,0.06681700324406847,15.28718199551804,0,8
817,3002213.png,1.0520709984120913,0.3004120007972233,14.292414001829457,0.3886339982273057,0.06915099947946146,16.159610997419804,0,3
818,3002228.png,0.9013419985421933,0.2565609975135885,13.602086000901181,0.3629509956226684,0.06306100112851709,15.234614002110902,0,4
819,3002230.png,0.8356000034837052,0.25291400379501283,13.062837002507877,0.3626440011430532,0.07987000572029501,14.643387999967672,0,40
820,3002232.png,0.8159719945979305,0.27709399728337303,13.626999003463425,0.34417300048517063,0.0660900041111745,15.170951999607496,0,3
821,3002238.png,0.8453059999737889,0.25116000324487686,14.045837997400668,0.3753499986487441,0.06796999514335766,15.63601700036088,0,24
822,3002243.png,0.8792259977781214,0.24158800079021603,13.83805899968138,0.4044540037284605,0.07827299850760028,15.498756998567842,0,24
823,3002244.png,0.8462440018774942,0.25398599973414093,13.778206004644744,0.35270399530418217,0.061452999943867326,15.339038996899035,0,38
824,3003005.png,0.9267019995604642,0.29299699963303283,14.161373001115862,0.47292799717979506,0.07193200144683942,15.985092002665624,0,4
825,3003010.png,1.026600002660416,0.2669690002221614,22.59594399947673,0.7848870009183884,0.12225300451973453,24.849708999681752,0,9
826,3003013.png,0.923156003409531,0.3766669979086146,34.08033600135241,0.38670399953844026,0.06475699774455279,35.88107199902879,1,11
827,3003016.png,0.9203279987559654,0.25835700216703117,14.430051996896509,0.3708399963215925,0.06770899926777929,16.098788000817876,0,8
828,3003018.png,0.8241539981099777,0.25612999888835475,13.636908995977137,0.361509999493137,0.06394700176315382,15.194667001196649,0,2
829,3003029.png,0.8220890013035387,0.238464999711141,13.487110001733527,0.46331799967447296,0.07964899850776419,15.13766500283964,0,3
830,3003033.png,0.8513850043527782,0.3065330020035617,14.034226005605888,0.375427000108175,0.06587000098079443,15.679979995184112,0,17
831,3003036.png,0.8344640009454452,0.24441300047328696,13.718438000069,0.31067300005815923,0.030923998565413058,15.188425000815187,0,0
832,3003047.png,0.9083329932764173,0.24948299687821418,13.768771998002194,0.3617310067056678,0.07864299550419673,15.409674997499678,0,3
833,3003048.png,0.8939000035752542,0.24785999994492158,14.335140003822744,0.41140600660583004,0.07805800123605877,16.00685199809959,0,4
834,3003049.png,0.9786640002857894,0.32970099709928036,13.823414003127255,0.40429300133837387,0.06911400123499334,15.659954995498993,0,7
835,3003069.png,1.051130995620042,0.272159006271977,13.984770004753955,0.3541350015439093,0.06431499787140638,15.77678500325419,0,3
836,3003078.png,0.8587509946664795,0.2972049987874925,13.84838500234764,0.36259300395613536,0.06571699486812577,15.495292995183263,0,3
837,3003083.png,0.8585019968450069,0.2637860015965998,13.842031999956816,0.38788900565123186,0.06137700256658718,15.458221998414956,0,27
838,3003094.png,0.9499890002189204,0.25707600434543565,14.04137400095351,0.40419700235361233,0.07206699956441298,15.777625994815025,0,7
839,3003105.png,0.8524840013706125,0.2630890012369491,14.067044998228084,0.49085899809142575,0.072750000981614,15.794589999131858,0,2
840,3003106.png,0.8327100003953092,0.2442620025249198,13.978283997857943,0.3657440029201098,0.06454699905589223,15.532414996414445,0,10
841,3003121.png,0.8596319967182353,0.2523559960536659,14.45563099696301,0.41500900260871276,0.07712100341450423,16.110802003822755,0,2
842,3003125.png,0.9673979948274791,0.33540200092829764,15.942149002512451,0.4121730016777292,0.08071399497566745,17.80040100129554,0,3
843,3003139.png,0.9872110022115521,0.33638100285315886,14.550795996910892,0.3804040024988353,0.06654699973296374,16.38286800152855,0,3
844,3003152.png,0.9697069981484674,0.24445299641229212,13.586567001766525,0.36522899608826265,0.06344099529087543,15.285615998436697,0,3
845,3003160.png,0.9427960030734539,0.2405459963483736,13.94132000132231,0.3611229985835962,0.07038500189082697,15.604946995154023,0,4
846,3003164.png,0.8718979952391237,0.25107300461968407,14.102143999480177,0.3657650013337843,0.06663800013484433,15.706883998063859,0,3
847,3003166.png,0.9414209998794831,0.24957900313893333,13.773580998531543,0.3453539975453168,0.06549499812535942,15.422983997268602,0,1
848,3003168.png,0.8535989982192405,0.23992699425434694,13.14859300327953,0.3272079993621446,0.06167399988044053,14.688016002764925,0,4
