index,filename,preprocess_ms,host_to_device_ms,inference_ms,postprocess_ms,output_to_cpu_ms,processing_total_ms,deadline_missed,num_detections
1,0001003.png,1.0190329994657077,0.28051900153514,14.332020997244399,0.40442400495521724,0.07175099744927138,16.155741999682505,0,5
2,0001020.png,1.1495819999254309,0.3082940020249225,14.346340001793578,0.5203870023251511,0.10432699491502717,16.493433999130502,0,1
3,0001023.png,1.2514989939518273,0.4009219992440194,14.388951000000816,0.37714299833169207,0.0660880032228306,16.554199006350245,0,7
4,0001031.png,1.0460390039952472,0.22553999588126317,13.147268000466283,0.3521290054777637,0.06303600093815476,14.88349300052505,0,4
5,0001043.png,1.182519001304172,0.2857959989341907,12.929206997796427,0.3448549978202209,0.066612999944482,14.885912998579443,0,4
6,0001047.png,1.0165679996134713,0.304583998513408,13.016159005928785,0.3483499967842363,0.06232399755390361,14.786227002332453,0,6
7,0001052.png,0.8569010024075396,0.23438000062014908,12.919245993543882,0.3341810006531887,0.058405006711836904,14.450028997089248,0,11
8,0001053.png,0.8651559983263724,0.2098199984175153,13.499542001227383,0.3616859976318665,0.06385899905581027,15.045157000713516,0,5
9,0001054.png,0.8525220036972314,0.21975699928589165,13.514187005057465,0.35999399551656097,0.0644999963697046,15.057137003168464,0,1
10,0001060.png,0.8379959981539287,0.22457299928646535,13.816703998600133,0.3579820040613413,0.06361999840009958,15.34031999472063,0,2
11,0001068.png,0.9389410042786039,0.22942599753150716,13.235462000011466,0.3541589976521209,0.06674799806205556,14.874231004796457,0,5
12,0001071.png,0.8441489990218543,0.25289400218753144,30.317600998387206,0.7655160006834194,0.11832499876618385,32.33686400199076,0,3
13,0001072.png,0.8604440008639358,0.3133349964627996,24.530536000384018,0.36951800575479865,0.06579699402209371,26.179633001447655,0,3
14,0001073.png,0.8333330042660236,0.22384600015357137,20.23685300082434,0.3597390023060143,0.0648989953333512,21.75846599857323,0,9
15,0001074.png,0.768880003306549,0.23841400252422318,13.407195998297539,0.35680599830811843,0.06826800381531939,14.882552000926808,0,1
16,0001083.png,0.8398480058531277,0.21453399676829576,15.405376994749531,0.3759120008908212,0.06972299888730049,16.94228699489031,0,4
17,0001085.png,0.8666509966133162,0.2698480020626448,14.201543002855033,0.3801300044870004,0.06456900155171752,15.826561000721995,0,3
18,0001086.png,0.8702650011400692,0.2217799992649816,17.26116400095634,0.5032000044593588,0.08925199654186144,18.99488000344718,0,12
19,0001088.png,0.8849669975461438,0.2730919950408861,17.395918002875987,0.34946399682667106,0.06403800216503441,19.019198000023607,0,1
20,0002015.png,0.912670002435334,0.22787100169807673,13.284009997732937,0.36856199585599825,0.06737100193277001,14.92694499756908,0,3
21,0002037.png,0.95106300432235,0.22215799981495366,13.057084004685748,0.40337700193049386,0.06979899626458064,14.744293002877384,0,2
22,0002040.png,0.948674998653587,0.2295789963682182,13.342466998437885,0.38312599644996226,0.07430499681504443,15.025838998553809,0,2
23,0002043.png,0.9326619983767159,0.27132599643664435,13.624615996377543,0.3525479987729341,0.06150999979581684,15.286268004274461,0,1
24,0002045.png,0.9545549983158708,0.2200110029662028,13.701064002816565,0.41736300045158714,0.079262004874181,15.420930998516269,0,8
25,0002046.png,1.0513649976928718,0.30097699345787987,13.967343998956494,0.37611099833156914,0.06803900032537058,15.827183000510558,0,3
26,0002049.png,0.9570760012138635,0.24721900263102725,13.961916003609076,0.3850290013360791,0.06892500096000731,15.672473004087806,0,9
27,0002061.png,0.8667680012877099,0.2691260015126318,14.000789997226093,0.43658900540322065,0.0744479984859936,15.695319001679309,0,19
28,0002065.png,0.9655760004534386,0.3358609974384308,18.659264998859726,0.7537790006608702,0.11718000314431265,20.887063001282513,0,6
29,0002075.png,0.9301980026066303,0.3110489997197874,33.730573995853774,0.7602890036650933,0.11706400255206972,35.89531499892473,1,4
30,00030001.png,0.96224599838024,0.3249220026191324,19.71587099978933,0.39262200152734295,0.07462799840141088,21.52347499941243,0,15
31,00030004.png,0.8810459985397756,0.27294299798086286,14.32853799633449,0.4163670018897392,0.07689400081289932,16.01986199966632,0,1
32,00030006.png,0.9560069956933148,0.25565599935362116,15.21119500102941,0.42586499330354854,0.07576599455205724,16.970929005765356,0,4
33,00030015.png,1.0263250005664304,0.30731199512956664,15.000578998296987,0.3645040051196702,0.08182400051737204,16.83797900477657,0,5
34,00030016.png,0.9084279954549856,0.23606300237588584,13.955707996501587,0.44270999933360144,0.07277700206032023,15.659533004509285,0,7
35,00030017.png,0.9279150035581551,0.24830100301187485,13.90488600009121,0.36093300150241703,0.06654299795627594,15.557676000753418,0,1
36,0006002.png,1.0394230048405007,0.23376200260827318,13.194389997806866,0.3970929974457249,0.06813900108681992,14.98568899842212,0,7
37,0006013.png,0.9624349986552261,0.22048599930712953,13.520046006306075,0.3638179987319745,0.06524100172100589,15.172498999163508,0,19
38,0008009.png,0.8259379974333569,0.2368380010011606,13.546853995649144,0.3535430005285889,0.08218700531870127,15.098708994628396,0,6
39,0008034.png,0.8776629983913153,0.22949600679567084,14.991685005952604,0.41497000347590074,0.0675590054015629,16.622508999716956,0,3
40,0009007.png,0.9510029994999059,0.2532479993533343,14.721936997375451,0.38739499723305926,0.06903599569341168,16.43478900223272,0,3
41,0009020.png,0.9618539988878183,0.23294900165637955,14.112562996160705,0.36605999775929376,0.06747899897163734,15.785929004778154,0,5
42,0009028.png,0.9447659977013245,0.26593600341584533,13.34111399773974,0.36504699528450146,0.06644999666605145,15.026020002551377,0,3
43,0009029.png,1.0055000020656735,0.23616600083187222,14.312966995930765,0.3610759958974086,0.06589999975403771,16.031674997066148,0,1
44,0009030.png,0.9842970030149445,0.2365949985687621,14.480300997092854,0.3969809986301698,0.06959100574022159,16.219508004724048,0,7
45,0009032.png,0.897544996405486,0.2632630057632923,28.803262001019903,0.8127719993353821,0.11820699728559703,30.94017100374913,0,11
46,0009036.png,0.8199049989343621,0.3372409992152825,32.868028996745124,0.75280499731889,0.12158200115663931,34.96039799938444,1,22
47,0009045.png,0.9777570012374781,0.30085899925325066,15.105599995877128,0.4003930007456802,0.08622000314062461,16.910585996811278,0,4
48,0009053.png,1.2471369991544634,0.3296819995739497,13.769591998425312,0.36282999644754454,0.06602600478800014,15.849811003135983,0,16
49,0011005.png,1.1122249998152256,0.44349800009513274,33.429073002480436,0.7413790008286014,0.11354299931554124,35.90841499681119,1,11
50,0011006.png,0.876781006809324,0.3101580005022697,28.79865200520726,0.37773200165247545,0.06381000275723636,30.473115999484435,0,6
51,0011014.png,0.98287699802313,0.22343699674820527,13.569537004514132,0.4144440026720986,0.07153600017772987,15.310761002183426,0,8
52,0011016.png,0.8837819987093098,0.24065800243988633,13.876288998289965,0.3673589963000268,0.06593499711016193,15.485644995351322,0,10
53,0011022.png,0.998543000605423,0.24036700051510707,13.880345999496058,0.3902489988831803,0.06923200271558017,15.630384004907683,0,9
54,0011025.png,0.9571949995006435,0.22971099679125473,13.451582999550737,0.35390099947107956,0.06507099897135049,15.106838000065181,0,10
55,0011026.png,0.9399009941262193,0.2829899967764504,13.45342499553226,0.3610679996199906,0.06697599746985361,15.152628999203444,0,8
56,0011031.png,0.8640870000817813,0.2579260035417974,13.040812002145685,0.3908419967046939,0.06306100112851709,14.656708997790702,0,2
57,0011034.png,0.939097000809852,0.21425600425573066,13.151443999959156,0.3658220011857338,0.0668319989927113,14.776752999750897,0,16
58,0011036.png,0.9133889980148524,0.23451999732060358,13.418201997410506,0.40144200465874746,0.06964499334571883,15.084289996593725,0,19
59,0012002.png,0.948064996919129,0.25272399943787605,13.317904005816672,0.38165899604791775,0.06184700032463297,15.011691000836436,0,2
60,0012003.png,1.0978120044455864,0.2615550038171932,13.557651000155602,0.34819500433513895,0.0610229981248267,15.375596994999796,0,4
61,0012005.png,0.8834910040604882,0.2125690007233061,13.466481999785174,0.3400639980100095,0.06338400271488354,15.011200994194951,0,4
62,0012006.png,0.8754759983276017,0.23119899560697377,13.6129059974337,0.3813090006588027,0.06221300282049924,15.213487997243647,0,16
63,0012008.png,0.9352319975732826,0.22138400527182966,13.506820003385656,0.3871890003210865,0.06528700032504275,15.162866999162361,0,10
64,0012011.png,0.9009790010168217,0.22139199427329004,14.208747001248412,0.3539060053299181,0.06451900117099285,15.793357000802644,0,5
65,0013002.png,0.8918829989852384,0.2403639955446124,13.884453001082875,0.3318229937576689,0.061653001466766,15.453537002031226,0,1
66,0013003.png,0.6807289973949082,0.23089499882189557,13.510721997590736,0.3975590007030405,0.06470800144597888,14.922684997145552,0,4
67,0013008.png,0.84830800187774,0.23900900123408064,14.527895997161977,0.3547590022208169,0.06344300345517695,16.08065799518954,0,4
68,0013012.png,0.8490870022797026,0.2285490045323968,13.396540998655837,0.3662710005301051,0.06340300024021417,14.967309005442075,0,5
69,0013021.png,0.8680999962962233,0.21436800307128578,13.319579004019033,0.3549069951986894,0.06497700087493286,14.859333998174407,0,4
70,0014011.png,1.092498998332303,0.2496390006854199,13.518753003154416,0.3447459966992028,0.06214000313775614,15.31724599772133,0,2
71,0014017.png,0.9937319991877303,0.25031699624378234,13.891571994463447,0.36647500382969156,0.06519399903481826,15.619252000760753,0,3
72,0014020.png,0.9527980000711977,0.23743299971101806,13.298625002789777,0.35122800181852654,0.06254599429666996,14.950399003282655,0,4
73,0014023.png,0.9114370041061193,0.23996999516384676,13.70681499975035,0.3553669957909733,0.06355799996526912,15.316672004701104,0,3
74,0014029.png,0.9321549950982444,0.23715799761703238,13.462472998071462,0.3492130053928122,0.062058999901637435,15.091473003849387,0,5
75,0015004.png,0.939903999096714,0.21931399533059448,13.41227900411468,0.3611710053519346,0.06580899935215712,15.039257996249944,0,8
76,0015006.png,0.7776030033710413,0.25468900275882334,13.256482998258434,0.3478279977571219,0.06223999662324786,14.742549006768968,0,30
77,0015013.png,0.9677429989096709,0.22734200319973752,12.748478999128565,0.36278100014897063,0.0617320038145408,14.41482900554547,0,8
78,0016002.png,0.8050629985518754,0.21963199833407998,13.093194000248332,0.3526110012899153,0.06316800136119127,14.572795000276528,0,6
79,0016006.png,0.8911900004022755,0.22054500004742295,13.593902003776748,0.34522899659350514,0.06294399645412341,15.153433996601962,0,4
80,0016007.png,0.814634004200343,0.22863499907543883,13.090463995467871,0.3984489958384074,0.0691759996698238,14.64249399577966,0,8
81,0016009.png,0.8310089979204349,0.24861899873940274,13.45240899536293,0.3352579951751977,0.059457001043483615,14.967473995056935,0,8
82,0016014.png,0.9094509950955398,0.21086999913677573,12.706390996754635,0.34458300069672987,0.06146300438558683,14.277490001404658,0,6
83,0016015.png,0.782574999902863,0.21543199545703828,13.851668998540845,0.3861069999402389,0.06658400525338948,15.349518005677965,0,4
84,0016017.png,0.793330000306014,0.2360680009587668,13.959449999674689,0.45641099859494716,0.07882300269557163,15.564749002805911,0,4
85,0020006.png,1.0198380041401833,0.2868129959097132,17.702626006212085,0.7601210018037818,0.1188710011774674,19.93613300146535,0,9
86,0022008.png,0.9856239994405769,0.324751999869477,17.897150995850097,0.34349299676250666,0.06157099414849654,19.66084299783688,0,15
87,0022010.png,0.9430229983991012,0.2376789998379536,13.384420999500435,0.36437399830901995,0.0646860062261112,15.042167993669864,0,8
88,0022030.png,1.06051499460591,0.23063499975251034,13.13338700128952,0.3480060040601529,0.06312999903457239,14.886374003253877,0,5
89,0022039.png,0.8854109983076341,0.22945000091567636,13.697043999854941,0.38062700332375243,0.06603799556614831,15.315627002564725,0,7
90,0023007.png,0.9660350042395294,0.22900699696037918,13.001605002500582,0.34311800118302926,0.061281003581825644,14.64088300417643,0,6
91,0023014.png,1.0826009965967387,0.22511200222652406,13.439933005429339,0.39251099951798096,0.06826599565101787,15.255131998856086,0,3
92,0024022.png,0.8603520036558621,0.23273599799722433,14.113422002992593,0.35204699815949425,0.06200100324349478,15.66156800254248,0,6
93,0024038.png,0.8922609995352104,0.269994001428131,13.945238999440335,0.3600589989218861,0.06365500303218141,15.572734002489597,0,35
94,0024047.png,0.945016996411141,0.23279099696082994,13.668204002897255,0.3847639964078553,0.06500100425910205,15.343879000283778,0,17
95,0024054.png,0.9604570004739799,0.23347399837803096,13.913171998865437,0.409170999773778,0.06796600064262748,15.630951995262876,0,7
96,0024061.png,0.982566001766827,0.22660799731966108,13.541577995056286,0.3484150001895614,0.06372800271492451,15.202891001536045,0,11
97,0025003.png,0.9921460004989058,0.24209899856941774,13.162037001166027,0.3481249950709753,0.06021599983796477,14.852713000436779,0,11
98,0025006.png,1.0584179981378838,0.23221300216391683,12.70138799736742,0.32606199965812266,0.061070000811014324,14.416078993235715,0,6
99,0025013.png,0.9005940009956248,0.22406800417229533,13.099894000333734,0.34942699858220294,0.0614119999227114,14.681150001706555,0,4
100,0025016.png,0.9200100030284375,0.2428680018056184,13.180533002014272,0.36744999670190737,0.07322500459849834,14.831851003691554,0,10
101,0025017.png,0.8573180020903237,0.30813099874649197,14.625723997596651,0.37159900239203125,0.06625399691984057,16.276358997856732,0,9
102,0025024.png,0.936817996262107,0.2465249999659136,13.483984999766108,0.3517969962558709,0.06486300117103383,15.137889997276943,0,9
103,0025034.png,0.9185879971482791,0.24107200442813337,12.731573995552026,0.3431229997659102,0.06264100375119597,14.346652002132032,0,9
104,0026005.png,1.1395629990147427,0.23713900009170175,14.146909001283348,0.354607000190299,0.06301599933067337,15.98846800334286,0,12
105,0026012.png,1.1466450014268048,0.2624379994813353,13.786864001303911,0.3499020021990873,0.06632099393755198,15.664061000279617,0,14
106,0026013.png,1.0781780001707375,0.2656400029081851,13.954080000985414,0.36186199577059597,0.06474400288425386,15.772111000842415,0,14
107,0100017.png,0.9821580024436116,0.22793700190959498,13.912652000726666,0.36041299608768895,0.06656000186922029,15.597417994285934,0,11
108,0100021.png,1.026827005262021,0.25743299920577556,14.067789998080116,0.3766329973586835,0.06503199983853847,15.846944996155798,0,7
109,0100022.png,0.9634480011300184,0.2491650011506863,13.686074998986442,0.35462599771562964,0.06618599581997842,15.361808997113258,0,15
110,0100030.png,0.965756997175049,0.22893700224813074,13.585109998530243,0.3995400038547814,0.06825900345575064,15.29832900268957,0,4
111,0100041.png,0.8747149986447766,0.23266099742613733,14.124285000434611,0.3712600009748712,0.08576099935453385,15.726648998679593,0,4
112,0100056.png,0.9368920000270009,0.2329099952476099,13.801804998365697,0.37424299807753414,0.06700700032524765,15.454979999049101,0,2
113,0100057.png,0.9250049988622777,0.2594239995232783,13.401142998191062,0.35792499693343416,0.06360300176311284,15.056915006425697,0,2
114,0100059.png,0.9807530004763976,0.2517239990993403,13.731124003243167,0.35252499947091565,0.06648399721598253,15.429908999067266,0,6
115,0100067.png,0.9297720025642775,0.2516530003049411,13.696628004254308,0.36761399678653106,0.06497299909824505,15.359178003564011,0,4
116,0100073.png,0.9203689987771213,0.2576039987616241,13.821108994306996,0.3796920063905418,0.068090004788246,15.497591004532296,0,4
117,0100074.png,0.9145479998551309,0.26193499797955155,13.8635620023706,0.3679869987536222,0.0683069956721738,15.524223003012594,0,4
118,0100075.png,0.897994999832008,0.24284200480906293,13.785286995698698,0.3751909971470013,0.06542699702549726,15.416987000207882,0,4
119,0100083.png,0.9640270000090823,0.23900599626358598,13.98026300012134,0.3684859984787181,0.066380001953803,15.65868499892531,0,4
120,0101008.png,1.0844970020116307,0.2565219983807765,13.883318999432959,0.47767299838596955,0.07135900523280725,15.826540999114513,0,7
121,0101018.png,1.068776000465732,0.3345220029586926,13.912994996644557,0.365253996278625,0.06659499922534451,15.792213001986966,0,6
122,0101020.png,1.16013600199949,0.248040996666532,13.44626299396623,0.3582540011848323,0.06552400009240955,15.33062499947846,0,7
123,0101022.png,1.0602659967844374,0.23981199774425477,23.894855003163684,0.5849649969604798,0.07193299825303257,25.895243998093065,0,3
124,0101032.png,1.010400999803096,0.2538819971960038,13.744848001806531,0.35446599940769374,0.062197999795898795,15.47700500668725,0,1
125,0101056.png,1.1593189992709085,0.22870800603413954,13.97416100371629,0.7490519928978756,0.11780200293287635,16.294174005452078,0,6
126,0101058.png,1.0108990027219988,0.34324100124649704,14.251424006943125,0.3698650034493767,0.06540300091728568,16.08080300502479,0,2
127,0101071.png,1.0047340037999675,0.2753000007942319,13.992827000038233,0.39976400148589164,0.07166999421315268,15.796241998032201,0,2
128,0101072.png,1.043150004989002,0.26462300593266264,15.118200004508253,0.4211389968986623,0.07611500041093677,16.978366002149414,0,5
129,0102006.png,1.1069039974245243,0.3316240035928786,15.00750400009565,0.39551700319861993,0.07179200474638492,16.974796002614312,0,2
130,0102007.png,1.0646469963830896,0.29603099392261356,15.393492998555303,0.3690820012707263,0.065922002249863,17.245827002625447,0,2
131,0102010.png,1.1003649997292086,0.25165400438709185,13.716378001845442,0.3764749999390915,0.07220499537652358,15.560184998321347,0,2
132,0102016.png,1.0942409935523756,0.3359909969731234,14.681872002256569,0.4606180009432137,0.10962200030917302,16.745899003581144,0,1
133,0102020.png,0.9786340015125461,0.27614999999059364,28.818300997954793,0.8338289990206249,0.1371079997625202,31.101681001018733,0,2
134,0102025.png,1.1623409955063835,0.4214040018268861,22.75884999835398,0.38634300290141255,0.06611400021938607,24.858931996277533,0,4
135,0102032.png,1.1155589963891543,0.2661789985722862,13.215700004366226,0.4017729952465743,0.0664040053379722,15.11792100063758,0,1
136,0102033.png,1.0979940052493475,0.23911099560791627,13.629713997943327,0.3586080056265928,0.06446699990192428,15.438251000887249,0,4
137,0102040.png,1.1846769994008355,0.3425149989197962,13.622658996609971,0.37523200444411486,0.06424300227081403,15.639034005289432,0,1
138,0102041.png,1.0746580010163598,0.22558600176125765,14.172410003084224,0.7546109991380945,0.11740299669327214,16.384120004659053,0,2
139,0102050.png,1.067026998498477,0.3253330069128424,14.968458002840634,0.34741499985102564,0.06793499778723344,16.8241420033155,0,2
140,0103013.png,1.0061770008178428,0.23639800201635808,12.717482000880409,0.3557070012902841,0.06198600021889433,14.419088001886848,0,2
141,0103016.png,1.0342669993406162,0.2386699998169206,13.015438002184965,0.37484500353457406,0.06790400220779702,14.77863900072407,0,1
142,0103018.png,0.990004999039229,0.2496800007065758,14.57871199818328,0.38407999818446115,0.07159700180636719,16.323455995006952,0,1
143,0103026.png,1.113767000788357,0.2465069992467761,13.90426600119099,0.40289199387189,0.06665600085398182,15.78801200230373,0,2
144,0103028.png,1.0548380014370196,0.23518200032413006,14.260297000873834,0.7610989996464923,0.11525500303832814,16.480145997775253,0,1
145,0103036.png,0.9172869977192022,0.32888200075831264,28.948278006282635,0.46346800081664696,0.08046500443015248,30.782591995375697,0,3
146,0103042.png,1.043614000082016,0.3250739973736927,14.532073000737,0.4006360031780787,0.06719899829477072,16.424786001152825,0,2
147,0104011.png,1.1257679943810217,0.26350100233685225,13.71733599808067,0.36816100327996537,0.06536400178447366,15.593292999255937,0,4
148,0104012.png,1.0518090057303198,0.2454450004734099,13.569686001574155,0.3617850015871227,0.058124001952819526,15.341663005528972,0,4
149,0104013.png,0.913859999855049,0.2366659973631613,12.855146997026168,0.37651899765478447,0.0737390000722371,14.493156006210484,0,2
150,0104016.png,0.9586919986759312,0.27667700487654656,13.504287002433557,0.37793499359395355,0.06406500324374065,15.232983998430427,0,4
151,0104020.png,0.9852869989117607,0.24733800091780722,13.411610001639929,0.3520059981383383,0.06779799878131598,15.111731001525186,0,6
152,0104040.png,0.9517279977444559,0.2537749969633296,13.405085999693256,0.345882996043656,0.08408999565290287,15.081188998010475,0,1
153,0104042.png,1.0666969974408858,0.22792999516241252,13.072154004476033,0.3581380005925894,0.06420100544346496,14.835935005976353,0,2
154,0104043.png,1.0131479939445853,0.2685569997993298,13.136483998096082,0.45331699948292226,0.07626799924764782,15.001473002485,0,1
155,0105001.png,1.1731500053429045,0.2535599996917881,13.377529998251703,0.5351680010790005,0.07189600000856444,15.463060997717548,0,3
156,0105002.png,0.9687639976618811,0.24817499797791243,13.156643995898776,0.33060400164686143,0.06557199958479032,14.816224997048266,0,9
157,0105007.png,0.9769099997356534,0.4102380044059828,12.673872995947022,0.3301489996374585,0.06492900138255209,14.503455997328274,0,5
158,0105010.png,0.9764969945535995,0.21991500398144126,13.339521996385884,0.37141500069992617,0.06386000313796103,15.032273993710987,0,5
159,0105014.png,0.9606070016161539,0.26199599960818887,30.326375999720767,0.7421819973387755,0.11606000043684617,32.449812002596445,0,5
160,0105017.png,1.055970999004785,0.32144800206879154,32.31952799978899,0.7511750009143725,0.11560300481505692,34.613732001162134,1,1
161,0105026.png,0.942949001910165,0.33303599775535986,25.14206399791874,0.342788000125438,0.06152200512588024,26.868967994232662,0,4
162,0105029.png,1.0803539989865385,0.21954599651508033,14.049459998204838,0.38824600051157176,0.12095299462089315,15.907918001175858,0,3
163,0105034.png,0.9652489970903844,0.3501570026855916,13.652751003974117,0.3381790011189878,0.06315599603112787,15.540807995421346,0,4
164,0105040.png,1.032071995723527,0.3776990051846951,13.451418999466114,0.24712100275792181,0.02735399903031066,15.197886001260486,0,0
165,0106006.png,1.0517560003791004,0.2883729976019822,13.230365002527833,0.3555410003173165,0.06157499592518434,15.043012004753109,0,1
166,0106007.png,0.9526689973426983,0.25414000265300274,13.462021001032554,0.3671849990496412,0.07070200081216171,15.15151999774389,0,5
167,0106008.png,0.9987610028474592,0.24161300098057836,14.305729004263412,0.3544990031514317,0.06207999831531197,16.003438999177888,0,8
168,0106012.png,1.0253820000798441,0.22952400468057021,13.354975999391172,0.34489500103518367,0.06101100007072091,15.068651999172289,0,3
169,0106014.png,0.9923719990183599,0.24559799931012094,14.095106998865958,0.3539649987942539,0.0612619987805374,15.790928999194875,0,1
170,0106016.png,1.0186260042246431,0.22322800214169547,13.06100700458046,0.37914800486760214,0.06356900121318176,14.794517002883367,0,2
171,0106021.png,1.006294995022472,0.23417099873768166,13.576333003584296,0.35105799906887114,0.061621998611371964,15.277837999747135,0,2
172,0107008.png,0.9073019973584451,0.2558459964348003,13.559851002355572,0.34935000439872965,0.06143799691926688,15.18025800032774,0,3
173,0107025.png,0.9495919948676601,0.24755000049481168,12.697755999397486,0.3195529934600927,0.056595003115944564,14.311537001049146,0,2
174,0107030.png,0.9157469976344146,0.20696200226666406,12.816053000278771,0.34686599974520504,0.06316699727904052,14.383353001903743,0,1
175,0108001.png,0.8861700043780729,0.22104999516159296,12.627351999981329,0.34211099409731105,0.06634600140387192,14.180931997543667,0,2
176,0108008.png,0.8312719946843572,0.22777399863116443,12.925641996844206,0.35248099447926506,0.06239199865376577,14.436849000048824,0,1
177,0108014.png,0.9425680036656559,0.23801600036676973,12.739373996737413,0.3394680024939589,0.06067399954190478,14.37350799824344,0,2
178,0108015.png,0.9384339937241748,0.23221599985845387,13.258883001981303,0.35920699883718044,0.08244699711212888,14.918698994733859,0,2
179,0108021.png,0.8390100047108717,0.24717800260987133,13.809035997837782,0.3916529967682436,0.06433899397961795,15.393936999316793,0,2
180,0108023.png,0.8742880017962307,0.2356609984417446,13.587068002379965,0.3606449972721748,0.058840996643994004,15.165878998232074,0,1
181,0108026.png,0.8623680041637272,0.23628000053577125,13.0684339965228,0.3627420010161586,0.061791994085069746,14.62839099986013,0,2
182,0108028.png,0.930752998101525,0.22368600184563547,12.968092996743508,0.4276219988241792,0.07287400512723252,14.66336100565968,0,1
183,0108033.png,0.9262300009140745,0.3517990044201724,13.204394999775104,0.4282609952497296,0.1022869982989505,15.055986994411796,0,2
184,0108035.png,0.9070160012925044,0.2592229939182289,13.296872995852027,0.3510910028126091,0.06306900468189269,14.928026997949928,0,1
185,0108041.png,1.1324000006425194,0.3183799999533221,13.485698000295088,0.35071599995717406,0.06171000131871551,15.405240003019571,0,1
186,0200006.png,0.7997080028872006,0.36256499879527837,13.40443899971433,0.3480180021142587,0.062421997427009046,15.026847999251913,0,4
187,0200008.png,1.026525002089329,0.3233210009057075,13.37137500377139,0.3508259978843853,0.0649150024401024,15.197335000266321,0,1
188,0200010.png,0.8700820035301149,0.33795499621191993,13.310360001923982,0.3445149995968677,0.06240200309548527,14.980412001023069,0,5
189,0200012.png,0.7779369989293627,0.30328399589052424,12.697277998086065,0.33933899976545945,0.06210200081113726,14.226250998035539,0,2
190,0200016.png,0.7105520053301007,0.2437229995848611,16.466997003590222,0.4044149973196909,0.07603900303365663,17.93946399993729,0,2
191,0200025.png,0.7216029989649542,0.24425300216535106,13.525677997677121,0.35821000346913934,0.20307199883973226,15.104963000339922,0,1
192,0200028.png,0.839322994579561,0.3338110036565922,19.110567998723127,0.47469200217165053,0.08661200263304636,20.889284001896158,0,8
193,0200031.png,0.8205769991036505,0.2755759996944107,18.9492909994442,0.45296399912331253,0.08380199869861826,20.63444899977185,0,1
194,0200032.png,0.830401993880514,0.275419995887205,18.55470399459591,0.4707810003310442,0.08286200318252668,20.26634399953764,0,1
195,0200036.png,0.9105550052481703,0.3052219981327653,17.934611001692247,0.3741469990927726,0.0669169967295602,19.640716003777925,0,1
196,0201005.png,0.913244002731517,0.2524640003684908,13.96396900236141,0.3649499994935468,0.06771700282115489,15.612871997291222,0,1
197,0201007.png,0.8674969940329902,0.23437199706677347,13.673676003236324,0.35930200101574883,0.06487700011348352,15.249827003572136,0,1
198,0201019.png,0.7158410007832572,0.22398799774236977,18.93174699944211,0.38260500150499865,0.06579100590897724,20.36041500105057,0,1
199,0202003.png,0.8835179978632368,0.21983199985697865,15.544451998721343,0.4661369966925122,0.08519000402884558,17.244653005036525,0,1
200,0202005.png,0.8928600000217557,0.31346999458037317,14.518724994559307,0.38596800004597753,0.06671099981758744,16.239235999819357,0,2
201,0202014.png,0.8812700034468435,0.2839320004568435,13.626593005028553,0.3517910008667968,0.06313299672910944,15.254821002599783,0,1
202,0203001.png,0.865089001308661,0.23853300081100315,13.823952998791356,0.3901750023942441,0.06807099998695776,15.434174994879868,0,3
203,0203007.png,0.8408580033574253,0.24086499615805224,13.415169996733312,0.3454489997238852,0.06177600153023377,14.942309993784875,0,2
204,0203008.png,0.8040429966058582,0.23683300241827965,13.447379998979159,0.3489439986879006,0.06178799958433956,14.94466599979205,0,1
205,0203009.png,0.7959800059325062,0.2933229989139363,13.039859004493337,0.35985399881610647,0.06479099829448387,14.603615003579762,0,2
206,0203010.png,0.7688210025662556,0.24309500440722331,13.404149001871701,0.352857998223044,0.0642160011921078,14.876426001137588,0,2
207,0203012.png,0.8957389945862815,0.25125300453510135,13.779391003481578,0.3951899998355657,0.07176899816840887,15.441333998751361,0,3
208,0203015.png,0.9646569960750639,0.2989100030390546,13.710236999031622,0.36181700124870986,0.06366200250340626,15.452619998541195,0,9
209,0203016.png,0.7638040042365901,0.242014997638762,12.908574004541151,0.3398199987714179,0.0629659989499487,14.363599999342114,0,3
210,0203020.png,0.6868269992992282,0.25162800011457875,13.479856002959423,0.3464740002527833,0.06227999983821064,14.864818993373774,0,1
211,0203021.png,0.7649299950571731,0.24538599973311648,13.424617005512118,0.3599479969125241,0.06321699765976518,14.898601999448147,0,2
212,0204002.png,0.7367260041064583,0.24661299539729953,13.58012299897382,0.35530499735614285,0.06446900079026818,15.019262995338067,0,1
213,0204018.png,0.8146839973051101,0.2544250019127503,13.43963099498069,0.3894179972121492,0.07249799818964675,15.018947000498883,0,2
214,0204020.png,0.7332720051635988,0.24643100186949596,13.660397002240643,0.37400399742182344,0.06033499812474474,15.113388995814603,0,2
215,0204023.png,0.7344089972320944,0.2446610014885664,13.372740999329835,0.36935599928256124,0.06361400301102549,14.84183499997016,0,5
216,0205001.png,0.8063519999268465,0.23502400290453807,13.219874002970755,0.3860500000882894,0.08666400390211493,14.781621997826733,0,3
217,0205002.png,0.8132450020639226,0.2408279979135841,12.4285179990693,0.3374939988134429,0.05595199763774872,13.920039993536193,0,2
218,0205011.png,1.0458769975230098,0.5052400010754354,14.141786996333394,0.38865699752932414,0.11985900346189737,16.297235997626558,0,3
219,0400002.png,0.8860689995344728,0.2567449992056936,13.146250996214803,0.34850699739763513,0.06082500476622954,14.736172000993975,0,3
220,0400024.png,0.9865550018730573,0.2688269960344769,12.859843998739962,0.3180029962095432,0.05859200609847903,14.529978994687553,0,2
221,0400025.png,0.8845680058584549,0.4130099987378344,13.28056300553726,0.3730949974851683,0.06154400034574792,15.053440998599399,0,2
222,0400027.png,0.9178000036627054,0.23696900461800396,13.40358499874128,0.3516470023896545,0.0636670010862872,15.012253999884706,0,6
223,0400028.png,1.0110599978361279,0.25149599969154224,13.34314199630171,0.334017000568565,0.060393998865038157,15.046770000481047,0,4
224,0400036.png,0.9178809996228665,0.2414679984212853,13.541504995373543,0.363145001756493,0.060623002354986966,15.169578000495676,0,1
225,0401014.png,0.8246270008385181,0.23878600040916353,13.226731003669556,0.32708900107536465,0.061426995671354234,14.715800993144512,0,12
226,0401015.png,0.7600639946758747,0.2596480044303462,14.871781000692863,0.35704900074051693,0.06894200487295166,16.359888002625667,0,1
227,0401029.png,0.9338899981230497,0.27945500187342986,30.31647599709686,0.773430998378899,0.1312649983447045,32.488510994880926,0,3
228,0401031.png,0.8507479942636564,0.5347789992811158,13.695672998437658,0.34293300268473104,0.061172999267000705,15.527646995906252,0,2
229,0401035.png,1.0989450020133518,0.38196499372133985,13.709758000914007,0.34652599424589425,0.060705999203491956,15.659270000469405,0,1
230,0401039.png,1.1042369951610453,0.3133749996777624,13.134117005392909,0.3564650032785721,0.07076500332914293,15.034773998195305,0,2
231,0401040.png,0.9373349967063405,0.43873299728147686,13.478421999025159,0.3550629990058951,0.06191500142449513,15.324117994168773,0,3
232,0401045.png,0.9834439988480881,0.2387709973845631,14.062331996683497,0.44469400017987937,0.06915400444995612,15.845661000639666,0,1
233,0401075.png,1.0120480001205578,0.31497300369665027,13.005471002543345,0.34360400604782626,0.06135999865364283,14.789182001550216,0,12
234,0402005.png,0.8437679935013875,0.23524300195276737,13.535512996895704,0.4767300051753409,0.08536200039088726,15.222802001517266,0,1
235,0402006.png,0.9568709938321263,0.29611399804707617,15.40493799984688,0.42533600208116695,0.0787980025052093,17.213471001014113,0,3
236,0402014.png,0.9564770007273182,0.4011229975731112,16.28394799627131,0.44989500020164996,0.07798799924785271,18.22986100160051,0,15
237,0402017.png,1.0528689963393845,0.34620999940671027,16.183419000299182,0.43780900159617886,0.07826100045349449,18.16805799899157,0,4
238,0402018.png,1.1103420038125478,0.3520519967423752,13.836742997227702,0.37163599336054176,0.06830399797763675,15.804132999619469,0,3
239,0402019.png,1.0899129993049428,0.26604800223140046,13.643986996612512,0.3674420004244894,0.06524800119223073,15.485793999687303,0,2
240,0402022.png,0.946690997807309,0.2741700009210035,14.00483999896096,0.4023609944852069,0.07314899994526058,15.744689000712242,0,5
241,0402023.png,0.9497790015302598,0.263059999269899,13.72283700038679,0.37096500454936177,0.06485099584097043,15.422153002873529,0,1
242,0402028.png,1.0037739994004369,0.2535379971959628,13.215186998422723,0.37072799750603735,0.0645260006422177,14.956024999264628,0,5
243,0402032.png,0.9522429973003455,0.23903900000732392,13.129648999893107,0.3268250002292916,0.06067600043024868,14.751620001334231,0,5
244,0403009.png,0.9305180064984597,0.2427689978503622,13.124003999109846,0.39344700053334236,0.06891199882375076,14.795531002164353,0,3
245,0403012.png,0.8741220008232631,0.25226199795724824,12.612044003617484,0.3261780002503656,0.06002599548082799,14.167649002047256,0,5
246,0403017.png,0.7655919980606996,0.22467899543698877,12.85345899668755,0.34447699727024883,0.06135500007076189,14.283374999649823,0,1
247,0403020.png,0.8892760015442036,0.2400150042376481,13.50918800017098,0.35883000236935914,0.05729500117013231,15.102222001587506,0,3
248,0403023.png,0.8776969989412464,0.2726699967752211,13.123280004947446,0.39412900514435023,0.07029299740679562,14.780965000682045,0,2
249,0403030.png,0.8513050051988102,0.29026399715803564,14.023204996192362,0.3514299969538115,0.06252900493564084,15.629200999683235,0,1
250,0403032.png,0.8195469999918714,0.23740500182611868,13.852613003109582,0.39219099562615156,0.06518400186905637,15.414355999382678,0,3
251,0403035.png,1.0176600044360384,0.27410600159782916,13.441604001855012,0.37413199606817216,0.06601499626412988,15.224110000417568,0,1
252,0403036.png,0.9024999963003211,0.24822400155244395,23.637417005375028,0.3574450020096265,0.06444699829444289,25.252045998058748,0,1
253,0403037.png,0.9917799980030395,0.2730169944697991,13.999953000165988,0.37424900074256584,0.06707199645461515,15.75802799925441,0,2
254,0403045.png,0.995371003227774,0.25063900102395564,13.511930999811739,0.3464420005911961,0.06406099419109523,15.21653900272213,0,8
255,0403046.png,0.9132999985013157,0.2439539966871962,13.86831799754873,0.3947810037061572,0.07068200648063794,15.537002000201028,0,1
256,0403051.png,0.8434109986410476,0.347238004906103,14.275494999310467,0.40669100417289883,0.06976300210226327,15.987417005817406,0,6
257,0404005.png,0.8891600009519607,0.2669570021680556,13.819419997162186,0.30525700276484713,0.030947005143389106,15.359848999651149,0,0
258,0404014.png,0.9408170008100569,0.26248599897371605,14.10168800066458,0.36870599433314055,0.07309800275834277,15.79523100372171,0,1
259,0404018.png,0.9524409979349002,0.2663240011315793,14.674912999907974,0.39928399928612635,0.06757200026186183,16.411139993579127,0,2
260,0404025.png,0.9482309978920966,0.2500550035620108,15.142906006076373,0.42603099427651614,0.07174199708970264,16.889283004275057,0,5
261,0404026.png,0.9938309958670288,0.2754319939413108,15.458623005542904,0.4326150010456331,0.07063500379445031,17.28479600569699,0,2
262,0404029.png,0.8990139976958744,0.29266699857544154,14.24314700125251,0.3748520030057989,0.06635600584559143,15.924364000966307,0,1
263,0404032.png,0.9308380031143315,0.288413000816945,13.561626998125575,0.35177099925931543,0.08337799954460934,15.257082995958626,0,3
264,0404034.png,0.9112799962167628,0.24665000091772527,14.06330199824879,0.4295740000088699,0.07618500239914283,15.770606994919945,0,2
265,0404043.png,0.9271369999623857,0.25489400286460295,13.48833300289698,0.36294500023359433,0.06431100337067619,15.14972199947806,0,2
266,0404044.png,0.904452994291205,0.28720500267809257,13.684801997442264,0.3888770006597042,0.06782299897167832,15.372968999145087,0,2
267,0404049.png,0.8066560039878823,0.2637650031829253,13.838683000358287,0.38117000076454133,0.06891499651828781,15.39823500206694,0,2
268,06000003.png,0.8874510021996684,0.27528699865797535,13.555186000303365,0.3536610020091757,0.06423600279958919,15.187314005743247,0,2
269,06000014.png,0.9800330008147284,0.24787499569356441,13.41103800223209,0.5051789994467981,0.06812699575675651,15.261572996678296,0,4
270,06000019.png,0.9698579960968345,0.2477609959896654,13.849998998921365,0.3788800022448413,0.07338899740716442,15.569655995932408,0,6
271,06000022.png,0.9917230054270476,0.2606550042401068,14.378605999809224,0.39275799645110965,0.06760100222891197,16.133267999975942,0,3
272,06000023.png,0.9986309960368089,0.2536120009608567,13.693744993361179,0.3917419962817803,0.06408699846360832,15.445182005350944,0,2
273,06000029.png,0.7980170048540458,0.24806800502119586,14.278595001087524,0.3602559954742901,0.06559400208061561,15.790381003171206,0,2
274,06000044.png,0.8994060044642538,0.25416899734409526,13.55145300476579,0.3758989987545647,0.061074002587702125,15.19316399935633,0,9
275,06000053.png,0.880528001289349,0.24678499903529882,13.719909002247732,0.3563959980965592,0.06340600521070883,15.305413005989976,0,16
276,06000063.png,1.1049989989260212,0.25819499569479376,13.8438989961287,0.38558099913643673,0.06555700383614749,15.701639997132588,0,3
277,06000077.png,0.9862070000963286,0.26551300106802955,13.453080995532218,0.3427219999139197,0.06150799890747294,15.158144997258205,0,2
278,06000093.png,0.951616995735094,0.2504939984646626,13.050975001533516,0.34303099528187886,0.062576997152064,14.707966001878958,0,5
279,06000094.png,0.8724899962544441,0.25954200100386515,13.559701001213398,0.34707499435171485,0.06316199869615957,15.163060998020228,0,3
280,06010001.png,0.9312409965787083,0.32037000346463174,14.014793996466324,0.37907300429651514,0.06362600106513128,15.763002993480768,0,3
281,06010015.png,0.8169150023604743,0.2543599985074252,13.42697400104953,0.3625350000220351,0.0660680016153492,14.96982500248123,0,4
282,06010017.png,0.9814410004764795,0.2655909993336536,13.616059994092211,0.363302999176085,0.07600800017826259,15.360835997853428,0,3
283,06010018.png,0.9149860052275471,0.28376000409480184,13.265406996652018,0.3716850042110309,0.06268399738473818,14.938798994990066,0,23
284,06010022.png,0.9409470003447495,0.25113399897236377,13.63909599604085,0.3387850010767579,0.06323200068436563,15.27950099989539,0,1
285,06010026.png,0.9690299993962981,0.2534160012146458,13.22020500083454,0.3352130006533116,0.061323997215367854,14.886834993376397,0,2
286,06010028.png,0.9180690030916594,0.2530639976612292,12.96127700334182,0.3351260020281188,0.059441001212690026,14.575749002688099,0,5
287,06010030.png,0.9199210035149008,0.22838699806015939,12.370814998575952,0.33393400372006,0.05960400449112058,13.95538100041449,0,2
288,06010032.png,1.3778109932900406,0.5288800020935014,13.547017995733768,0.7087859994499013,0.17455999477533624,16.434924000350293,0,3
289,06010035.png,0.9486600029049441,0.31056599982548505,14.25444499909645,0.4245529999025166,0.07135499618016183,16.05318099609576,0,5
290,06010039.png,0.9588660032022744,0.3373040017322637,14.646663999883458,0.37346700264606625,0.06410000059986487,16.43310899817152,0,6
291,0800006.png,0.9544999993522651,0.24484599998686463,13.517967003281228,0.4276949985069223,0.07364499469986185,15.267659997334704,0,1
292,0800007.png,0.9990969992941245,0.3569289983715862,13.534502002585214,0.38901199877727777,0.06721799582010135,15.400708995002788,0,7
293,0800008.png,0.9268659996450879,0.3210850045434199,13.563844993768726,0.4101049999007955,0.06937199941603467,15.333108996856026,0,2
294,0800011.png,0.969324006291572,0.3187969996361062,13.784005997877102,0.3519649981171824,0.06415900134015828,15.542743996775243,0,4
295,0800012.png,0.9480029984842986,0.2708380052354187,13.639230994158424,0.392775000364054,0.06748599844286218,15.366247003839817,0,3
296,0800018.png,0.8970339986262843,0.26139799592783675,13.87997499841731,0.3716669962159358,0.06377199315465987,15.514227001403924,0,3
297,0800019.png,0.8931219999794848,0.25224800629075617,13.552828997489996,0.35452700103633106,0.0633610034128651,15.16300500225043,0,5
298,0800026.png,0.9377509995829314,0.24028599727898836,13.341937999939546,0.3446400005486794,0.06200300413183868,14.973165998526383,0,5
299,0800029.png,1.0178470038226806,0.25013100093929097,12.980287996469997,0.4181260010227561,0.06596399907721207,14.776028001506347,0,1
300,0800034.png,0.9207999974023551,0.24821599799906835,12.982697000552434,0.3284859994892031,0.05815699842059985,14.576221001334488,0,2
301,0800037.png,1.0659939944162033,0.2845449998858385,12.492947003920563,0.3150609991280362,0.0559899999643676,14.246537997678388,0,1
302,0800041.png,1.030767998599913,0.22283400176092982,13.988964004965965,0.3470640003797598,0.05860000237589702,15.679365998948924,0,1
303,1000006.png,0.8657349972054362,0.2594980032881722,13.37226200121222,0.3345580043969676,0.05974000669084489,14.938790001906455,0,1
304,1000012.png,0.9589219989720732,0.23323400091612712,12.842242998885922,0.3591490021790378,0.05763200169894844,14.489089000562672,0,5
305,1000019.png,0.8783439989201725,0.25530099810566753,13.403773002210073,0.3656720000435598,0.06148399552330375,15.006166999228299,0,4
306,1000025.png,0.8492900014971383,0.253261998295784,13.23750499432208,0.3420260036364198,0.061803002608940005,14.782022997678723,0,9
307,1000044.png,0.8314609949593432,0.24757800565566868,14.096150996920187,0.3615389941842295,0.0576899983570911,15.633809998689685,0,3
308,1000055.png,0.843288995383773,0.2669750028871931,13.046751999354456,0.37438899744302034,0.06460399890784174,14.635911000368651,0,2
309,1119001.png,0.9771780023584142,0.2451229956932366,13.319330995727796,0.3555230068741366,0.057441000535618514,14.999113998783287,0,1
310,1119004.png,0.9357930030091666,0.2593850003904663,13.233392004622146,0.37475399585673586,0.07223599823191762,14.924350005458109,0,3
311,1119014.png,0.8517910027876496,0.27837100060423836,13.263905995700043,0.3473069955362007,0.057797005865722895,14.839126000879332,0,2
312,1119017.png,0.8679180027684197,0.26127199816983193,13.858053003787063,0.3631349973147735,0.06612599827349186,15.463269002793822,0,1
313,1119018.png,0.8692040064488538,0.2530130004743114,32.053536000603344,0.7209109971881844,0.11169200297445059,34.05480500077829,1,2
314,1119024.png,0.8912699995562434,0.3269810040364973,27.523141005076468,0.405853999836836,0.06902799941599369,29.264722994412296,0,2
315,1119026.png,0.88511299691163,0.27044000307796523,15.0759050011402,0.3933429979952052,0.06488500366685912,16.734313998313155,0,1
316,1119031.png,0.8671540053910576,0.26304699713364244,13.885784996091388,0.39495000237366185,0.06650500290561467,15.518748994509224,0,6
317,1119032.png,0.8899999957066029,0.25002699840115383,13.311575996340252,0.330588998622261,0.05992100341245532,14.889412996126339,0,1
318,1119043.png,0.9374770015710965,0.2476900044712238,13.089956002659164,0.35203900188207626,0.07679400005144998,14.748519002750982,0,3
319,1119045.png,0.7559310033684596,0.2500850023352541,13.479821995133534,0.35664800088852644,0.0619589991401881,14.94032399932621,0,5
320,1120011.png,0.9077020004042424,0.24749200383666903,13.150787002814468,0.3557759991963394,0.05906799924559891,14.770724999834783,0,1
321,1120018.png,0.8807749982224777,0.2639559970702976,13.613003997306805,0.36753300082636997,0.06489900260930881,15.228573996864725,0,4
322,1120022.png,0.8746790044824593,0.25713299692142755,13.156080000044312,0.4123699982301332,0.07053700392134488,14.824685000348836,0,6
323,1120037.png,1.0547819983912632,0.3302430050098337,13.425021999864839,0.3444559988565743,0.0627350018476136,15.270570998836774,0,5
324,1120039.png,1.0014840008807369,0.24274700263049453,13.16592199873412,0.3446500049903989,0.06013699749018997,14.859561997582205,0,12
325,1120041.png,1.0238419999950565,0.25457199808442965,13.902897997468244,0.3600150012061931,0.06158500036690384,15.647558000637218,0,1
326,1120058.png,1.0087359987664968,0.30192200210876763,14.7889030049555,0.42152700189035386,0.06868699711048976,16.63948300119955,0,9
327,1120060.png,1.0450849949847907,0.33018499379977584,13.77829500415828,0.39200999890454113,0.06684900290565565,15.65639600448776,0,6
328,1121006.png,1.0076699982164428,0.24732099700486287,13.287149995448999,0.3501719984342344,0.06401100108632818,15.005528002802748,0,7
329,1121013.png,1.0509009953239001,0.24686600227141753,13.205514005676378,0.7675930028199218,0.07523299427703023,15.393957000924274,0,3
330,1128020.png,0.9643910016166046,0.32321500475518405,13.723998999921605,0.361667996912729,0.06298800144577399,15.482344999327324,0,3
331,1128029.png,0.8998310004244559,0.30745600088266656,13.302683000802062,0.3933850020985119,0.06371299969032407,15.04161400225712,0,3
332,1128049.png,1.0027110038208775,0.24932000087574124,13.266848000057507,0.3611959982663393,0.06319399835774675,14.98126099613728,0,2
333,1128051.png,0.8746349994908087,0.24200799816753715,13.857336998626124,0.35993100027553737,0.06458099960582331,15.439766000781674,0,3
334,1128054.png,0.9366939993924461,0.24283899983856827,13.247875001979992,0.3497750003589317,0.084455001342576,14.914040999428835,0,8
335,1130007.png,0.9918819996528327,0.2720630000112578,13.867857000150252,0.49879300058819354,0.12796099326806143,15.80632400145987,0,1
336,1130014.png,0.8092560019576922,0.32349099637940526,13.702115000342019,0.414280999393668,0.08712200360605493,15.383071004180238,0,5
337,1130021.png,0.9120040049310774,0.2585220063338056,13.109770996379666,0.3550219989847392,0.06258999928832054,14.747661000001244,0,3
338,1130023.png,0.8520479968865402,0.2498440007911995,16.93004499975359,0.7500879946746863,0.15597399760736153,18.977414001710713,0,16
339,1130024.png,1.0768599968287162,0.3851209985441528,18.8370030009537,0.3742769986274652,0.06442800076911226,20.78668199828826,0,13
340,1130026.png,0.9437389962840825,0.25338900013593957,14.232506000553258,0.3598549956222996,0.06882700108690187,15.91090999863809,0,11
341,1130048.png,0.8743139987927862,0.27007400058209896,14.037307002581656,0.3459090003161691,0.06348799797706306,15.631654998287559,0,4
342,1130053.png,1.0870240002986975,0.2637330035213381,13.869911002984736,0.3527449953253381,0.06320199463516474,15.678096999181435,0,6
343,1130054.png,0.9686859993962571,0.2430949971312657,19.136946997605264,0.43906900100409985,0.0728290033293888,20.910881001327652,0,1
344,1180002.png,0.9382640055264346,0.2852930047083646,13.827832997776568,0.3748840026673861,0.06937699799891561,15.5395839974517,0,8
345,1180022.png,0.8528190010110848,0.2804789983201772,13.509978001820855,0.43072300468338653,0.07867000385886058,15.20262099802494,0,7
346,1180027.png,0.8767290055402555,0.2800129950628616,13.480064997565933,0.39395099884131923,0.06578900502063334,15.147996004088782,0,2
347,1180033.png,0.9287409993703477,0.2665899955900386,13.524862995836884,0.3741429973160848,0.07061799988150597,15.21161499840673,0,2
348,1180035.png,0.9554040007060394,0.3099690002272837,13.270006005768664,0.35244000173406675,0.06348199531203136,15.004253000370227,0,5
349,1180042.png,0.864289999299217,0.24683699302840978,13.75701299548382,0.36087899934500456,0.06536800356116146,15.336206000938546,0,1
350,1180045.png,0.8346440008608624,0.2425620041321963,14.296421002654824,0.3568949978216551,0.06215800385689363,15.833359000680503,0,3
351,1180047.png,0.9110520040849224,0.25237599766114727,14.281882002251223,0.37192900344962254,0.06627599941566586,15.927396998449694,0,3
352,1243003.png,0.9979590031434782,0.2493659994797781,13.399969000602141,0.3941830000258051,0.06685500557068735,15.161185001488775,0,1
353,1243006.png,0.9271699964301661,0.27618899912340567,14.097870996920392,0.3740519969142042,0.0646720000077039,15.77954700042028,0,7
354,1243014.png,1.0120060032932088,0.28646500140894204,13.600168997072615,0.35810099507216364,0.06111300172051415,15.372702000604477,0,3
355,1246017.png,0.8448850057902746,0.24452999787172303,14.00080799794523,0.39956600085133687,0.06812799983890727,15.600890001223888,0,1
356,1246024.png,0.9637769981054589,0.2633039985084906,14.520489996357355,0.3598789990064688,0.061664002714678645,16.222038997511845,0,1
357,1246048.png,0.8831739978631958,0.23397200129693374,13.931374000094365,0.37680799869121984,0.06016899715177715,15.52431099844398,0,2
358,1249001.png,0.9763560010469519,0.23866499395808205,13.811832999635953,0.3823969964287244,0.06298300286289304,15.523016001679935,0,2
359,1249008.png,0.8956500023487024,0.3079529997194186,13.092189001326915,0.34653199691092595,0.06299700180534273,14.743776002433151,0,2
360,1249017.png,0.8945959998527542,0.2665590000106022,13.023519997659605,0.34975699963979423,0.06145000224933028,14.635622996138409,0,6
361,1249027.png,0.9355459988000803,0.24299100186908618,13.007361994823441,0.3731030010385439,0.06315900100162253,14.669639997009654,0,6
362,1249037.png,0.8884109993232414,0.24399699759669602,12.786546001734678,0.3442559973336756,0.06043800385668874,14.365207993250806,0,2
363,1249039.png,0.8935279984143563,0.23800099734216928,13.120427996909712,0.3437409977777861,0.06104800559114665,14.695013000164181,0,3
364,1249041.png,0.9100870011025108,0.24464199668727815,13.097636998281814,0.33285700192209333,0.061815000663045794,14.69245000043884,0,3
365,1249044.png,0.8866279968060553,0.25726699823280796,13.75660900521325,0.3569230029825121,0.08238300506491214,15.381318000436295,0,1
366,1249047.png,0.9280769954784773,0.24486500478815287,12.938332001795061,0.3472559983492829,0.08531499770469964,14.593496998713817,0,5
367,1249049.png,0.9172489953925833,0.2500770060578361,12.992846000997815,0.3365660013514571,0.06138999742688611,14.60538399987854,0,4
368,1249057.png,0.9034629983943887,0.2472769992891699,13.062373996945098,0.3453350000199862,0.05710199911845848,14.656758998171426,0,2
369,1249058.png,0.884967994352337,0.25821299641393125,13.248936003947165,0.3429389980738051,0.06391700298991054,14.845281002635602,0,1
370,1252020.png,0.8846349956002086,0.25293300132034346,13.067154999589548,0.25717199605423957,0.026544999855104834,14.52569299726747,0,0
371,1252023.png,0.8843319956213236,0.2438059964333661,12.997937999898568,0.3620629940996878,0.0653649985906668,14.600203001464251,0,1
372,1252036.png,0.7685469972784631,0.2453030028846115,13.602092993096448,0.3717069994308986,0.06266900163609535,15.090610002516769,0,1
373,1254012.png,1.0263830045005307,0.2676269941730425,13.08268700086046,0.3622209987952374,0.06505600322270766,14.875885004585143,0,3
374,1254021.png,0.8721699996385723,0.28501299675554037,13.077629999315832,0.7515280012739822,0.12165999942226335,15.156828005274292,0,3
375,1255001.png,1.05205099680461,0.40924299537437037,33.67776600498473,0.8141569996951148,0.1196509983856231,36.12590600096155,1,1
376,1255003.png,0.934907999180723,0.34081999910995364,28.774198006431106,0.39203900087159127,0.06034199759596959,30.55375799885951,0,4
377,1255009.png,0.9143709976342507,0.26416999753564596,13.260561005154159,0.38711499655619264,0.06593400030396879,14.941012996132486,0,1
378,1255010.png,0.8678349986439571,0.24497199774486944,12.891959995613433,0.385579995054286,0.0658510034554638,14.496609001071192,0,2
379,1256006.png,0.9560129983583465,0.24785899586277083,12.917230997118168,0.3462530003162101,0.06160699558677152,14.573046006262302,0,4
380,1256033.png,0.9275949996663257,0.242876005358994,13.039340999966953,0.39570400258526206,0.06554999708896503,14.71946499805199,0,1
381,1256036.png,1.0351660021115094,0.2849529992090538,14.028694000444375,0.40400899888481945,0.07332699897233397,15.87605600070674,0,1
382,1256045.png,1.0409349997644313,0.31848399521550164,14.637241001764778,0.38975800271146,0.06153700087452307,16.50932600023225,0,3
383,1257015.png,0.961678997555282,0.2574640020611696,13.160445996618364,0.35148999450029805,0.06499399751191959,14.860834999126382,0,2
384,1257022.png,0.9574729992891662,0.26576399977784604,12.831309999455698,0.35653300437843427,0.061404003645293415,14.518980002321769,0,2
385,1257028.png,0.8058419989538379,0.2437110015307553,13.084465004794765,0.3551859990693629,0.06903100438648835,14.596906999940984,0,1
386,1257033.png,1.0023750000982545,0.28219600062584504,13.047470005403738,0.34118700568797067,0.06000199937261641,14.784205995965749,0,4
387,1257036.png,0.9768259988049977,0.36458200338529423,17.648372995608952,0.7317089985008352,0.11563999578356743,19.89590100129135,0,3
388,1262006.png,0.8680879982421175,0.3282449979451485,35.051664999627974,0.8270199978142045,0.12425299792084843,37.24919800151838,1,3
389,1262023.png,0.9853469964582473,0.40472600085195154,16.488722001668066,0.3993110003648326,0.07266299508046359,18.403003996354528,0,4
390,1262029.png,0.8859859954100102,0.44791300024371594,13.447892997646704,0.38454400055343285,0.07150899909902364,15.280004998203367,0,2
391,1265019.png,0.979050004389137,0.43399800051702186,14.491111003735568,0.40002500463742763,0.0645159962004982,16.436294004961383,0,5
392,1265032.png,1.030423998599872,0.3200720020686276,13.70627099822741,0.4206950034131296,0.06994300201768056,15.60644900018815,0,3
393,1265047.png,0.940349003940355,0.3441220032982528,13.479762004863005,0.3569649998098612,0.0635839969618246,15.23009900120087,0,7
394,1265049.png,0.9902480014716275,0.285360001726076,13.01107500330545,0.3453250028542243,0.061430997448042035,14.740797996637411,0,3
395,1265063.png,0.8286949960165657,0.23199299903353676,22.38336900336435,0.3470359952189028,0.06220099749043584,23.888467003416736,0,3
396,1265073.png,0.8914709978853352,0.3580619959393516,13.860094994015526,0.4064940003445372,0.0724869969417341,15.627090004272759,0,1
397,1265075.png,0.9084429984795861,0.29398600599961355,13.432501000352204,0.35293899418320507,0.06372000643750653,15.095759998075664,0,1
398,1265085.png,0.9881810037768446,0.2477509988239035,12.880973001301754,0.34022200270555913,0.06045700138201937,14.567989004717674,0,1
399,1265086.png,0.8811649968265556,0.23209500068333,12.58921100088628,0.32636799733154476,0.06962400220800191,14.1342610004358,0,5
400,1265094.png,0.8673310003359802,0.24445899907732382,13.047895998170134,0.3891240048687905,0.06393800140358508,14.648748001491185,0,13
401,1265096.png,0.9423349983990192,0.3983130009146407,13.698078997549601,0.36263500078348443,0.06160299381008372,15.504195995163172,0,2
402,1265097.png,0.839731001178734,0.2664960047695786,13.148721001925878,0.36536699917633086,0.08537899702787399,14.750344002095517,0,4
403,1265099.png,0.9029009961523116,0.254063997999765,13.068929998553358,0.3870939981425181,0.06493799446616322,14.716689998749644,0,1
404,1265104.png,0.7999039953574538,0.24782000400591642,14.129024995781947,0.39790000300854445,0.07043900404823944,15.691660999436863,0,1
405,1265109.png,0.9305470011895522,0.2842600006260909,13.8442000024952,0.3473860051599331,0.06206299440236762,15.512542006035801,0,3
406,1266007.png,0.8727620006538928,0.23794000298948959,13.082416000543162,0.3656249973573722,0.06415499956347048,14.668504998553544,0,5
407,1266016.png,1.0008499957621098,0.23755199799779803,12.965930996870156,0.35229599598096684,0.06379700062097982,14.655963001132477,0,3
408,1266024.png,0.9974529966711998,0.2670559988473542,13.411800995527301,0.38868999399710447,0.06570299592567608,15.178928995737806,0,1
409,1266032.png,0.8461929974146187,0.24460699933115393,13.86576200457057,0.33513300149934366,0.062143997638486326,15.393035995657556,0,4
410,1266033.png,0.8761689969105646,0.23918100487207994,12.605459996848367,0.4737579947686754,0.09068199869943783,14.331122998555657,0,7
411,1266044.png,1.0329299984732643,0.2992080044350587,13.767751996056177,0.42117600241908804,0.08083899592747912,15.668036001443397,0,8
412,1266049.png,0.99712500377791,0.3367280005477369,13.308325003890786,0.36043699947185814,0.07200499385362491,15.126843994949013,0,2
413,1266056.png,0.8365139947272837,0.27699500060407445,12.990161005291156,0.3617129987105727,0.06214200402610004,14.56854899879545,0,1
414,1266060.png,0.9463289970881306,0.3451550001045689,13.806844006467145,0.3682140013552271,0.06703799590468407,15.590898001391906,0,3
415,1267001.png,1.184503998956643,0.4161520046181977,13.788487005513161,0.4163229968980886,0.08610700024291873,15.964603000611532,0,7
416,1267006.png,0.8137420009006746,0.26364299992565066,12.749107998388354,0.36226499651093036,0.058907993661705405,14.296926005044952,0,8
417,1267009.png,1.0940479987766594,0.3109500030404888,13.783973001409322,0.3474040058790706,0.06585200026165694,15.6638379994547,0,2
418,1267017.png,0.8908690069802105,0.4400939942570403,13.637082003697287,0.37383800372481346,0.06088700320106,15.448700003616977,0,2
419,1267037.png,0.8222969991038553,0.4248189943609759,13.403059005213436,0.348198002029676,0.0629679998382926,15.119961004529614,0,2
420,1267063.png,1.1268739981460385,0.3940399983548559,13.235309001174755,0.3520980026223697,0.061951999668963253,15.227412004605867,0,4
421,1267072.png,1.0521479998715222,0.2646220018505119,13.760908994299825,0.38416899769799784,0.06430299981730059,15.574176002701279,0,8
422,1267090.png,0.843203000840731,0.2527539982111193,13.581703999079764,0.34740300179691985,0.06213199958438054,15.127942999242805,0,2
423,1267112.png,1.0017259992309846,0.26141600392293185,13.271875002828892,0.3463199973339215,0.0631059956504032,14.9920679978095,0,6
424,1267114.png,1.0742100057541393,0.26283099577995017,13.645257997268345,0.3742740009329282,0.06365399895003065,15.470328995434102,0,10
425,1267120.png,1.0140759986825287,0.25664499844424427,13.372950001212303,0.3635589964687824,0.0583119981456548,15.115960995899513,0,6
426,1267122.png,1.0530229992582463,0.2839320004568435,12.835282002924941,0.34700400283327326,0.06368300091708079,14.636507999966852,0,3
427,1270003.png,0.7839339959900826,0.2359589998377487,13.930519999121316,0.37698000232921913,0.0693280017003417,15.44159599870909,0,2
428,1270005.png,1.0718109988374636,0.2750089988694526,13.374797003052663,0.35001899959752336,0.06287300493568182,15.18288800434675,0,4
429,1270014.png,0.8096500023384579,0.2407220017630607,13.912679998611566,0.3507860019453801,0.06912899698363617,15.422303004015703,0,4
430,1270017.png,0.8112590003293008,0.2465249999659136,13.641303994518239,0.3572029963834211,0.06407699402188882,15.166813995165285,0,1
431,1270019.png,0.7990609956323169,0.27235900051891804,13.415334004093893,0.34391799999866635,0.06219899660209194,14.932755002519116,0,2
432,1270034.png,0.8551349965273403,0.23563799913972616,13.811228003760334,0.34507899545133114,0.06307099829427898,15.358087002823595,0,4
433,1270043.png,0.8186900013242848,0.2550019999034703,13.978451999719255,0.3838639968307689,0.06381599814631045,15.540729000349529,0,6
434,1270056.png,0.8838610010570846,0.2708280007936992,13.8706190045923,0.3568660031305626,0.0651439986540936,15.499589004321024,0,2
435,1270059.png,0.8336460014106706,0.2660230020410381,13.98844999494031,0.3539440003805794,0.06472300447057933,15.556026002741419,0,5
436,1270062.png,0.7983780014910735,0.265153001237195,29.387010996288154,0.4224860022077337,0.06737800140399486,30.987361998995766,0,8
437,1270063.png,0.789604993769899,0.2554519960540347,13.42130100238137,0.35369000397622585,0.06293100159382448,14.934097998775542,0,4
438,1270072.png,0.7761140004731715,0.23760300246067345,13.488258999132086,0.37389000499388203,0.06320199463516474,14.980307001678739,0,4
439,1270083.png,0.8244150012615137,0.28991199360461906,13.364908001676667,0.34041899925796315,0.060141996073070914,14.93180300167296,0,5
440,1270090.png,0.7521720035583712,0.2567850024206564,13.345248000405263,0.43602799996733665,0.06683299579890445,14.894072002789471,0,9
441,1270100.png,0.7920830030343495,0.2384569961577654,13.465143994835671,0.34126800164813176,0.06412799848476425,14.939253000193276,0,4
442,1274019.png,0.9156390005955473,0.24669899721629918,13.3057450002525,0.3851099972962402,0.06571099947905168,14.966597002057824,0,2
443,1274026.png,0.8676669967826456,0.2416869974695146,13.813990000926424,0.3818520053755492,0.061038001149427146,15.403240999148693,0,5
444,1274034.png,0.855174999742303,0.24398099776590243,27.22584699949948,0.7493480006814934,0.11311599519103765,29.23049699893454,0,4
445,1274043.png,0.9731140016810969,0.33454300137236714,25.13961200020276,0.7287039989023469,0.12325599527684972,27.34816699376097,0,1
446,1274044.png,0.9356820009998046,0.3309740059194155,32.636152995110024,0.7153879996621981,0.10942800145130605,34.77752199978568,1,3
447,1276002.png,0.8105610031634569,0.34515799779910594,27.1373110008426,0.38714100082870573,0.07156400533858687,28.797774997656234,0,2
448,1276004.png,0.8513009961461648,0.3000619981321506,13.922571000875905,0.3595380039769225,0.06482699973275885,15.542524997727014,0,2
449,1276007.png,0.7595189963467419,0.24031000066315755,13.234702993941028,0.3472789976513013,0.0617179975961335,14.680873995530419,0,3
450,1276009.png,0.7817649966455065,0.2440190000925213,13.299744001415092,0.38184099685167894,0.06418299744836986,14.818112998909783,0,1
451,1276015.png,0.8113419971778058,0.23927199799800292,13.194098995882086,0.3508950030663982,0.06195999594638124,14.703595006722026,0,5
452,1276020.png,0.867989998369012,0.2504270014469512,16.117453000333626,0.7610100001329556,0.11528200411703438,18.161858002713416,0,2
453,1276025.png,0.8221840034821071,0.3302629993413575,33.940215995244216,0.7546859997091815,0.11346700193826109,36.00882900354918,1,5
454,1276027.png,0.7993670005816966,0.3459539948380552,33.15912900143303,0.739953997253906,0.11366599937900901,35.21098700002767,1,2
455,1276029.png,0.7885960003477521,0.5420200031949207,14.393274999747518,0.35436899634078145,0.060459999076556414,16.198983998037875,0,2
456,1276036.png,0.8451059984508902,0.5202040047151968,13.130018996889703,0.35910199949285015,0.06206599937286228,14.964889000111725,0,1
457,1276042.png,0.7163460031733848,0.23516399960499257,13.517059000150766,0.3524369967635721,0.06300100358203053,14.919070003088564,0,2
458,1281002.png,0.7664490040042438,0.2547349940869026,13.496601997758262,0.3368199977558106,0.06236299668671563,14.959868996811565,0,14
459,1281012.png,0.7188050003605895,0.23905999842099845,13.792213001579512,0.3569999971659854,0.06251599552342668,15.204925002763048,0,2
460,1281015.png,0.8076129961409606,0.23529099416919053,13.464932999340817,0.3436309998505749,0.056691998906899244,14.953530000639148,0,1
461,1281016.png,0.8285660005640239,0.2485980003257282,23.19074400293175,0.3584910009521991,0.06031300290487707,24.731563004024792,0,2
462,1281020.png,0.7562539976788685,0.23569900076836348,14.49920900631696,0.3663770039565861,0.06083399784984067,15.963480000209529,0,2
463,1281023.png,0.7615509966854006,0.255626997386571,13.63538399891695,0.3534320057951845,0.05787499685538933,15.108990999578964,0,1
464,1281028.png,0.8257169974967837,0.2553919985075481,13.203672999225091,0.3687329954118468,0.06762699922546744,14.75932000175817,0,2
465,1281029.png,0.8292319980682805,0.2496960005373694,13.548180999350734,0.34971500281244516,0.05998700362397358,15.081272998941131,0,1
466,1281032.png,0.8195589980459772,0.2483650023350492,13.93171600648202,0.3574779984774068,0.06322900298982859,15.459406000445597,0,4
467,1281038.png,0.7930189967737533,0.23269600205821916,13.207873998908326,0.35313500120537356,0.0640479993307963,14.688138995552436,0,3
468,1281041.png,0.727778002328705,0.2594780016806908,13.401461001194548,0.4069679998792708,0.07393900159513578,14.90954399923794,0,1
469,1281051.png,0.7443610011250712,0.24500699510099366,13.823417000821792,0.3701470050145872,0.06387400208041072,15.284925000742078,0,1
470,1283007.png,0.9034060058183968,0.24007900356082246,13.622132006275933,0.37051900289952755,0.06472599488915876,15.249105999828316,0,2
471,1283008.png,0.8906299990485422,0.24441299319732934,13.661671997397207,0.35427799593890086,0.06417600525310263,15.259137006069068,0,3
472,1283020.png,0.9011840011226013,0.2810439982567914,14.008746002218686,0.4340209998190403,0.06944400229258463,15.743215997645166,0,1
473,1283028.png,0.9534100026939996,0.2522220020182431,13.708728001802228,0.4221620038151741,0.06933099939487875,15.456323999387678,0,1
474,1283029.png,0.9809410039451905,0.3446000046096742,14.027605000592303,0.3494080010568723,0.06431200017686933,15.822704997844994,0,1
475,1283035.png,0.9244879984180443,0.2489990001777187,13.229397001850884,0.5135399987921119,0.08800600335234776,15.054028997838032,0,2
476,1283042.png,1.0268160040141083,0.44105899723945186,14.323774004878942,0.4822330010938458,0.0634480020380579,16.38852200267138,0,1
477,1283045.png,0.9506829956080765,0.2614760014694184,13.250944000901654,0.3451630036579445,0.06297999789239839,14.921911999408621,0,4
478,1283046.png,0.9111220060731284,0.29394500597845763,13.18145800178172,0.35986199509352446,0.2568140043877065,15.069857996422797,0,2
479,1283051.png,1.0018929970101453,0.372495996998623,14.691645999846514,0.3727869989234023,0.10466200183145702,16.595961002167314,0,2
480,1283052.png,0.957370997639373,0.2491409977665171,13.227050003479235,0.3804750012932345,0.0685600025462918,14.928357995813712,0,4
481,1290007.png,0.9315429997514002,0.2812689999700524,13.007713998376857,0.36072100192541257,0.06069400114938617,14.680931002658326,0,4
482,1290009.png,1.0540910006966442,0.2941999991890043,12.982168998860288,0.33943000016734004,0.0599490012973547,14.779311000893358,0,2
483,1292003.png,0.8575510000810027,0.2300710038980469,12.849493999965489,0.38964399573160335,0.1108979995478876,14.481885998975486,0,3
484,1292004.png,0.8909099997254089,0.2416179995634593,12.801779994333629,0.31341699650511146,0.05867699655937031,14.35342100012349,0,2
485,1292011.png,0.9311899993917905,0.23111499467631802,13.986338002723642,0.347592998878099,0.12904300092486665,15.66170499427244,0,3
486,1292019.png,0.8859260051394813,0.2411640016362071,13.57293800538173,0.3493490003165789,0.06308600131887943,15.160964001552202,0,10
487,1294008.png,0.9300090023316443,0.2535329986130819,13.939723998191766,0.36583700421033427,0.06255199696170166,15.59970699599944,0,2
488,1294013.png,0.9330890025012195,0.2457590017002076,22.317846000078134,0.790041005529929,0.1236749958479777,24.45995999732986,0,2
489,1294017.png,0.9476390041527338,0.36024500150233507,19.102064994513057,0.3899220027960837,0.06305699935182929,20.911558996886015,0,2
490,1294019.png,1.0033639991888776,0.36197700683260337,13.361022000026423,0.3668209974421188,0.06161799683468416,15.199675995972939,0,1
491,1295010.png,0.9045330007211305,0.2456599977449514,13.165812997613102,0.342565996106714,0.06255900370888412,14.767020002182107,0,3
492,1295011.png,0.8621400047559291,0.2670169997145422,13.659206000738777,0.38120099634397775,0.07019199983915314,15.282123997167218,0,5
493,1296006.png,0.8184050020645373,0.25207599537679926,13.579009995737579,0.37603799864882603,0.06800000119255856,15.13454000087222,0,6
494,1296008.png,0.8746710009290837,0.27220099582336843,13.92436199967051,0.3917900030501187,0.08722900383872911,15.592356001434382,0,6
495,1296009.png,0.9190729979309253,0.30264600354712456,15.063515995279886,0.35892500454792753,0.06411799404304475,16.760218000854366,0,4
496,1296015.png,0.8073850040091202,0.2777939953375608,14.477337994321715,0.3586250022635795,0.0631160000921227,16.028042999096215,0,1
497,1296025.png,0.7929760031402111,0.2500789996702224,13.746453005296644,0.36936200194759294,0.0668640059302561,15.274728000804316,0,6
498,1296027.png,0.8455179995507933,0.24237400066340342,14.107973998761736,0.3637389963841997,0.06784700235584751,15.675385999202263,0,1
499,1296029.png,0.8184839971363544,0.26804500521393493,13.448003002849873,0.34604300162754953,0.06034599937265739,14.991759999247734,0,4
500,1296030.png,0.8024519993341528,0.2458870003465563,13.399358998867683,0.3567429957911372,0.0628060006420128,14.906438998878002,0,10
501,1297013.png,0.8743069993215613,0.3033199973287992,32.80706499936059,0.885415000084322,0.12969299859832972,35.0426389995846,1,5
502,1297032.png,0.7678790061618201,0.35346500226296484,34.42274900589837,0.8417580029345118,0.09693799802334979,36.536911997245625,1,1
503,1298006.png,0.9145930016529746,0.2745589954429306,14.363824004249182,0.40228699799627066,0.0671559973852709,16.06921700295061,0,6
504,1298007.png,0.8964169974206015,0.2686100051505491,23.6408950004261,0.3728910014615394,0.06873800157336518,25.289361001341604,0,6
505,1298016.png,0.91820699890377,0.26749000244308263,13.788470001600217,0.3837890035356395,0.07160100358305499,15.48012899729656,0,2
506,1298029.png,0.9244410030078143,0.25171699962811545,13.658117997692898,0.4066050023538992,0.06423499871743843,15.356946998508647,0,2
507,1298031.png,0.8484499994665384,0.24511599622201174,13.195389998145401,0.3275889976066537,0.05865899584023282,14.711353003804106,0,5
508,1298035.png,0.9369139952468686,0.27976099954685196,13.659935997566208,0.4100379956071265,0.07509299757657573,15.410341999086086,0,3
509,1298050.png,0.9482500026933849,0.30061999859753996,13.921901998401154,0.36910099879605696,0.06449300417443737,15.658548996725585,0,1
510,1301002.png,1.0513700035517104,0.3189470007782802,14.42663199850358,0.39434000063920394,0.06914199911989272,16.325373006111477,0,4
511,1301014.png,0.9198380066663958,0.3178449987899512,14.086940995184705,0.3666909979074262,0.06325099820969626,15.808539996214677,0,1
512,1301016.png,0.8947909955168143,0.27569600206334144,29.339879998588003,0.7277760014403611,0.11415700282668695,31.397172002471052,0,1
513,1302008.png,0.894646997039672,0.35862799995811656,31.799249998584855,0.45444300485542044,0.07459100015694275,33.632200000283774,1,1
514,1302020.png,0.8543939984519966,0.3328559978399426,14.487091997580137,0.36081399593967944,0.06149899854790419,16.141719999723136,0,4
515,1302033.png,0.8978219993878156,0.24004300212254748,13.742058006755542,0.34885299828602,0.06379499973263592,15.355936004198156,0,1
516,1302038.png,0.8476840012008324,0.24780700186965987,13.142440002411604,0.3544690043781884,0.06373999349307269,14.693459001136944,0,4
517,1303009.png,0.8995850002975203,0.2455119974911213,28.409353995812126,0.8512870044796728,0.07505500252591446,30.52804200706305,0,4
518,1303010.png,0.8691419934621081,0.2454049972584471,14.053113998670597,0.37268499727360904,0.07047799590509385,15.652151996619068,0,2
519,1303012.png,0.9453820021008141,0.26587199681671336,13.693445005628746,0.3738899977179244,0.0889670045580715,15.418517003126908,0,4
520,1303013.png,1.066115997673478,0.3805109954555519,14.340484005515464,0.4178969975328073,0.06402200233424082,16.333065999788232,0,8
521,1303019.png,1.0774779948405921,0.2430379972793162,12.56539199675899,0.3108610035269521,0.18547500076238066,14.430360999540426,0,3
522,1303021.png,0.9377300011692569,0.2866260037990287,13.121300995408092,0.3487599969957955,0.0625180036877282,14.793903996178415,0,1
523,1303023.png,0.9656559996074066,0.3341449992149137,13.840419996995479,0.3426829935051501,0.06135799776529893,15.599942998960614,0,2
524,1303029.png,0.8807109988993034,0.38258299900917336,13.69483899907209,0.33542099845362827,0.062323000747710466,15.405024998472072,0,1
525,1303035.png,0.8907509982236661,0.24741800007177517,13.3367289963644,0.3534799980116077,0.06374900112859905,14.930772005754989,0,1
526,1304005.png,0.861660999362357,0.2503770010662265,13.81476600363385,0.36666900268755853,0.06482699973275885,15.408519000629894,0,1
527,1304009.png,0.8339089981745929,0.24650600244058296,13.422880001598969,0.33042200084310025,0.05942900315858424,14.928618002159055,0,1
528,1304010.png,0.8485090002068318,0.2425459970254451,13.615234995086212,0.3762439955607988,0.06251300510484725,15.192594997643027,0,14
529,1304014.png,0.8521060008206405,0.24322899844264612,13.720911993004847,0.3533769995556213,0.06535599823109806,15.281865002179984,0,7
530,1304018.png,0.8833139945636503,0.2679800018086098,14.024814001459163,0.35502899845596403,0.0617219993728213,15.640378005628008,0,2
531,1304025.png,0.8485610014759004,0.24783300614217296,13.82112200371921,0.36315199395176023,0.06656199548160657,15.389035004773177,0,3
532,1304028.png,0.7657149981241673,0.24605599901406094,13.040174999332521,0.3587359969969839,0.06395799573510885,14.519119999022223,0,1
533,1305001.jpg,0.8971920033218339,0.24583499907748774,13.555577999795787,0.36539899883791804,0.06247899727895856,15.164694006671198,0,7
534,1305002.jpg,0.8782160002738237,0.24593299895059317,14.208806998794898,0.36087699845666066,0.06280899833654985,15.799622000486124,0,4
535,1305003.jpg,0.9018040000228211,0.26994000654667616,13.214403996244073,0.3437120030866936,0.05991099897073582,14.843358003417961,0,5
536,1305005.jpg,1.0346310009481385,0.33090799843193963,13.166801996703725,0.3750950054381974,0.06276999920373783,15.016724006272852,0,6
537,1305009.jpg,0.9054330002982169,0.2729699990595691,13.200927998695988,0.3494480042718351,0.05795099423266947,14.828081999439746,0,6
538,1305012.jpg,0.8973289950517938,0.2590279982541688,13.450051003019325,0.34066800435539335,0.05705500370822847,15.051485002913978,0,14
539,1305014.jpg,0.9239020000677556,0.24461800057906657,13.43958500365261,0.3583770012483001,0.06342600681819022,15.072854002937675,0,6
540,1305016.jpg,0.9678759961389005,0.252377001743298,13.112970002111979,0.33373699989169836,0.054889998864382505,14.767640001082327,0,5
541,1307005.png,0.8607850031694397,0.23958900419529527,13.572775002103299,0.38360999315045774,0.06384799780789763,15.15358200413175,0,3
542,1307007.png,0.96518499776721,0.24191899865400046,13.77892900200095,0.3869809952448122,0.06729899905622005,15.487639997445513,0,2
543,1307012.png,0.9139460016740486,0.24318099895026535,13.931121997302398,0.36016599915456027,0.0667770000291057,15.561717002128717,0,2
544,1307018.png,0.9343109995825216,0.29132999770808965,15.036033997603226,0.3714850026881322,0.06637100159423426,16.739738995966036,0,3
545,1307047.png,0.9805660010897554,0.2723659999901429,13.75306800036924,0.3352760031702928,0.06094099808251485,15.451790000952315,0,1
546,1309001.png,0.9071830063476227,0.2610750016174279,13.512058001651894,0.36471999919740483,0.06461899465648457,15.157978996285237,0,3
547,1309005.png,0.8504790021106601,0.29466499836416915,13.600268997834064,0.35969100281363353,0.06315800419542938,15.21569000033196,0,2
548,1309022.png,0.8558010013075545,0.2450419997330755,13.364673999603838,0.35144300636602566,0.06284400296863168,14.92652500019176,0,2
549,1309025.png,0.8504500001436099,0.24398499954259023,12.964345994987525,0.35175499942852184,0.06361000123433769,14.517820003675297,0,1
550,1309033.png,0.9265890039387159,0.2499939946574159,14.171287999488413,0.3700180022860877,0.06711099558742717,15.833243996894453,0,5
551,1309037.png,0.8788019986241125,0.24880799901438877,14.0999750001356,0.31945700175128877,0.05847700231242925,15.654074995836709,0,4
552,1310005.png,0.9830260023591109,0.2289340045535937,12.813485001970548,0.34568699629744515,0.05934599903412163,14.467144996160641,0,13
553,1310014.png,0.8622400055173784,0.25925199588527903,13.859501996194012,0.37311499909264967,0.06754999776603654,15.481672999158036,0,4
554,1310016.png,0.789472003816627,0.26702000468503684,13.513181998860091,0.3540800025803037,0.06195500463945791,15.027401997940615,0,3
555,1310017.png,0.8121030041365884,0.2404589977231808,13.503274996764958,0.3631150029832497,0.06127099914010614,15.02771899686195,0,2
556,1310023.png,0.807780001196079,0.2599869985715486,13.227872994320933,0.3541940022842027,0.07606000144733116,14.7649310019915,0,6
557,1310024.png,0.7946900004753843,0.2491690029273741,13.481540998327546,0.38786899676779285,0.06500100425910205,15.014016003988218,0,1
558,1311009.png,0.824411996291019,0.24800300161587074,13.505625000107102,0.3432320008869283,0.06141799531178549,15.020045000710525,0,1
559,1312022.png,0.9622249999665655,0.24229700647993013,13.130195999110583,0.33771799644455314,0.06511100218631327,14.804555001319386,0,1
560,1312023.png,0.9621630015317351,0.24397599918302149,13.361632998567075,0.38088099972810596,0.06177400064188987,15.048740999191068,0,1
561,1312024.png,1.0370660020271316,0.26797300233738497,13.503014997695573,0.3541149999364279,0.06106100045144558,15.27578900277149,0,1
562,1312027.png,0.9577269956935197,0.3036109992535785,14.406365997274406,0.34188800054835156,0.06832400686107576,16.137907005031593,0,3
563,1312028.png,0.9564430001773871,0.25001099857036024,13.652754001668654,0.3593720030039549,0.06695799675071612,15.335686999605969,0,1
564,1312031.png,0.9817490063142031,0.2176710040657781,13.767021002422553,0.4212810017634183,0.06631900032516569,15.493065002374351,0,1
565,1313011.png,0.9079009978449903,0.25601000379538164,13.550117000704631,0.38439999480033293,0.06401499558705837,15.202902999590151,0,1
566,1313012.png,0.9208970004692674,0.25177199859172106,13.49021699570585,0.523643997439649,0.07900500349933282,15.31376299681142,0,2
567,1313026.png,0.8652629985590465,0.28193899925099686,14.810868000495248,0.46635099715786055,0.07174100028350949,16.53665099729551,0,4
568,1313027.png,0.874044002557639,0.25637700309744105,13.875133998226374,0.37534900184255093,0.07526399713242427,15.496908003115095,0,5
569,1313029.png,0.8735840019653551,0.29437099874485284,13.964657999167684,0.3755450015887618,0.06038699939381331,15.619653000612743,0,3
570,1313030.png,0.8428569999523461,0.25777099654078484,13.854923003236763,0.3748780000023544,0.06488300277851522,15.44519900198793,0,3
571,1313032.png,0.8475120048387907,0.26343799981987104,14.541675998771098,0.383742997655645,0.06918099825270474,16.14380599494325,0,3
572,1313041.png,0.9358320021419786,0.2495380031177774,13.323329003469553,0.370123001630418,0.06767099694116041,14.996432000771165,0,1
573,1313043.png,0.907296001969371,0.26134699874091893,13.990834006108344,0.37361500289989635,0.0679380027577281,15.640757002984174,0,1
574,1313047.png,0.9263160027330741,0.2502749994164333,13.539722996938508,0.8099699989543296,0.08099099795799702,15.650122993974946,0,2
575,1314002.png,1.0000289985327981,0.29078100487822667,14.098255996941589,0.3765620058402419,0.06489099905593321,15.88595099747181,0,3
576,1314003.png,1.0599200031720102,0.2948949986603111,13.655226000992116,0.3696909989230335,0.06472999666584656,15.496911000809632,0,3
577,1314006.png,1.0263430012855679,0.2675770010682754,13.395374997344334,0.4071059956913814,0.07111099694157019,15.217502004816197,0,4
578,1314008.png,1.0145509950234555,0.2574059981270693,13.460236004902981,0.36157799331704155,0.06417300028260797,15.200999994704034,0,1
579,1314014.png,0.9169459954136983,0.2594799952930771,13.18395199632505,0.4076990007888526,0.06982700142543763,14.887578996422235,0,1
580,1314017.png,0.9497139981249347,0.3435990001889877,13.935062001110055,0.5387209967011586,0.0789700061432086,15.896893994067796,0,4
581,1314020.png,0.865128000441473,0.2817799977492541,13.76079300098354,0.35489199945004657,0.06806800229242072,15.394636000564788,0,3
582,1314022.png,1.106267998693511,0.38915599725442007,13.818059000186622,0.3805090018431656,0.06419500277843326,15.822266999748535,0,4
583,1314024.png,0.8900270040612668,0.2462049960740842,13.165237003704533,0.4696930045611225,0.13746599870501086,14.960376000090037,0,16
584,1314027.png,1.0633790006977506,0.37700899702031165,13.499665998097043,0.34593600139487535,0.06278100045165047,15.39448899711715,0,2
585,1314031.png,1.1617160052992404,0.33054199593607336,13.578094003605656,0.7066530015436001,0.09216000034939498,15.924250001262408,0,8
586,1314038.png,0.9498700019321404,0.2679230019566603,12.909411001601256,0.6192290020408109,0.07963000098243356,14.86419400316663,0,1
587,1314043.png,1.1267790032434277,0.27603699709288776,13.441390001389664,0.39850400207797065,0.06626699905609712,15.353661998233292,0,1
588,1314044.png,0.9799889958230779,0.265926995780319,13.17515399568947,0.3391619975445792,0.06012499943608418,14.865511999232695,0,2
589,1314051.png,1.1116049936390482,0.5291260022204369,13.24946199747501,0.3450679942034185,0.06131099507911131,15.34911899943836,0,3
590,1314054.png,0.9376570014865138,0.47940899821696803,14.025212003616616,0.3508560039335862,0.06172100256662816,15.891266004473437,0,6
591,1314057.png,1.0820860043168068,0.31000300077721477,13.408253995294217,0.3608010010793805,0.05917800444876775,15.275402001861949,0,1
592,1315003.png,1.2663870002143085,0.31259600655175745,13.2382689989754,0.3397149994270876,0.05948500620434061,15.273696000804193,0,8
593,1315020.png,1.27011799486354,0.42905200098175555,13.311830000020564,0.34611199953360483,0.060945996665395796,15.494363004108891,0,5
594,1315052.png,1.0949090064968914,0.31582800147589296,13.544907997129485,0.3553469941834919,0.060504004068206996,15.413353998155799,0,2
595,1315054.png,1.2550760002341121,0.42556699918350205,32.063712998933624,0.3246530031901784,0.03532099799485877,34.159281000029296,1,0
596,13160014.png,0.9840069978963584,0.3006389961228706,13.900192003347911,0.4965750049450435,0.06659999780822545,15.803958995093126,0,6
597,13160020.png,1.0230669940938242,0.26993599749403074,13.65594399976544,0.3589170009945519,0.06280799425439909,15.418957998917904,0,4
598,13160024.png,0.979275006102398,0.26784700457938015,13.590684000519104,0.372216003597714,0.06517399742733687,15.314864998799749,0,4
599,13160028.png,0.8173269961844198,0.2582000015536323,13.649118998728227,0.3491989991744049,0.061738006479572505,15.18510499590775,0,1
600,13160030.png,1.1413259999244474,0.3140170010738075,13.623869999719318,0.363499995728489,0.06342699634842575,15.559157996904105,0,8
601,13160037.png,1.0681519997888245,0.290206000499893,13.71452499734005,0.34488299570512027,0.08635699487058446,15.541106004093308,0,5
602,13160038.png,0.9080300005734898,0.24309800210176036,13.283088002935983,0.3219959980924614,0.059759004216175526,14.860226001474075,0,4
603,13160042.png,0.868445000378415,0.2417639989289455,13.426484998490196,0.3471550007816404,0.06174100417410955,14.980123996792827,0,3
604,13160044.png,0.9187860050587915,0.24326599668711424,13.389662002737168,0.35557800583774224,0.059602993133012205,15.01252400339581,0,3
605,13160046.png,0.9676509944256395,0.24214100267272443,12.840383002185263,0.3195239987690002,0.056559001677669585,14.470076006546151,0,7
606,13160048.png,1.1046129948226735,0.3801220009336248,13.308722998772282,0.34477100416552275,0.061001999711152166,15.25863099959679,0,3
607,1317006.png,0.9007439948618412,0.35383600334171206,13.208595999458339,0.36398100201040506,0.06185899837873876,14.94339200144168,0,5
608,1317008.png,0.773847998061683,0.24075200053630397,13.628036998852622,0.38419900374719873,0.05936399975325912,15.129903003980871,0,1
609,1318018.png,0.8418310026172549,0.2611279996926896,14.412833996175323,0.35174500226275995,0.06135399598861113,15.967936997185461,0,4
610,1318025.png,0.8379889986827038,0.23774699366185814,13.368117004574742,0.3236339980503544,0.06060400482965633,14.869099999486934,0,6
611,1319010.png,0.8721560006961226,0.24878399563021958,13.102630997309461,0.348588997439947,0.0666859996272251,14.684539004520047,0,7
612,1319011.png,0.8488189996569417,0.23764099751133472,32.18727799685439,0.427732004027348,0.07466900569852442,33.81464499398135,1,4
613,1319021.png,0.945653002418112,0.6958650046726689,17.02029899752233,0.38761999894632027,0.06843300070613623,19.195415996364318,0,16
614,1319024.png,1.0277210021740757,0.39526999898953363,15.652053996745963,0.4033399964100681,0.07439200271619484,17.612245996133424,0,4
615,1319029.png,0.9272399984183721,0.4436770032043569,15.355331997852772,0.37450699892360717,0.06791500345570967,17.215701001987327,0,1
616,1319031.png,0.9090719977393746,0.2549700002418831,13.998016002005897,0.39910600025905296,0.07363000622717664,15.6770260000485,0,2
617,1320014.png,0.904144995729439,0.2891830008593388,14.728220005054027,0.42956900142598897,0.07748399366391823,16.484531995956786,0,4
618,1320017.png,0.9015699979499914,0.3325060024508275,14.6817189961439,0.3590889973565936,0.063213003159035,16.38774399907561,0,2
619,1320025.png,0.8416749988100491,0.25205700512742624,13.66954599507153,0.35156900412403047,0.06336800288408995,15.219950997561682,0,3
620,1320037.png,0.8995769967441447,0.2584329995443113,13.66158299788367,0.358335004420951,0.06481500167865306,15.289308998035267,0,2
621,1320038.png,0.8879119995981455,0.2510050035198219,13.326361004146747,0.34220000088680536,0.06137800664873794,14.91582299786387,0,7
622,1320041.png,0.8490100008202717,0.26907299616141245,13.151818995538633,0.35781499900622293,0.06541899347212166,14.733757001522463,0,4
623,1320047.png,0.8601959998486564,0.2436520007904619,13.156040004105307,0.3559120013960637,0.06161099736345932,14.722157000505831,0,4
624,1320060.png,0.8373859964194708,0.24057299742707983,13.130922001437284,0.3625530007411726,0.06706199928885326,14.683572000649292,0,1
625,13210003.png,0.9337060037069023,0.26503499975660816,13.989086000947282,0.3855030008708127,0.06524300260934979,15.691419001086615,0,5
626,13210005.png,0.8698480014572851,0.2496800007065758,14.125781999609899,0.3569830005289987,0.06485600169980898,15.70830599666806,0,10
627,13210008.png,0.8987339970190078,0.2941630009445362,13.503952999599278,0.3502649997244589,0.06471300002885982,15.162971001700498,0,17
628,13210009.png,0.8430719972238876,0.2695220027817413,13.15480399352964,0.368420995073393,0.06152400601422414,14.736545999767259,0,6
629,13210018.png,1.0029390032286756,0.30000600236235186,13.716706998820882,0.35131199547322467,0.06518099689856172,15.490663005039096,0,2
630,13210021.png,0.8933729986893013,0.2918980026151985,13.60406100138789,0.3894260007655248,0.06800599658163264,15.300179002224468,0,3
631,13210030.png,0.8844020048854873,0.2658160010469146,13.92223500442924,0.3475030025583692,0.06321699765976518,15.533798999967985,0,5
632,13210033.png,0.8968839974841103,0.2642459949129261,13.63743499678094,0.362576000043191,0.06479200237663463,15.276899001037236,0,1
633,13210035.png,0.9357490052934736,0.304394998238422,13.699190996703692,0.3808539986493997,0.06915900303283706,15.445047996763606,0,1
634,13210039.png,0.9560549951856956,0.35561099502956495,15.198283996141981,0.4321710002841428,0.07007499516475946,17.069531000743154,0,1
635,13210056.png,0.9755779974511825,0.3113569982815534,13.94515700667398,0.36206000368110836,0.06424399907700717,15.70888500282308,0,3
636,1322021.png,0.9201619977829978,0.26204199821222574,13.742447001277469,0.3614390006987378,0.0638330020592548,15.403799996420275,0,2
637,1322027.png,0.9313059999840334,0.2563800007919781,14.943568996386603,0.3801240018219687,0.0665319967083633,16.626477001409512,0,3
638,1322031.png,0.9067670034710318,0.267210001766216,13.662242999998853,0.3525120046106167,0.0610999995842576,15.308052999898791,0,3
639,1322044.png,0.9814119985094294,0.2603660032036714,13.775971994618885,0.39443700370611623,0.06813700019847602,15.52328999969177,0,1
640,1325004.png,0.9636709946789779,0.2987039988511242,14.038007000635844,0.35834000300383195,0.06285499694058672,15.772894999827258,0,1
641,1325025.png,0.931593996938318,0.2560419961810112,14.11202699819114,0.3688569995574653,0.06431600195355713,15.783520000695717,0,2
642,1325030.png,0.9511129974271171,0.25846399512374774,13.136182002199348,0.36137700226390734,0.0638229976175353,14.823372999671847,0,1
643,1325032.png,0.8802559968899004,0.2420450036879629,12.977231002878398,0.3416170002310537,0.06327200389932841,14.541456002916675,0,3
644,1325034.png,0.9185730013996363,0.24289799330290407,13.14461299625691,0.3426390030654147,0.06525200296891853,14.759138000954408,0,7
645,1325037.png,0.9439610003028065,0.24511399533366784,13.864061002095696,0.3852360023302026,0.06750399916199967,15.55706700310111,0,5
646,1325044.png,0.9487850038567558,0.2517039974918589,13.557487000070978,0.36982400342822075,0.06601899804081768,15.242631001456175,0,3
647,1325050.png,0.9148500030278228,0.24589199892943725,14.896058004524093,0.39549299981445074,0.07360400195466354,16.567252998356707,0,6
648,1325051.png,0.9917110000969842,0.3144189977319911,15.296664001652971,0.3630680002970621,0.06735399801982567,17.091381996579003,0,1
649,1329013.png,0.8324959999299608,0.25400499725947157,13.968689003377222,0.39045599987730384,0.06563100032508373,15.551933000097051,0,3
650,1329020.png,0.8175609982572496,0.25501399795757607,14.292872001533397,0.37073199928272516,0.06806800229242072,15.843408000364434,0,1
651,1329021.png,0.8473859998048283,0.27106299967272207,14.270293999288697,0.40743299905443564,0.06473000394180417,15.911110000160988,0,2
652,1329051.png,0.7413700004690327,0.2456820002407767,14.47780399757903,0.3657870038296096,0.07108000136213377,15.950707995216362,0,2
653,1329052.png,0.786662996688392,0.27471100474940613,14.04041000205325,0.3857750052702613,0.06586500239791349,15.598277997924015,0,1
654,1330010.png,0.9484480033279397,0.2588400020613335,13.779084001726005,0.461796997115016,0.07167999865487218,15.575215002172627,0,1
655,1330016.png,0.8554669984732755,0.23293100093724206,13.726315002713818,0.3529339956003241,0.0627350018476136,15.26815600664122,0,1
656,1330027.png,0.9844189989962615,0.24882300203898922,13.674128000275232,0.35250899964012206,0.0634199968772009,15.371432004030794,0,1
657,1330031.png,0.9088259976124391,0.24823200510581955,14.423786997213028,0.3580900011002086,0.06802599818911403,16.047431003244128,0,2
658,1330034.png,0.9040410004672594,0.29845599783584476,14.557292000972666,0.36651799746323377,0.06679500074824318,16.23430000472581,0,1
659,1330037.png,0.9732280013849959,0.26367900136392564,14.546085003530607,0.4068929993081838,0.06695699994452298,16.309814003761858,0,2
660,1330040.png,0.9471800003666431,0.2524659939808771,14.759746001800522,0.38103899714769796,0.06814600055804476,16.44817199849058,0,3
661,1330047.png,0.9933479959727265,0.26608000189298764,13.563104999775533,0.3708220028784126,0.06368900358211249,15.306510002119467,0,1
662,1331006.png,0.9208549963659607,0.25338900013593957,13.56582400330808,0.4144830018049106,0.0767170058679767,15.281284002412576,0,4
663,1331012.png,1.0563000032561831,0.3174399971612729,15.217851003399119,0.4000810004072264,0.07196000660769641,17.114637994382065,0,2
664,1331014.png,0.9920430020429194,0.26521499967202544,14.703726999869104,0.38431100256275386,0.06780200055800378,16.46869900287129,0,7
665,1331015.png,0.9984899952542037,0.29533999622799456,15.072020003572106,0.3660789952846244,0.06673399911960587,16.85050700325519,0,4
666,1331025.png,0.9810589981498197,0.30166900251060724,15.464149000763427,0.3807660032180138,0.06567600212292746,17.243169000721537,0,1
667,1331027.png,0.962858997809235,0.26456500199856237,13.241063999885228,0.3572069981601089,0.06297299842117354,14.93967100395821,0,2
668,1331032.png,0.8573009981773794,0.3945889984606765,13.013256997510325,0.36027299938723445,0.06479099829448387,14.730016002431512,0,2
669,1331043.png,0.8677389996591955,0.26959800015902147,14.050984995265026,0.3624809978646226,0.06205500540090725,15.656761999707669,0,5
670,1331044.png,0.9058130017365329,0.2593690005596727,14.119498002401087,0.35436100006336346,0.06715900235576555,15.756697997858282,0,6
671,1332002.png,0.9136589942499995,0.2710999979171902,13.911720998294186,0.35474800097290426,0.061720995290670544,15.565255002002232,0,1
672,1332005.png,0.8774870002525859,0.2476250010658987,13.101589000143576,0.3584769947337918,0.06250300066312775,14.696653001010418,0,2
673,1332006.png,0.8896809958969243,0.23908399452921003,13.611818001663778,0.3270050001447089,0.05864899867447093,15.172334002272692,0,2
674,1332010.png,0.8842669994919561,0.24053699598880485,13.550643998314627,0.3528710003593005,0.061668004491366446,15.138679998926818,0,4
675,1332014.png,0.8801610019872896,0.24127699725795537,12.764699997205753,0.2654230047482997,0.027141002647113055,14.218964999599848,0,0
676,1332020.png,0.8511449996149167,0.2532840007916093,13.394708999840077,0.39648800157010555,0.0645079999230802,14.999230996181723,0,1
677,1332035.png,0.9191210046992637,0.2507269964553416,14.489245004369877,0.39821399695938453,0.06690900045214221,16.175365999515634,0,2
678,1332039.png,0.8826810008031316,0.2760179995675571,13.906307001889218,0.38564599526580423,0.06347000453388318,15.558952996798325,0,2
679,1332042.png,0.8561380018363707,0.2342020015930757,13.439221002045088,0.3510629976517521,0.0649840003461577,14.9874449998606,0,4
680,1333007.png,0.9516009959043004,0.25210200692526996,13.578489000792615,0.36022899439558387,0.06515100540127605,15.255449994583614,0,2
681,1333024.png,0.9543690030113794,0.24295199546031654,13.699924005777575,0.3699189983308315,0.06798400136176497,15.37302699580323,0,6
682,1333037.png,1.0377530052210204,0.2630439994391054,13.71884900436271,0.3524819985614158,0.06208200647961348,15.483472001506016,0,1
683,1333044.png,1.0101110019604675,0.284909998299554,14.102788998570759,0.41302300087409094,0.07703599840169773,15.93871699878946,0,8
684,1335002.png,0.9079270021175034,0.2499510010238737,13.312977003806736,0.33780899684643373,0.05903100100113079,14.915885003574658,0,6
685,1335016.png,0.8577900007367134,0.2438689989503473,13.113803004671354,0.34172800224041566,0.06233200110727921,14.664998998341616,0,14
686,1335018.png,0.8656350037199445,0.2542039947002195,13.544384004489984,0.3710980017785914,0.06901500455569476,15.155162000155542,0,1
687,1335020.png,0.8706680018804036,0.2418080039205961,13.37632200011285,0.3711660028784536,0.06259899964788929,14.963542998884805,0,3
688,1340006.png,1.0034449951490387,0.25010399986058474,13.835297999321483,0.3451390002737753,0.11234799603698775,15.585649001877755,0,1
689,1340021.png,0.971399997069966,0.352446993929334,13.060778997896705,0.33973999961744994,0.06594500155188143,14.839012997981627,0,1
690,1358001.png,0.9421900031156838,0.25585600087651983,13.342882004508283,0.35090999881504104,0.06471500091720372,14.995100005762652,0,32
691,1358012.png,1.0607190051814541,0.2598389983177185,13.773619000858162,0.3588330000638962,0.06463500176323578,15.590294999128673,0,5
692,1358013.png,1.0612109981593676,0.24309199943672866,14.23948800220387,0.38768699596403167,0.0748490056139417,16.053883999120444,0,1
693,1363003.png,0.8750019987928681,0.2608799986774102,13.567043999501038,0.34762600262183696,0.06229500286281109,15.152764004596975,0,3
694,1363005.png,1.0368710063630715,0.2495320004527457,14.036357999430038,0.5917029993725009,0.07261899736477062,16.030468003009446,0,18
695,1363017.png,0.9409720005351119,0.2542549991630949,13.62663799955044,0.36989899672335014,0.06779799878131598,15.304705004382413,0,7
696,1363018.png,0.8335009988513775,0.26884600083576515,13.978111004689708,0.37696400249842554,0.06301900430116802,15.559305000351742,0,1
697,1363025.png,0.8898219966795295,0.26002800586866215,13.779585002339445,0.4010009943158366,0.06518000009236857,15.43404699623352,0,7
698,1363035.png,1.0216800001217052,0.2531389982323162,13.553397999203298,0.3902119933627546,0.06459100404754281,15.332590002799407,0,2
699,1367007.png,0.831837001896929,0.25353400269523263,13.407506994553842,0.3479739971226081,0.0627430054009892,14.950270000554156,0,17
700,1367024.png,0.8842460010782816,0.2452689950587228,13.420231000054628,0.3416679974179715,0.06019700231263414,15.00057600060245,0,2
701,1379038.png,0.8808479979052208,0.3708459989866242,13.568700000178069,0.344312000379432,0.06253100582398474,15.26469099917449,0,5
702,1395002.png,1.0008829995058477,0.27652699645841494,13.96685100189643,0.3645229953690432,0.06279200169956312,15.71630800026469,0,4
703,1395005.png,0.9836760000325739,0.26180699933320284,14.211470996087883,0.3851240035146475,0.06962600309634581,15.957153998897411,0,10
704,1395008.png,0.9974749991670251,0.2532519938540645,13.695566995011177,0.41015999886440113,0.07731699588475749,15.483331997529604,0,4
705,1395009.png,1.01597100001527,0.32978800300043076,13.32575499691302,0.3485369961708784,0.06189099804032594,15.131301996007096,0,3
706,1395011.png,0.8614020043751225,0.23884300026111305,12.94610900367843,0.32709899824112654,0.06245200347620994,14.473183997324668,0,6
707,1395012.png,0.8814930042717606,0.26226499903714284,13.368307998462114,0.34826999763026834,0.06061800377210602,14.965955997467972,0,5
708,1395013.png,0.8668250011396594,0.23927800066303462,14.236879993404727,0.3663669995148666,0.06548300007125363,15.8135140009108,0,3
709,1395020.png,0.9043550016940571,0.24608400417491794,13.579539998318069,0.3424949973123148,0.06064099579816684,15.182702001766302,0,12
710,1399017.png,0.9035689945449121,0.2222280018031597,12.985866000235546,0.3390649944776669,0.06162100180517882,14.547675003996119,0,11
711,1399019.png,1.0054360027424991,0.27134599804412574,13.38759200007189,0.37537400203291327,0.06317599763860926,15.148779006267432,0,8
712,1399020.png,0.9165060037048534,0.24950499937403947,13.95685600436991,0.4226929959258996,0.06905099871801212,15.65618899621768,0,13
713,1399021.png,0.8956559977377765,0.3076979992329143,18.685272996663116,0.7684849988436326,0.11643000470940024,20.83084100013366,0,4
714,1399022.png,0.9140430047409609,0.34294999932171777,33.834403002401814,0.7441929992637597,0.11387300037313253,36.00231900054496,1,7
715,1424005.png,0.9257989950128831,0.36988099600421265,19.13303299807012,0.37600799987558275,0.06789100007154047,20.92310800071573,0,23
716,1424012.png,0.9626929968362674,0.32376099989051,13.76503500068793,0.3651950028142892,0.06419400597224012,15.531996999925468,0,6
717,1424017.png,0.9246420013369061,0.25070599804166704,13.691378997464199,0.36802899558097124,0.06368699541781098,15.34536400140496,0,7
718,1424018.png,0.933495000936091,0.26142000569961965,13.469082994561177,0.3596680035116151,0.06385100277839229,15.134588997170795,0,18
719,1424035.png,0.9122620031121187,0.254242004302796,13.733435996982735,0.37553600122919306,0.08859299850882962,15.41206700494513,0,8
720,1424037.png,0.9178430045722052,0.3413259983062744,14.254822999646422,0.3624300006777048,0.0710259992047213,16.004473000066355,0,17
721,1427008.png,0.7690339989494532,0.2441320029902272,14.360448003571946,0.46170300629455596,0.07704799645580351,15.953278001688886,0,4
722,1427011.png,0.968268999713473,0.2665720021468587,13.841824998962693,0.31671099714003503,0.059281999710947275,15.498045999265742,0,13
723,1429004.png,0.94457900559064,0.2627459980431013,13.35235599981388,0.3851149958791211,0.06367699825204909,15.053372000693344,0,3
724,1429015.png,0.9172840000246651,0.256803999945987,13.61005799844861,0.3449060022830963,0.06335799844237044,15.233890997478738,0,7
725,1429023.png,0.9592249989509583,0.2537569962441921,14.22225299756974,0.4023309957119636,0.07703599840169773,15.963865000230726,0,1
726,1429025.png,0.9854480013018474,0.300149004033301,13.854138996975962,0.3554959985194728,0.06458500138251111,15.617493001627736,0,12
727,1431002.png,0.9615779999876395,0.24948499776655808,13.062464000540785,0.4058109989273362,0.06616800237679854,14.796278999710921,0,4
728,1431007.png,0.8689550013514236,0.261642002442386,13.352710993785877,0.3675030020531267,0.06482699973275885,14.957252999010962,0,5
729,1431009.png,0.8752590001677163,0.29468099819496274,13.173033003113233,0.3779990001930855,0.06355700315907598,14.834196997981053,0,34
730,1431014.png,0.759244998334907,0.248384996666573,13.246071001049131,0.3607699982239865,0.06472800305346027,14.718329002789687,0,1
731,1431021.png,0.9145309959421866,0.3237979981349781,13.869469999917783,0.3622510048444383,0.07038399780867621,15.592237999953795,0,7
732,1433001.png,0.95106300432235,0.2796359985950403,13.570889001130126,0.3921169991372153,0.0688379950588569,15.311909999581985,0,2
733,1433012.png,0.9814770019147545,0.398725998820737,14.394101002835669,0.3620470015448518,0.06362600106513128,16.27717299561482,0,10
734,1433016.png,0.8277170054498129,0.27320600202074274,12.966499998583458,0.41135799983749166,0.06867499905638397,14.590927996323444,0,4
735,2109015.png,0.7820920000085607,0.27150400273967534,13.07875999918906,0.35501099773682654,0.07256699609570205,14.6072869974887,0,3
736,2109020.png,0.9364560028188862,0.31467300141230226,12.992411997402087,0.3490009985398501,0.06318200030364096,14.708771006553434,0,11
737,2110004.png,1.03087200113805,0.2906180015997961,13.22707999497652,0.3488869988359511,0.06224100070539862,15.009337999799754,0,3
738,2110006.png,0.8839339934638701,0.4546839991235174,14.000882001710124,0.3546189982444048,0.06295800267253071,15.806205999979284,0,2
739,2110007.png,1.14213400229346,0.7116349952411838,13.442247996863443,0.34647100255824625,0.06293800106504932,15.769166995596606,0,9
740,2110012.png,0.9820870036492124,0.4108279972570017,14.033084997208789,0.3602799988584593,0.07665700104553252,15.915412004687823,0,2
741,3000005.png,0.9206449976773001,0.3955020001740195,14.064276998396963,0.3516590004437603,0.06140700133983046,15.926869004033506,0,15
742,3000011.png,0.9237120029865764,0.4057589976582676,13.39905199711211,0.347217996022664,0.061599996115546674,15.190443002211396,0,23
743,3000021.png,1.058403002389241,0.36245700175641105,13.321987993549556,0.33525800245115533,0.058282006648369133,15.182745999481995,0,1
744,3000023.png,1.0298069973941892,0.23960500402608886,13.063487996987533,0.3508480003802106,0.06275399937294424,14.805955994233955,0,4
745,3000032.png,0.955391995375976,0.2554460006649606,14.961110005970113,0.40068000089377165,0.06991400005063042,16.692817996954545,0,1
746,3000046.png,1.0404489948996343,0.33213799906661734,15.717713999038097,0.42881899571511894,0.07620199903612956,17.649995999818202,0,2
747,3000058.png,1.1948210012633353,0.4020470005343668,15.510550001636147,0.4059919956489466,0.07488299888791516,17.660715006059036,0,11
748,3000062.png,1.0556589986663312,0.2801220034598373,14.70531799714081,0.37041000177850947,0.07260799611685798,16.538168005354237,0,14
749,3000066.png,1.0171969988732599,0.2725490048760548,14.502644000458531,0.3811369970208034,0.0697779978509061,16.294009998091497,0,11
750,3000080.png,0.9699899965198711,0.24876899988157675,13.50757999898633,0.36898199323331937,0.06726599531248212,15.20639999944251,0,1
751,3000083.png,0.9851569993770681,0.24275399482576177,13.656272996740881,0.3391759964870289,0.08642800094094127,15.348612003435846,0,1
752,3000089.png,1.052222003636416,0.2832369937095791,13.907565997214988,0.354671006789431,0.0631889997748658,15.700632000516634,0,5
753,3000108.png,1.0516490001464263,0.2473379936418496,14.031275997695047,0.3838869961327873,0.06544699863297865,15.827356000954751,0,5
754,3000109.png,0.9783509958651848,0.33891599741764367,13.36100600019563,0.3737239967449568,0.06807900354033336,15.177373003098182,0,2
755,3000113.png,0.9502679968136363,0.2522329959901981,13.225747999968007,0.41752299875952303,0.06827800098108128,14.96378799492959,0,8
756,3000120.png,0.9122459960053675,0.24284700339194387,13.168934005079791,0.39044000004651025,0.06733500049449503,14.82898499671137,0,1
757,3000121.png,0.9343659985461272,0.26605199673213065,13.630950001243036,0.4334539989940822,0.07253199873957783,15.393070003483444,0,4
758,3000124.png,0.9252789968741126,0.2483709977241233,13.768133998382837,0.3550080000422895,0.06818400288466364,15.404540994495619,0,9
759,3000129.png,0.9223749948432669,0.2511080019758083,13.70411399693694,0.3616359972511418,0.06093200499890372,15.346174994192552,0,15
760,3000130.png,0.8930830008466728,0.27768799918703735,13.309401998412795,0.36737499613082036,0.06311699689831585,14.951211996958591,0,12
761,3000131.png,0.9031959998537786,0.24863999715307727,13.22475599590689,0.3906760030076839,0.09741699614096433,14.93202300480334,0,15
762,3000133.png,0.844845999381505,0.2764449964161031,13.286142995639239,0.3546439984347671,0.06682700040983036,14.865226999972947,0,11
763,3000134.png,0.9603069993318059,0.46316600491991267,14.363751004566438,0.39297699549933895,0.0666779960738495,16.40312199742766,0,7
764,3000140.png,1.348839003185276,0.5405449992395006,15.325267006119248,0.405463004426565,0.07789800292812288,17.782843999157194,0,26
765,3000145.png,1.0114559991052374,0.3250980007578619,15.484844996535685,0.5248249944997951,0.10612099868012592,17.511846002889797,0,24
766,3000147.png,0.992670000414364,0.3223980020266026,16.421922999143135,0.45005699939792976,0.07492699660360813,18.319176000659354,0,17
767,3000148.png,0.7836270015104674,0.296270998660475,14.848867002001498,0.3928929945686832,0.06426400068448856,16.43719000276178,0,11
768,3000149.png,0.774271997215692,0.2597989951027557,13.886160995753016,0.40656000055605546,0.06812199717387557,15.438051996170543,0,31
769,3000151.png,0.8041120017878711,0.30283399973995984,14.312551000330132,0.38492300518555567,0.06631400174228474,15.9142359989346,0,20
770,3000152.png,0.7452389982063323,0.24398299865424633,13.811848002660554,0.3584629957913421,0.0667790009174496,15.269044000888243,0,22
771,3000156.png,0.9182770008919761,0.24863100406946614,13.493652004399337,0.3728669980773702,0.06178799958433956,15.142742995521985,0,14
772,3000183.png,0.8711690024938434,0.2487460005795583,13.268091999634635,0.4174780042376369,0.06383499567164108,14.906307005730923,0,10
773,3000186.png,0.9062360040843487,0.24661999486852437,13.648872998601291,0.34228299773531035,0.061040002037771046,15.248379997501615,0,7
774,3000190.png,0.8864539995556697,0.27746099658543244,12.95006799773546,0.42151100205956027,0.06256800406845286,14.63715099816909,0,16
775,3000194.png,0.9343909987364896,0.24594100250396878,13.511059994925745,0.41696200059959665,0.07507299596909434,15.230782999424264,0,7
776,3000197.png,0.9959359958884306,0.34093399881385267,14.4259310036432,0.3587059982237406,0.13586300337919965,16.313252002873924,0,26
777,3000204.png,0.9793539938982576,0.2768099948298186,14.625294003053568,0.42321899672970176,0.07566300337202847,16.41968900366919,0,8
778,3000212.png,1.03602500166744,0.2912740019382909,14.416889003769029,0.3431649965932593,0.061968996305949986,16.202937993512023,0,6
779,3000246.png,0.940708996495232,0.23969999892869964,14.054802995815407,0.35394500446273014,0.06257700442802161,15.700442003435455,0,5
780,3002009.png,0.8958739999798127,0.257913998211734,13.737255001615267,0.3549069951986894,0.06315200153039768,15.358046999608632,0,14
781,3002017.png,0.7595700008096173,0.2421140015940182,13.416572001005989,0.39377099892590195,0.06678099452983588,14.924416995199863,0,18
782,3002022.png,0.7481110005755909,0.24406099691987038,13.331395995919593,0.3495989949442446,0.0634159951005131,14.777084994420875,0,28
783,3002026.png,0.9499010047875345,0.24746399867581204,13.855188997695222,0.3783739957725629,0.0625850007054396,15.539653999439906,0,21
784,3002029.png,0.879723003890831,0.2480729963281192,14.069101998757105,0.32366700179409236,0.03587600076571107,15.609280002536252,0,0
785,3002033.png,1.0136299970326945,0.3135130027658306,14.256183996621985,0.36124599864706397,0.06487299833679572,16.058029999840073,0,3
786,3002034.png,0.8943700013333,0.26111600163858384,13.927546999184415,0.34916399454232305,0.06255000334931538,15.538318999460898,0,9
787,3002036.png,0.8932669952628203,0.2547290059737861,13.608346002001781,0.36589199589798227,0.06918799772392958,15.234860002237838,0,14
788,3002039.png,0.8854199986672029,0.2450519968988374,13.57753200136358,0.36019599792780355,0.06541699985973537,15.17286300077103,0,19
789,3002056.png,0.9694300024420954,0.24447699979646131,13.754566003626678,0.34985099773621187,0.06409200432244688,15.429817001859192,0,5
790,3002057.png,0.9483920002821833,0.2706079976633191,13.92466699326178,0.3550429973984137,0.0645239997538738,15.609364003466908,0,7
791,3002059.png,0.868719995196443,0.24654300068505108,13.411621002887841,0.3494199991109781,0.06238099740585312,14.983642002334818,0,11
792,3002062.png,0.8161540026776493,0.24632299755467102,12.758559998474084,0.34045299980789423,0.061094004195183516,14.269348997913767,0,11
793,3002064.png,0.9321140023530461,0.24834900250425562,13.044639999861829,0.39874100184533745,0.07094700413290411,14.738978999957908,0,8
794,3002075.png,0.9272219976992346,0.3675519983517006,16.862616001162678,0.393383001210168,0.07124900002963841,18.66836100089131,0,15
795,3002080.png,0.9797419988899492,0.322154002788011,15.723389995400794,0.4046579997520894,0.07557899516541511,17.560429994773585,0,9
796,3002087.png,1.0563390023889951,0.3503960033413023,15.264558998751454,0.36338499921839684,0.06870999641250819,17.162762997031678,0,7
797,3002094.png,0.9636199974920601,0.2958719996968284,14.05999100097688,0.37162500666454434,0.07041999924695119,15.817767998669297,0,6
798,3002096.png,0.9591139969415963,0.2606289999675937,21.701315003156196,0.7874509974499233,0.12016900291200727,23.88289100053953,0,14
799,3002106.png,0.9299329976784065,0.3430380020290613,34.607442998094484,0.763865995395463,0.11859899677801877,36.81518499797676,1,16
800,3002108.png,0.8844759940984659,0.3362159986863844,28.5719150051591,0.419569005316589,0.07371199899353087,30.33485599735286,0,10
801,3002109.png,1.0056940009235404,0.46116999874357134,20.612150001397822,0.5135009996592999,0.08004499977687374,22.748175004380755,0,7
802,3002110.png,1.0667309979908168,0.27269199927104637,19.86860499891918,0.3634390013758093,0.0661349986330606,21.68932700442383,0,13
803,3002112.png,0.9296159987570718,0.2730150008574128,15.548520001175348,0.3835319948848337,0.07106100383680314,17.25833299860824,0,4
804,3002119.png,0.8764269950916059,0.27343500551069155,13.721542003622744,0.37653899926226586,0.06691199814667925,15.37088600161951,0,4
805,3002131.png,0.9734470004332252,0.2559569984441623,17.11227499617962,0.7390899991150945,0.11862099927384406,19.243016999098472,0,2
806,3002137.png,0.9224199966411106,0.34036400029435754,34.59738800302148,0.76854600047227,0.12580900511238724,36.80625800188864,1,9
807,3002148.png,0.8333430014317855,0.34349099587416276,30.511035001836717,0.34002000029431656,0.06439500430133194,32.14167199621443,0,3
808,3002152.png,0.8027560033951886,0.2610279989312403,13.447632001771126,0.36395400093169883,0.06295299681369215,14.977359998738393,0,12
809,3002154.png,0.8132599978125654,0.24670799757586792,13.288335998367984,0.3650459984783083,0.06391100032487884,14.816846000030637,0,7
810,3002155.png,0.8426489948760718,0.2470399995218031,13.651148998178542,0.5017849980504252,0.0724280034773983,15.370325003459584,0,16
811,3002161.png,0.9815490047913045,0.2932600036729127,14.187429995217826,0.3636449982877821,0.08567400072934106,15.967376995831728,0,6
812,3002170.png,0.8866949938237667,0.2619560036691837,13.903728999139275,0.4441499986569397,0.11704699863912538,15.658939999411814,0,2
813,3002191.png,1.0263549993396737,0.31903699709801003,14.728152003954165,0.3901250020135194,0.06917300197528675,16.57785700081149,0,7
814,3002197.png,0.9836259996518493,0.31779699929757044,14.1085249997559,0.3570670014596544,0.06654499884461984,15.88576100039063,0,30
815,3002203.png,0.9997879969887435,0.2760739953373559,13.701900003070477,0.3534179995767772,0.07244399603223428,15.452487001311965,0,21
816,3002204.png,0.9631779976189137,0.24824399588396773,13.56125800521113,0.3512519979267381,0.06362400017678738,15.234038000926375,0,8
817,3002213.png,0.9503479959676042,0.24438299442408606,13.678235001862049,0.35632999788504094,0.06341900007100776,15.335475000028964,0,3
818,3002228.png,0.9109389939112589,0.24388400197494775,14.213678005035035,0.35885499528376386,0.06556200241902843,15.839920997677837,0,4
819,3002230.png,0.873668999702204,0.2530569981900044,13.517175997549202,0.4003189969807863,0.06772799679310992,15.163396994466893,0,40
820,3002232.png,0.8207279970520176,0.24309600121341646,13.798947002214845,0.3960820031352341,0.06829899939475581,15.367429004982114,0,3
821,3002238.png,0.8785989994066767,0.2528930053813383,13.659832999110222,0.3598409966798499,0.06676599878119305,15.26749599725008,0,24
822,3002243.png,0.847048002469819,0.24691099679330364,13.310221998835914,0.37302100099623203,0.06595699960598722,14.887753997754771,0,24
823,3002244.png,0.8076999947661534,0.23842399968998507,13.93811400339473,0.47264999739127234,0.08828999852994457,15.583178006636444,0,38
824,3003005.png,1.0316360057913698,0.3649080026661977,14.235021000786219,0.35689100332092494,0.09043099998962134,16.145201996550895,0,4
825,3003010.png,0.8726360028958879,0.23286600480787456,13.03558899962809,0.2971159992739558,0.0589400005992502,14.53718300035689,0,9
826,3003013.png,0.9898150019580498,0.38044499524403363,13.50781400105916,0.3325119978399016,0.06285199924604967,15.322694001952186,0,11
827,3003016.png,1.0529539940762334,0.31361499713966623,13.167732002330013,0.32846299291122705,0.05811000301036984,14.97214799746871,0,8
828,3003018.png,0.7675989982089959,0.22415800049202517,13.768759003141895,0.3878310017171316,0.0630510039627552,15.2511729975231,0,2
829,3003029.png,0.8217069989768788,0.38306899659801275,12.904810995678417,0.33160699967993423,0.05875399801880121,14.539387993863784,0,3
830,3003033.png,0.8057029990595765,0.23618699924554676,17.73560199944768,0.42442999983904883,0.07308400381589308,19.319226004881784,0,17
831,3003036.png,0.8468300002277829,0.3592060020309873,14.707426002132706,0.3197859987267293,0.03659300273284316,16.313994005031418,0,0
832,3003047.png,0.9977619993151166,0.34326400054851547,15.482955997867975,0.38366700027836487,0.06892099918331951,17.335926000669133,0,3
833,3003048.png,0.9899569995468482,0.29345900111366063,15.12971099873539,0.43466399802127853,0.07632499909959733,16.977400999167003,0,4
834,3003049.png,1.008110004477203,0.3524530038703233,17.32144400011748,0.3704659975483082,0.06712899630656466,19.17115099786315,0,7
835,3003069.png,1.0140829981537536,0.24941700394265354,13.889945003029425,0.34878299629781395,0.061883998569101095,15.605065993440803,0,3
836,3003078.png,0.8738260003156029,0.24823999410727993,13.501661000191234,0.3464330002316274,0.06311300239758566,15.072911999595817,0,3
837,3003083.png,0.8379229984711856,0.26414899912197143,13.261651998618618,0.3535899959388189,0.06417899567168206,14.82164699700661,0,27
838,3003094.png,0.923016996239312,0.25412600371055305,14.299827998911496,0.3582920035114512,0.06445599865401164,15.950768000038806,0,7
839,3003105.png,0.8566169999539852,0.2535500025260262,14.048425997316372,0.42133600072702393,0.06463599856942892,15.696488000685349,0,2
840,3003106.png,0.8632000026409514,0.3470450028544292,14.002479001646861,0.3860159995383583,0.06402799772331491,15.708574006566778,0,10
841,3003121.png,0.8707779998076148,0.24451899662381038,14.36798299982911,0.36274699959903955,0.06433600356103852,15.958871001203079,0,2
842,3003125.png,0.9209249983541667,0.27729300200007856,13.935399998445064,0.37142099608900025,0.0694839982315898,15.628711000317708,0,3
843,3003139.png,0.8489760002703406,0.25413399998797104,13.938983000116423,0.37239299854263663,0.06311299512162805,15.515102997596841,0,3
844,3003152.png,0.9682489981059916,0.26767899544211105,14.014471998962108,0.35769199894275516,0.06428800406865776,15.722737000032794,0,3
845,3003160.png,0.9314210037700832,0.25304200244136155,13.154194995877333,0.35375099832890555,0.05977000546408817,14.792638998187613,0,4
846,3003164.png,0.8642209941172041,0.23897099890746176,13.71699199808063,0.5431360041256994,0.07621799886692315,15.48966599511914,0,3
847,3003166.png,0.9283469989895821,0.23801499628461897,13.266326001030393,0.3824259983957745,0.06476500129792839,14.922560003469698,0,1
848,3003168.png,0.8716299998923205,0.25291000201832503,13.674585003172979,0.3486319983494468,0.06332299381028861,15.250427000864875,0,4
